Workbook

Sheet Trường hợp kiểm thử
C4: TEST CASE SYSTEM SPRINT 2
C6: Tên dự án | D6: XÂY DỰNG HỆ THỐNG DISHNET - NỀN TẢNG MẠNG XÃ HỘI KINH DOANH ẨM THỰC
C7: STT | D7: Chức năng | E7: Sheet Name | F7: Số Testcase
C8: 1 | D8: Quản lý yêu cầu hỗ trợ | E8: Quản lý yêu cầu hỗ trợ | F8: ='Quản lý yêu cầu hỗ trợ'!F6 -> 62
C9: 2 | D9: Quản lý báo cáo/ khiếu nại | E9: Quản lý báo cáo/ khiếu nại | F9: ='Quản lý báo cáo khiếu nại'!F6 -> 71
C10: 3 | D10: Tổng quan cửa hàng | E10: Tổng quan cửa hàng | F10: ='Tổng quan cửa hàng'!F6 -> 75
C11: 4 | D11: Quản lý doanh thu cửa hàng | E11: Quản lý doanh thu cửa hàng | F11: ='Quản lý doanh thu cửa hàng'!F6 -> 69
C12: 5 | D12: Quản lý menu cửa hàng | E12: Quản lý menu cửa hàng | F12: ='Quản lý menu cửa hàng'!F6 -> 91
C13: 6 | D13: Quản lý đơn hàng của cửa hàng | E13: Quản lý đơn hàng của cửa hàng | F13: ='Quản lý đơn hàng của cửa hàng'!F6 -> 82
C14: 7 | D14: Quản lý khuyến mãi cửa hàng | E14: Quản lý khuyến mãi cửa hàng | F14: ='Quản lý khuyến mãi cửa hàng'!F6 -> 65
C15: 8 | D15: Tìm kiếm | E15: Tìm kiếm | F15: ='Tìm kiếm'!F6 -> 48
C16: 9 | D16: Hồ sơ cá nhân | E16: Hồ sơ cá nhân | F16: ='Hồ sơ cá nhân'!F6 -> 81
C17: 10 | D17: Tương tác bài viết | E17: Tương tác bài viết | F17: ='Tương tác bài viết'!F6 -> 47
C18: Tổng số testcase của sprint 2 | F18: =SUM(F8:F17) -> 691

Sheet Quản lý yêu cầu hỗ trợ
A1: Project Name | B1: XÂY DỰNG HỆ THỐNG DISHNET - NỀN TẢNG MẠNG XÃ HỘI KINH DOANH ẨM THỰC
A2: Module Code | B2: Quản lý yêu cầu hỗ trợ
A3: Người kiểm tra | B3: Lê Văn Cường
B4: Hoàn thành | C4: Lỗi | D4: Chưa kiểm tra | E4: Bị chăn | F4: Tổng số trường hợp thử nghiệm
A5: Round 1 | B5: 57 | C5: 5 | D5: 0 | E5: 0 | F5: 62
A6: Round 2 | B6: 5 | C6: 0 | D6: 0 | E6: 0 | F6: 62
A23: Test Case ID | B23: Mô tả | C23: Hành động | D23: Điều kiện tiên quyết | E23: Kết quả mong đợi | F23: Kết quả thực tế | G23: Kết quả | I23: Kết quả | K23: Chú thích
G24: Vòng 1 | I24: Vòng 2
G25: Trạng thái | H25: Ngày kiểm tra | I25: Trạng thái | J25: Ngày kiểm tra
A26: GUI
A27: TC_SP_01 | B27: Kiểm tra menu “Yêu cầu hỗ trợ” | C27: 1. Truy cập hệ thống 2. Quan sát sidebar | D27: Admin đã đăng nhập | E27: Menu “Yêu cầu hỗ trợ” hiển thị và có thể click | F27: Menu “Yêu cầu hỗ trợ” hiển thị ở sidebar và có thể click sau khi admin đăng nhập. | G27: passed | H27: 46360
A28: TC_SP_02 | B28: Kiểm tra ô tìm kiếm | C28: 1. Quan sát ô tìm kiếm | D28: Trang hiển thị | E28: Hiển thị ô tìm kiếm với placeholder “Tìm kiếm tên mã, code…” | F28: Hệ thống cho phép nhập và hiển thị đúng nội dung trong ô tìm kiếm | G28: passed | H28: 46360
A29: TC_SP_03 | B29: Kiểm tra dropdown “Loại tài khoản” | C29: 1. Click dropdown | D29: Trang hiển thị | E29: Hiển thị danh sách lựa chọn (Người dùng, Cửa hàng, Nhà sáng tạo…) | F29: Dropdown "Loại tài khoản" hiển thị đầy đủ các lựa chọn | G29: passed | H29: 46360
A30: TC_SP_04 | B30: Kiểm tra dropdown “Trạng thái” | C30: 1. Click dropdown | D30: Trang hiển thị | E30: Hiển thị các trạng thái (Đã phản hồi, Chưa phản hồi…) | F30: Dropdown "Trạng thái" hiển thị đầy đủ các trạng thái | G30: passed | H30: 46360
A31: TC_SP_05 | B31: Kiểm tra bảng danh sách yêu cầu | C31: 1. Quan sát bảng | D31: Có dữ liệu | E31: Hiển thị các cột: Mã yêu cầu, Người gửi, Loại tài khoản, Chủ đề, Trạng thái, Thời gian | F31: Bảng danh sách hiển thị đúng các cột: ã yêu cầu, Người gửi, Loại tài khoản, Chủ đề, Trạng thái, Thời gian | G31: passed | H31: 46360
A32: TC_SP_06 | B32: Kiểm tra hiển thị trạng thái | C32: 1. Quan sát cột trạng thái | D32: Có dữ liệu | E32: Trạng thái hiển thị dạng label màu (Đã phản hồi/ Chưa phản hồi) | F32: Trạng thái hiển thị đúng label màu tương ứng (Đã phản hồi/Chưa phản hồi) | G32: passed | H32: 46360
A33: TC_SP_07 | B33: Kiểm tra nút “Xem” | C33: 1. Quan sát yêu cầu đã phản hồi | D33: Có dữ liệu | E33: Hiển thị nút “Xem” rõ ràng | F33: Nút "Xem" hiển thị rõ ràng tại các bản ghi đã phản hồi, trạng thái enable | G33: passed | H33: 46360
A34: TC_SP_08 | B34: Kiểm tra nút “Phản hồi” | C34: 1. Quan sát yêu cầu chưa phản hồi | D34: Có dữ liệu | E34: Hiển thị nút “Phản hồi” rõ ràng | F34: Nút "Phản hồi" hiển thị rõ ràng tại các bản ghi đã phản hồi, trạng thái enable | G34: passed | H34: 46360
A35: TC_SP_09 | B35: Kiểm tra phân trang | C35: 1. Quan sát cuối bảng | D35: Có nhiều dữ liệu | E35: Hiển thị pagination (1,2,3...) | F35: Thanh phân trang (1, 2, 3...) hiển thị ở cuối bảng khi có nhiều dữ liệu | G35: passed | H35: 46360
A36: TC_SP_10 | B36: Kiểm tra popup “Phản hồi” | C36: 1. Click “Phản hồi” | D36: Có yêu cầu chưa phản hồi | E36: Hiển thị popup “Phản hồi” | F36: Hệ thống hiển thị popup ở giữa trang khi click vào "Phản hồi" | G36: passed | H36: 46360
A37: TC_SP_11 | B37: Kiểm tra thông tin yêu cầu trong popup | C37: 1. Quan sát popup | D37: Popup mở | E37: Hiển thị popup ở giữa màn hình | F37: Popup phản hồi hiển thị đúng, căn giữa màn hình khi nhấn nút "Phản hồi" | G37: passed | H37: 46360
A38: TC_SP_12 | B38: Kiểm tra textarea “Nội dung chi tiết” | C38: 1. Quan sát nội dung | D38: Popup mở | E38: Nội dung hiển thị mặc định, không thể sửa | F38: Hiển thị nội dung chính xác nội dung mặc định, chỉ cho phép xem và không được sửa | G38: passed | H38: 46360
... A45: TC_SP_19 | B45: Kiểm tra responsive | C45: 1. Resize màn hình | D45: Trang đang mở | E45: Giao diện không bị vỡ layout | F45: Giao diện tự động co giãn theo kích thước màn hình, không bị vỡ layout | G45: passed | H45: 46360
A46: FUNCTION
A47: TC_SP_20 | B47: Xác nhận hiển thị đúng khi admin đăng nhập hợp lệ và truy cập thành công vào trang quản lý yêu cầu hỗ trợ | C47: 1. Đăng nhập tài khoản admin 2. Click đăng nhập 3. Truy cập trang quản lý yêu cầu | D47: Admin hợp lệ | E47: Hệ thống cho phép truy cập và hiển thị danh sách yêu cầu hỗ trợ đầy đủ | F47: Hệ thống truy cập đúng và hiển thị đầy đủ danh sách yêu cầu | G47: passed | H47: 46360
A48: TC_SP_21 | B48: Xác nhận chặn thành công các truy cập khi vào trực tiếp mà không qua đăng nhập | C48: 1. Truy cập URL trang quản lý 2. Không đăng nhập | D48: Chưa đăng nhập | E48: Hệ thống chuyển về trang đăng nhập và hiển thị cảnh báo | F48: Hệ thống chặn truy cập trực tiếp, chuyển về trang login và cảnh báo khi chưa đăng nhập | G48: passed | H48: 46360
A49: TC_SP_22 | B49: Xác nhận hiển thị lỗi khi người dùng không có quyền admin truy cập trang quản lý yêu cầu | C49: 1. Đăng nhập user thường 2. Truy cập trang quản lý | D49: User thường | E49: Hệ thống từ chối truy cập vào hệ thộng | F49: Hệ thống từ chối truy cập và báo lỗi khi tài khoản không phải admin | G49: passed | H49: 46360
A50: TC_SP_23 | B50: Xác nhận hiển thị đúng kết quả khi admin tìm kiếm với mã yêu cầu hợp lệ | C50: 1. Nhập mã yêu cầu 2. Nhấn Enter | D50: Có dữ liệu | E50: Hệ thống hiển thị đúng kết quả tìm kiếm yêu cầu theo mã | F50: Kết quả tìm kiếm trả về đúng bản ghi khớp với mã yêu cầu đã nhập | G50: passed | H50: 46360
A51: TC_SP_24 | B51: Xác nhận hiển thị đúng khi admin tìm kiếm với mã yêu cầu không tồn tại | C51: 1. Nhập mã không tồn tại 2. Enter | D51: N/A | E51: Hệ thống hiển thị danh sách rỗng | F51: Hệ thống hiển thị danh sách rỗng khi nhập mã yêu cầu không tồn tại. | G51: passed | H51: 46360
A52: TC_SP_25 | B52: Xác nhận hiển thị đúng kết quả khi admin tìm kiếm theo tên người gửi yêu cầu hợp lệ | C52: 1. Nhập tên người dùng 2. Enter | D52: Có dữ liệu | E52: Hệ thống hiển thị đúng kết quả tìm kiếm yêu cầu theo tên | F52: Kết quả tìm kiếm trả về đúng danh sách theo tên người gửi | G52: passed | H52: 46360
A53: TC_SP_26 | B53: Xác nhận hiển thị đúng kết quả khi admin tìm kiếm với từ khóa có cả chữ hoa và chữ thường | C53: 1. Nhập chữ hoa/thường 2. Enter | D53: Có dữ liệu | E53: Hệ thống tự động xử lý các ký tự đúng format và trả về kết quả tương ứng | F53: Hệ thống tự động xử lý định dạng và trả kết quả đúng dù nhập chữ hoa/thường | G53: passed | H53: 46360
A54: TC_SP_27 | B54: Xác nhận hiển thị đúng kết quả khi admin tìm kiếm với từ khóa có dấu và không dấu | C54: 1. Nhập từ khóa có dấu 2. Nhập không dấu 3. Enter | D54: Có dữ liệu | E54: Hệ thống tự động rà soát và hiển thị kết quả liên quan | F54: Kết quả tìm kiếm trả về chính xác dù nhập từ khóa có dấu hoặc không dấu | G54: passed | H54: 46360
A55: TC_SP_28 | B55: Xác nhận hệ thống xử lý đúng dữ liệu khi admin nhập ký tự đặc biệt vào ô tìm kiếm | C55: 1. Nhập ký tự đặc biệt 2. Enter | D55: N/A | E55: Không crash, hiển thị kết quả hợp lệ hoặc rỗng | F55: Hệ thống không bị crash, hiển thị kết quả hợp lệ hoặc rỗng khi nhập ký tự đặc biệt | G55: passed | H55: 46360
A56: TC_SP_29 | B56: Xác nhận hệ thống xử lý đúng khi admin nhập dữ liệu tìm kiếm >30 ký tự | C56: 1. Nhập chuỗi dài >30 ký tự 2. Enter | D56: N/A | E56: Không crash, hệ thống xử lý và giới hạn dữ liệu | F56: Hệ thống giới hạn ký tự và xử lý ổn định khi nhập từ khóa > 30 ký tự | G56: passed | H56: 46360
A57: TC_SP_30 | B57: Xác nhận hệ thống xử lý đúng khi admin nhập từ khóa tìm kiếm có chứa khoảng trắng đầu/cuối | C57: 1. Nhập từ khóa có khoảng trắng 2. Enter | D57: N/A | E57: Hệ thống tự động trim và trả kết quả đúng | F57: Hệ thống không tự động trim khoảng trắng đầu/cuối, dẫn đến không tìm thấy kết quả | G57: failed | H57: 46360 | I57: passed | J57: 16/04/26
A58: TC_SP_31 | B58: Xác nhận hệ thống xử lý đúng khi người dùng chỉ nhập ký tự trắng | C58: 1. Nhập khoảng trắng 2. Enter | D58: N/A | E58: Hệ thống không hiển thị danh sách tìm kiếm | F58: Hệ thống xử lý đúng khi chỉ nhập toàn khoảng trắng vào ô tìm kiếm | G58: passed | H58: 46360
A59: TC_SP_32 | B59: Xác nhận hệ thống hiển thị đúng khi admin xóa từ khóa tìm kiếm | C59: 1. Nhập từ khóa 2. Xóa nội dung | D59: N/A | E59: Hệ thống hiển thị lại danh sách ban đầu | F59: Danh sách ban đầu hiển thị lại đầy đủ sau khi xóa từ khóa tìm kiếm | G59: passed | H59: 46360
A60: TC_SP_33 | B60: Xác nhận hệ thống xử lý đúng khi admin nhấn Enter liên tục | C60: 1. Nhập từ khóa 2. Nhấn Enter nhiều lần | D60: N/A | E60: Hệ thống chỉ xử lý request đầu tiên | F60: Hệ thống chỉ xử lý request đầu tiên khi nhấn Enter liên tục, không bị treo | G60: passed | H60: 46360
A61: TC_SP_34 | B61: Xác nhận hệ thống hiển thị đúng kết quả khi người dùng copy–paste từ khóa | C61: 1. Paste từ khóa 2. Enter | D61: N/A | E61: Hệ thống nhận input và trả kết quả đúng | F61: Hệ thống nhận diện nội dung copy-paste và trả kết quả tìm kiếm đúng | G61: passed | H61: 46360
A62: TC_SP_35 | B62: Xác nhận đúng kết quả khi admin lọc dữ liệu theo loại tài khoản | C62: 1. Chọn loại tài khoản 2. Áp dụng | D62: Có dữ liệu | E62: Hiển thị danh sách đã lọc đúng theo loại tài khoản | F62: Hệ thống trả về danh sách được lọc chính xác theo loại tài khoản đã chọn | G62: passed | H62: 46360
A63: TC_SP_36 | B63: Xác nhận hiển thị đúng kết quả khi admin lọc dữ liệu theo trạng thái | C63: 1. Chọn trạng thái 2. Áp dụng | D63: Có dữ liệu | E63: Hiển thị danh sách đã lọc đúng theo trạng thái | F63: Hệ thống trả về danh được lọc chính xác theo trạng thái đã chọn | G63: passed | H63: 46360
A64: TC_SP_37 | B64: Xác nhận hiển thị đúng kết quả khi admin áp dụng đồng thời 2 bộ lọc | C64: 1. Chọn nhiều filter 2. Áp dụng | D64: Có dữ liệu | E64: Hiển thị danh sách đúng theo điều kiện | F64: Hệ thống lọc đúng khi áp dụng đồng thời cả loại tài khoản và trạng thái | G64: passed | H64: 46360
A65: TC_SP_38 | B65: Xác nhận hiển thị đúng khi admin lọc dữ liệu và không có dữ liệu nào thỏa điều kiện | C65: 1. Chọn loại tài khoản/trạng thái | D65: Không có dữ liệu | E65: Hiển thị danh sách rỗng | F65: Hệ thống hiển thị danh sách rỗng khi không có bản ghi nào thỏa mãn bộ lọc | G65: passed | H65: 46360
A66: TC_SP_39 | B66: Hệ thống hiển thị đúng mã yêu cầu, người gửi, loại tài khoản, nội dung yêu cầu, trạng thái xử lý và thời gian khi admin truy cập danh sách yêu cầu | C66: 1. Truy cập trang quản lý 2. Kiểm tra danh sách | D66: N/A | E66: Tất cả các trường thông tin được hiển thị đầy đủ, chính xác, đúng định dạng và khớp với dữ liệu trong hệ thống | F66: Toàn bộ các trường thông tin hiển thị đầy đủ, chính xác và đúng định dạng không có dữ liệu bị thiếu, sai lệch hoặc hiển thị nhầm vị trí. | G66: passed | H66: 46360
A67: TC_SP_40 | B67: Xác nhận xử lý đúng và hiển thị chi tiết khi admin click vào nút “Xem” của một yêu cầu | C67: 1. Click "Xem" | D67: Có dữ liệu | E67: Điều hướng đến trang chi tiết yêu cầu đó | F67: Hệ thống điều hướng đúng đến trang chi tiết của yêu cầu khi click "Xem" | G67: passed | H67: 46360
A68: TC_SP_41 | B68: Xác nhận không bị crash và xử lý ổn định khi admin click liên tục vào nút “Xem” nhiều lần | C68: 1. Click nhiều lần "Xem" | D68: N/A | E68: Không crash, chỉ xử lý request đầu tiên | F68: Hệ thống hoạt động ổn định, chỉ xử lý request đầu khi click "Xem" liên tục | G68: passed | H68: 46360
A69: TC_SP_42 | B69: Xác nhận hiển thị đúng nội dung chi tiết yêu cầu khi admin truy cập màn hình chi tiết của một yêu cầu | C69: 1. Click xem chi tiết | D69: Có dữ liệu | E69: Hiển thị đúng nội dung và khớp với dữ liệu database | F69: Nội dung chi tiết hiển thị đúng và khớp hoàn toàn với dữ liệu trong Database | G69: passed | H69: 46360
A70: TC_SP_43 | B70: Xác nhận hiển thị đúng file đính kèm khi admin truy cập màn hình chi tiết của một yêu cầu | C70: 1. Click file đính kèm | D70: Có file | E70: Có thể xem/tải về, focus/phóng to hình ảnh, không lỗi hiển thị | F70: Hệ thống hiển thị đúng file có thể focus vào hình ảnh, không bị chồng chéo giữa các file | G70: failed | H70: 46360 | I70: passed | J70: 16/04/26
A71: TC_SP_44 | B71: Xác nhận điều hướng đúng về màn hình danh sách yêu cầu khi admin click nút “Quay lại” từ màn hình chi tiết | C71: 1. Click "Quay lại" | D71: Đang ở trang chi tiết | E71: Quay về danh sách yêu cầu hổ trợ | F71: Hệ thống quay về trang danh sách yêu cầu hỗ trợ khi click "Quay lại" | G71: passed | H71: 46360
A72: TC_SP_45 | B72: Xác nhận không bị crash và vẫn hoạt động ổn định khi admin click nút “Quay lại” nhiều lần liên tục | C72: 1. Click nhiều lần | D72: N/A | E72: Không crash, xử lý 1 lần đầu tiên | F72: Hệ thống không bị crash, xử lý ổn định khi click "Quay lại" liên tục | G72: passed | H72: 46360
A73: TC_SP_46 | B73: Xác nhận hiển thị đúng popup phản hồi khi admin nhấn "Phản hồi" của một yêu cầu | C73: 1. Click "Phản hồi" | D73: Có yêu cầu | E73: Hiển thị: thông tin yêu cầu, trạng thái, nội dung chi tiết, tệp đính kèm, thông tin liên hệ, kết quả xử lý | F73: Thông tin yêu cầu, trạng thái, nội dung chi tiết, tệp đính kèm, thông tin liên hệ, kết quả xử lý được hiển thị chính xác trong popup | G73: passed | H73: 46360
A74: TC_SP_47 | B74: Xác nhận hiển thị đúng "thông tin yêu cầu" trong popup khi admin mở popup phản hồi từ một yêu cầu cụ thể | C74: 1. Mở popup | D74: Có dữ liệu | E74: Hiển thị đúng thông tin | F74: Thông tin trong popup phản hồi hiển thị đúng với yêu cầu cụ thể đã chọn | G74: passed | H74: 46360
A75: TC_SP_48 | B75: Xác nhận hệ thống hiển thị đúng trạng thái của yêu cầu khi admin mở popup phản hồi | C75: 1. Mở popup | D75: Có dữ liệu | E75: Trạng thái khi mở popup "chưa phản hồi" | F75: Trạng thái hiển thị đúng là "Chưa phản hồi" khi mở popup phản hồi | G75: passed | H75: 46360
A76: TC_SP_49 | B76: Xác nhận hệ thống hiển thị đúng chi tiết nội dung của người dùng gửi yêu cầu hỗ trợ | C76: 1. Mở popup | D76: Có dữ liệu | E76: Nội dung hiển thị đúng dữ liệu database | F76: Nội dung chi tiết của người dùng gửi hiển thị chính xác theo database | G76: passed | H76: 46360
A77: TC_SP_50 | B77: Xác nhận hiển thị đúng thông tin tệp đính kèm khi admin mở popup phản hồi | C77: 1. Mở popup | D77: Có dữ liệu | E77: Có thể xem/tải về, focus/phóng to hình ảnh, không lỗi hiển thị | F77: Khi click tệp vào hình ảnh không được phóng to/focus vào ảnh | G77: failed | H77: 46360 | I77: passed | J77: 16/04/26
A78: TC_SP_51 | B78: Xác nhận hiển thị đúng thông tin liên hệ mặc định khi admin mở popup phản hồi | C78: 1. Mở popup | D78: Có dữ liệu | E78: Thông tin liên hệ được mặc định, không được phép thay dổi | F78: Thông tin liên hệ hiển thị đúng quy định, không cho phép thay đổi | G78: passed | H78: 46360
A79: TC_SP_52 | B79: Xác nhận hiển thị thông báo lỗi khi admin không nhập kết quả xử lý | C79: 1. Mở popup 2. Không nhập kết quả xử lý 3. Click "Gửi phản hồi" | D79: Có dữ liệu | E79: Hiển thị thông báo "Vui lòng điền vào mục này" | F79: Thông báo lỗi "Vui lòng điền vào mục này" hiển thị khi để trống kết quả xử lý | G79: passed | H79: 46360
A80: TC_SP_53 | B80: Xác nhận hệ thống xử lý đúng khi admin nhập nội dung xử lý có độ dài lớn trong giới hạn cho phép | C80: 1. Mở popup 2. Nhập kết quả xử lý dài 3. Click "Gửi phản hồi" | D80: N/A | E80: Số lượng ký tự được nhập ở trong giới hạn cho phép | F80: Hệ thống không giới hạn số lượng ký tự, cho phép nhập vượt quá độ dài cho phép | G80: failed | H80: 46360 | I80: passed | J80: 16/04/26
A81: TC_SP_54 | B81: Xác nhận hệ thống xử lý đúng khi admin nhập nội dung có chứa ký tự đặc biệt | C81: 1. Mở popup 2. Nhập ký tự đặt biệt 3. Click "Gửi phản hồi" | D81: N/A | E81: Hệ thống xử lý đúng, không lỗi hệ thống | F81: Hệ thống xử lý tốt các ký tự đặc biệt trong nội dung phản hồi, không báo lỗi | G81: passed | H81: 46360
A82: TC_SP_55 | B82: Xác nhận hệ thống gửi phản hồi thành công khi đã nhập đầy đủ thông tin | C82: 1. Nhập nội dung kết quả xử lý 2. Click "gửi phản hồi" | D82: N/A | E82: Gửi thành công, lưu phản hồi vào hệ thống | F82: Gửi phản hồi thành công và dữ liệu được lưu chính xác vào hệ thống | G82: passed | H82: 46360
A83: TC_SP_56 | B83: Xác nhận hệ thống chỉ xử lý 1 lần khi click gửi liên tục | C83: 1. Click gửi nhiều lần | D83: N/A | E83: Chỉ xử lý lần đầu | F83: Hệ thống chỉ xử lý gửi phản hồi một lần khi click nút liên tục | G83: passed | H83: 46360
A84: TC_SP_57 | B84: Xác nhận hiển thị đúng trạng thái và dữ liệu khi admin gửi phản hồi thành công | C84: 1. Gửi phản hồi | D84: Thành công | E84: Trạng thái chuyển "Đã phản hồi", không cho chỉnh sửa sau khi gửi phản hồi | F84: Hệ thống chuyển đổi đúng trạng thái và không cho sửa sau khi gửi thành công | G84: passed | H84: 46360
A85: TC_SP_58 | B85: Xác nhận hiển thị đúng trạng thái của nút “Phản hồi” khi admin đã gửi phản hồi thành công | C85: 1. Mở lại yêu cầu | D85: Đã phản hồi | E85: Gửi thành công phản hồi lưu vào hệ thống và thoát popup | F85: Sau Khi gửi thành công, popup không tự động thoát, vẫn được phép tiếp tục phản hồi | G85: failed | H85: 46360 | I85: passed | J85: 16/04/26
A86: TC_SP_59 | B86: Xác nhận hệ thống hiển thị đúng dữ liệu khi nhấn chuyển sang trang khác | C86: 1. Click trang tiếp theo | D86: Có nhiều dữ liệu | E86: Hiển thị đúng danh sách dữ liệu | F86: Hệ thống chuyển trang và hiển thị đúng danh sách dữ liệu của trang tiếp theo | G86: passed | H86: 46360
A87: TC_SP_60 | B87: Hệ thống hiển thị đúng highlight trang hiện tại khi người dùng đang đứng tại một trang bất kỳ | C87: 1. Quan sát pagination | D87: N/A | E87: Trang hiện tại được highlight | F87: Số trang hiện tại được highlight chính xác trên thanh phân trang | G87: passed | H87: 46360
A88: TC_SP_61 | B88: Xác nhận hệ thống vô hiệu hóa nút Previous khi người dùng đang ở trang đầu tiên | C88: 1. Ở trang 1 2. Click previous | D88: N/A | E88: Không cho phép | F88: Nút "Previous" bị vô hiệu hóa khi đang ở trang đầu | G88: passed | H88: 46360
A89: TC_SP_62 | B89: Xác nhận hệ thống vô hiệu hóa nút Next khi người dùng đang ở trang cuối cùng | C89: 1. Ở trang cuối 2. Click next | D89: N/A | E89: Không cho phép | F89: Nút "Next" bị vô hiệu hóa khi đang ở trang cuối | G89: passed | H89: 46360

Sheet Quản lý báo cáo khiếu nại
A1: Project Name | B1: XÂY DỰNG HỆ THỐNG DISHNET - NỀN TẢNG MẠNG XÃ HỘI KINH DOANH ẨM THỰC
A2: Module Code | B2: Quản lý báo cáo/khiếu nại
A3: Người kiểm tra | B3: Trần Thị Mai Yên
B4: Hoàn thành | C4: Lỗi | D4: Chưa kiểm tra | E4: Bị chăn | F4: Tổng số trường hợp thử nghiệm
A5: Round 1 | B5: =COUNTIF(G27:G993,"passed") -> 61 | C5: =COUNTIF(G27:G993,"failed") -> 10 | D5: =COUNTIF(G27:G993,"untest") -> 0 | E5: =COUNTIF(G27:G993,"blocked") -> 0 | F5: =COUNTIF(A23:A989, "TC*") -> 71
A6: Round 2 | B6: =COUNTIF(I27:I994,"passed") -> 10 | C6: =COUNTIF(I27:I993,"failed") -> 0 | D6: =COUNTIF(G27:G993,"untest") -> 0 | E6: =COUNTIF(G27:G993,"blocked") -> 0 | F6: =COUNTIF(A24:A990, "TC*") -> 71
A23: Test Case ID | B23: Mô tả | C23: Hành động | D23: Điều kiện tiên quyết | E23: Kết quả mong đợi | F23: Kết quả thực tế | G23: Kết quả | I23: Kết quả | K23: Chú thích
G24: Vòng 1 | I24: Vòng 2
G25: Trạng thái | H25: Ngày kiểm tra | I25: Trạng thái | J25: Ngày kiểm tra
A26: GUI
A27: TC_RP_01 | B27: Kiểm tra menu “Báo cáo / Khiếu nại” | C27: 1. Truy cập hệ thống 2. Quan sát sidebar | D27: Admin đã đăng nhập | E27: Menu “Báo cáo / Khiếu nại” hiển thị và có thể click | F27: Menu “Báo cáo/Khiếu nại” hiển thị đúng và có thể click truy cập bình thường | G27: passed | H27: 46124
A28: TC_RP_02 | B28: Kiểm tra danh sách báo cáo | C28: 1. Quan sát danh sách | D28: Có dữ liệu | E28: Hiển thị danh sách báo cáo (Mã báo cáo, người báo cáo, nội dung, trạng thái) | F28: Danh sách báo cáo hiển thị đầy đủ thông tin (mã, người báo cáo, nội dung, trạng thái) | G28: passed | H28: 46124
A29: TC_RP_03 | B29: Kiểm tra hiển thị trạng thái báo cáo | C29: 1. Quan sát label trạng thái | D29: Có dữ liệu | E29: Hiển thị trạng thái (Chờ xử lý / Đã xử lý) với màu sắc phân biệt | F29: Trạng thái báo cáo hiển thị đúng (Chờ xử lý/Đã xử lý) và có màu sắc phân biệt | G29: passed | H29: 46124
A30: TC_RP_04 | B30: Kiểm tra nút “Xử lý” | C30: 1. Quan sát dòng chưa xử lý | D30: Có báo cáo chưa xử lý | E30: Hiển thị nút “Xử lý” rõ ràng | F30: Nút “Xử lý” hiển thị rõ ràng với các báo cáo chưa xử lý | G30: passed | H30: 46124
A31: TC_RP_05 | B31: Kiểm tra nút “Xem chi tiết báo cáo” | C31: 1. Quan sát dòng đã xử lý | D31: Có báo cáo đã xử lý | E31: Chuyển màn hình đến trang chi tiết | F31: Click “Xem chi tiết” điều hướng đúng đến trang chi tiết báo cáo | G31: passed | H31: 46124
A32: TC_RP_06 | B32: Kiểm tra ô tìm kiếm | C32: 1. Quan sát ô tìm kiếm | D32: Trang hiển thị | E32: Hiển thị ô tìm kiếm với placeholder phù hợp | F32: Ô tìm kiếm hiển thị đúng với placeholder phù hợp | G32: passed | H32: 46124
A33: TC_RP_07 | B33: Kiểm tra nhập ô tìm kiếm | C33: 1. Click ô tìm kiếm 2. Nhập nội dung | D33: Trang hiển thị | E33: Cho phép nhập và hiển thị đúng nội dung | F33: Nhập nội dung vào ô tìm kiếm hiển thị đúng ký tự đã nhập | G33: passed | H33: 46124
A34: TC_RP_08 | B34: Kiểm tra card báo cáo | C34: 1. Quan sát từng card | D34: Có dữ liệu | E34: Hiển thị đầy đủ: mã báo cáo, người gửi, thời gian, nội dung | F34: Card báo cáo hiển thị đầy đủ thông tin (mã, người gửi, thời gian, nội dung) | G34: passed | H34: 46124
A35: TC_RP_09 | B35: Kiểm tra hiển thị hình ảnh/video bị báo cáo | C35: 1. Quan sát nội dung | D35: Có dữ liệu media | E35: Hiển thị thumbnail hoặc preview nội dung | F35: Hình ảnh/video hiển thị dạng thumbnail/preview đúng | G35: passed | H35: 46124
A36: TC_RP_10 | B36: Kiểm tra phân trang | C36: 1. Quan sát cuối danh sách | D36: Có nhiều dữ liệu | E36: Hiển thị pagination (1,2,3...) | F36: Phân trang hiển thị đúng (1,2,3,...) và hoạt động bình thường | G36: passed | H36: 46124
A37: TC_RP_11 | B37: Kiểm tra màn hình “Xử lý báo cáo” | C37: 1. Click “Xử lý” | D37: Có báo cáo chưa xử lý | E37: Điều hướng sang màn hình xử lý | F37: Click “Xử lý” điều hướng đúng sang màn hình xử lý báo cáo | G37: passed | H37: 46124
A38: TC_RP_12 | B38: Kiểm tra section “Thông tin báo cáo” | C38: 1. Quan sát panel | D38: Trang xử lý mở | E38: Hiển thị đầy đủ thông tin: mã, người báo cáo, thời gian | F38: Section “Thông tin báo cáo” hiển thị đầy đủ và chính xác | G38: passed | H38: 46124
... A48: TC_RP_22 | B48: Kiểm tra responsive | C48: 1. Resize màn hình | D48: Trang đang mở | E48: Giao diện không bị vỡ layout | F48: Giao diện responsive tốt, không vỡ layout khi resize | G48: passed | H48: 46124
A49: FUNCTION
A50: TC_RP_23 | B50: Xác nhận hiển thị đúng khi admin đăng nhập hợp lệ và truy cập trang quản lý báo cáo | C50: 1. Nhập tài khoản admin 2. Click đăng nhập 3. Truy cập trang quản lý báo cáo | D50: Admin hợp lệ | E50: Hệ thống cho phép truy cập và hiển thị danh sách báo cáo/khiếu nại đầy đủ | F50: Admin đăng nhập hợp lệ và truy cập trang quản lý báo cáo thành công, danh sách báo cáo/khiếu nại hiển thị đầy đủ | G50: passed | H50: 46124
A51: TC_RP_24 | B51: Xác nhận chặn thành công các truy cập khi vào trực tiếp mà không qua đăng nhập | C51: 1. Truy cập URL 2. Không đăng nhập | D51: Chưa đăng nhập | E51: Hệ thống chuyển về trang đăng nhập và hiển thị cảnh báo | F51: Truy cập khi chưa đăng nhập bị chuyển về trang login và hiển thị cảnh báo | G51: passed | H51: 46124
A52: TC_RP_25 | B52: Xác nhận hiển thị lỗi khi người dùng không phải admin truy cập trang quản lý báo cáo khiếu nại | C52: 1. Đăng nhập user thường 2. Truy cập trang | D52: User thường | E52: Hệ thống từ chối truy cập và hiển thị thông báo | F52: User không phải admin bị từ chối truy cập và hiển thị thông báo | G52: passed | H52: 46124
A53: TC_RP_26 | B53: Hệ thống ghi nhận lịch sử xử lý khi admin thực hiện các thao tác lưu/bỏ qua báo cáo | C53: 1. Admin chọn một yêu cầu cần xử lý. 2. Thực hiện một trong hai thao tác: Gửi phản hồi/ bỏ qua 3. Truy cập vào phần “Hoạt động xử lý”. 4. Kiểm tra bản ghi vừa được tạo. | D53: Có dữ liệu | E53: Hệ thống tạo một bản ghi mới trong phần “Hoạt động xử lý” ngay sau mỗi thao tác, bao gồm đầy đủ các thông tin: ID Admin thực hiện, Hành động, và Thời gian chính xác | F53: Không tạo bản ghi trong lịch sử xử lý sau khi admin thực hiện thao tác | G53: failed | H53: 46124 | I53: passed | J53: 46097
A54: TC_RP_27 | B54: Xác nhận hiển thị đúng khi admin tìm kiếm báo cáo theo từ khóa hợp lệ | C54: 1. Nhập từ khóa 2. Nhấn Enter | D54: Có dữ liệu | E54: Hệ thống hiển thị danh sách báo cáo/khiếu nại phù hợp từ khóa | F54: Tìm kiếm theo từ khóa hợp lệ trả về đúng danh sách kết quả | G54: passed | H54: 46124
A55: TC_RP_28 | B55: Xác nhận hiển thị đúng khi admin tìm kiếm báo cáo với từ khóa không tồn tại | C55: 1. Nhập từ khóa không tồn tại 2. Enter | D55: N/A | E55: Hiển thị danh sách rỗng | F55: Tìm kiếm với từ khóa không tồn tại hiển thị danh sách rỗng | G55: passed | H55: 46124
A56: TC_RP_29 | B56: Xác nhận hiển thị đúng khi admin nhập ký tự đặc biệt vào ô tìm kiếm | C56: 1. Nhập ký tự đặc biệt 2. Enter | D56: N/A | E56: Không crash, hiển thị kết quả hợp lệ hoặc rỗng | F56: Nhập ký tự đặc biệt không gây crash, hệ thống trả kết quả hợp lệ hoặc rỗng | G56: passed | H56: 46124
A57: TC_RP_30 | B57: Xác nhận hệ thống trim dữ liệu khi nhập khoảng trắng đầu/cuối vào ô tìm kiếm | C57: 1. Nhập từ khóa có khoảng trắng 2. Enter | D57: N/A | E57: Hệ thống loại bỏ khoảng trắng và trả kết quả đúng | F57: Nhập từ khóa có khoảng trắng đầu/cuối được trim và trả kết quả đúng | G57: passed | H57: 46124
A58: TC_RP_31 | B58: Xác nhận hiển thị đúng khi chỉ nhập khoảng trắng vào ô tìm kiếm | C58: 1. Nhập khoảng trắng 2. Enter | D58: N/A | E58: Hệ thống hiển thị danh sách kết quả =0 | F58: Nhập chỉ khoảng trắng hiển thị kết quả rỗng | G58: passed | H58: 46124
A59: TC_RP_32 | B59: Xác nhận hiển thị đúng khi admin xóa từ khóa tìm kiếm | C59: 1. Nhập từ khóa 2. Xóa nội dung | D59: N/A | E59: Hiển thị danh sách ban đầu | F59: Xóa từ khóa tìm kiếm hiển thị lại danh sách ban đầu | G59: passed | H59: 46124
A60: TC_RP_33 | B60: Xác nhận hệ thống chỉ xử lý 1 lần khi nhấn Enter liên tục | C60: 1. Nhập từ khóa 2. Nhấn Enter nhiều lần | D60: N/A | E60: Chỉ xử lý 1 request đầu tiên | F60: Hệ thống chỉ xử lý đúng 1 request đầu tiên | G60: passed | H60: 46124
A61: TC_RP_34 | B61: Xác nhận hiển thị đúng khi copy-paste từ khóa | C61: 1. Paste từ khóa 2. Enter | D61: N/A | E61: Hệ thống nhận input và trả kết quả đúng | F61: Copy-paste từ khóa vào ô tìm kiếm vẫn trả kết quả đúng | G61: passed | H61: 46124
A62: TC_RP_35 | B62: Xác nhận hệ thống hiển thị đầy đủ và chính xác trường thông tin chi tiết của một báo cáo/khiếu nại | C62: 1. Quan sát danh sách | D62: Có dữ liệu | E62: Danh sách đầy đủ các trường: mã báo cáo, người báo cáo, thời gian tạo báo cáo, trạng thái báo cáo, nội dung bị báo cáo, thời gian, trạng thái | F62: Thông tin báo cáo hiển thị đầy đủ và chính xác các trường | G62: passed | H62: 46124
A63: TC_RP_36 | B63: Xác nhận hiển thị đúng khi không có dữ liệu báo cáo/khiếu nại | C63: 1. Truy cập khi không có báo cáo | D63: N/A | E63: Hiển thị danh sách rỗng | F63: Khi không có dữ liệu hiển thị danh sách rỗng đúng | G63: passed | H63: 46124
A64: TC_RP_37 | B64: Xác nhận hiển thị đúng khi load lại trang báo cáo/khiếu nại | C64: 1. Truy cập trang | D64: Có dữ liệu | E64: Dữ liệu load đúng và đầy đủ | F64: Reload trang dữ liệu vẫn được load đúng và đầy đủ | G64: passed | H64: 46124
A65: TC_RP_38 | B65: Xác nhận hệ thống hiển thị đúng màn hình xử lý khi admin click vào nút “Xử lý báo cáo” | C65: 1. Truy cập danh sách báo cáo2. Click "Xử lý" | D65: Có báo cáo | E65: Hệ thống chuyển sang màn hình xử lý báo cáo tương ứng | F65: Hệ thống chuyển hướng đúng sang màn hình xử lý báo cáo tương ứng khi admin click vào nút “Xử lý” | G65: passed | H65: 46124
A66: TC_RP_39 | B66: Xác nhận hiển thị đúng khi admin click vào hình ảnh/video bị báo cáo | C66: 1. Click vào ảnh/video | D66: Có file media | E66: Ảnh được focus/phóng to, video tự động phát | F66: Click vào hình ảnh/video không phóng to hoặc video không tự phát | G66: failed | H66: 46124 | I66: passed | J66: 46097
A67: TC_RP_40 | B67: Xác nhận hiển thị đúng khi admin click vào file bằng chứng | C67: 1. Click file đính kèm | D67: Có file | E67: File được mở hoặc phóng to để xem chi tiết | F67: Click file đính kèm bằng chứng không mở được, không tải được file và không focus vào ảnh | G67: failed | H67: 46124 | I67: passed | J67: 46097
A68: TC_RP_41 | B68: Xác nhận hiển thị đúng khi báo cáo không có file đính kèm | C68: 1. Mở báo cáo | D68: Không có file | E68: Khu vực file hiển thị rỗng | F68: Khi báo cáo không có file, khu vực file hiển thị rỗng đúng | G68: passed | H68: 46124
A69: TC_RP_42 | B69: Xác nhận hệ thống lưu và hiển thị đúng kết quả xử lý khi người dùng nhập đầy đủ thông tin hợp lệ | C69: 1. Nhập đầy đủ thông tin 2. Click "Lưu kết quả xử lý" | D69: Dữ liệu hợp lệ | E69: Hệ thống lưu thành công và cập nhật trạng thái | F69: Nhập đầy đủ thông tin và click “Lưu” hệ thống lưu thành công và cập nhật trạng thái | G69: passed | H69: 46124
A70: TC_RP_43 | B70: Xác nhận hệ thống hiển thị thông báo lỗi khi admin nhấn “Lưu” nhưng chưa nhập kết quả xử lý | C70: 1. Không nhập kết quả 2. Click "Lưu" | D70: N/A | E70: Hiển thị thông báo lỗi và không lưu | F70: Không nhập kết quả xử lý, click “Lưu” hiển thị thông báo lỗi và không lưu | G70: passed | H70: 46124
A71: TC_RP_44 | B71: Xác nhận hệ thống chỉ xử lý 1 lần khi admin click "Lưu" liên tục | C71: 1. Click "Lưu" nhiều lần | D71: N/A | E71: Hệ thống chỉ xử lý request đầu tiên, không bị duplicate | F71: Click “Lưu” nhiều lần hệ thống chỉ xử lý 1 request đầu tiên, không bị duplicate | G71: passed | H71: 46124
A72: TC_RP_45 | B72: Xác nhận hệ thống hiển thị thông báo lỗi khi admin nhấn “Lưu” nhưng chưa chọn kết quả xử lý | C72: 1. Không chọn kết quả 2. Click "Lưu" | D72: N/A | E72: Hiển thị thông báo lỗi và không lưu | F72: Không chọn kết quả xử lý, click “Lưu” hiển thị lỗi và không lưu | G72: passed | H72: 46124
A73: TC_RP_46 | B73: Xác nhận hệ thống hiển thị đúng khi admin chọn kết quả xử lý | C73: 1. Chọn action xử lý | D73: N/A | E73: Hiển thị đúng các lựa chọn: gỡ bài, cảnh báo, khóa tạm, khóa vĩnh viễn | F73: Chọn action xử lý hiển thị đúng các lựa chọn (gỡ bài, cảnh báo, khóa…) | G73: passed | H73: 46124
A74: TC_RP_47 | B74: Xác nhận hiển thị lỗi khi admin không chọn mức độ vi phạm | C74: 1. Không chọn mức độ 2. Click "Lưu" | D74: N/A | E74: Hiển thị lỗi, không cho lưu | F74: Không chọn mức độ vi phạm, click “Lưu” hiển thị lỗi và không cho lưu | G74: passed | H74: 46124
A75: TC_RP_48 | B75: Xác nhận hiển thị đúng khi admin chọn mức độ vi phạm | C75: 1. Chọn mức độ | D75: N/A | E75: Hiển thị đúng các mức: Thấp, Trung bình, Cao | F75: Chọn mức độ vi phạm hiển thị đúng các mức (Thấp, Trung bình, Cao) | G75: passed | H75: 46124
A76: TC_RP_49 | B76: Xác nhận hiển thị đúng khi hệ thống tự động gợi ý hành động theo kết quả xử lý | C76: 1. Chọn kết quả xử lý | D76: N/A | E76: Hệ thống tự động tick hành động áp dụng ở các checkbox tương ứng | F76: Hệ thống không tự động tick hành động áp dụng theo kết quả xử lý | G76: failed | H76: 46124 | I76: passed | J76: 46097
A77: TC_RP_50 | B77: Xác nhận hệ thống hiển thị lỗi khi admin thực hiện xử lý báo cáo nhưng không chọn bất kỳ hành động áp dụng nào | C77: 1. Không tick checkbox 2. Click "Lưu" | D77: N/A | E77: Hiển thị lỗi, không cho lưu | F77: Không chọn hành động áp dụng, click “Lưu” hiển thị lỗi và không lưu | G77: passed | H77: 46124
A78: TC_RP_51 | B78: Xác nhận hệ thống xử lý thành công khi admin thực hiện xử lý báo cáo với điều kiện báo cáo đang ở trạng thái "Chờ xử lý" | C78: 1. Mở báo cáo 2. Xử lý | D78: Báo cáo ở trạng thái chờ | E78: Trạng thái chuyển sang "Đã xử lý", hệ thông không cho phép xử lý lại | F78: Sau khi xử lý, trạng thái không chuyển sang “Đã xử lý” vẫn giữ nguyên trạng thái chờ và có thể xử lý lại | G78: failed | H78: 46124 | I78: passed | J78: 46097
A79: TC_RP_52 | B79: Xác nhận hệ thống hiển thị thông tin đúng khi admin xem báo cáo đã được xử lý | C79: 1. Mở báo cáo đã xử lý | D79: Đã xử lý | E79: Các dropdown và nút "Lưu" bị disable | F79: Với báo cáo đã xử lý, dropdown và nút “Lưu” bị disable đúng | G79: passed | H79: 46124
A80: TC_RP_53 | B80: Xác nhận hiển thị đúng khi admin bỏ qua báo cáo | C80: 1. Chọn "Bỏ qua" 2. Lưu | D80: N/A | E80: Trạng thái = "Bỏ qua", không áp dụng hình phạt | F80: Chọn “Bỏ qua” và lưu, trạng thái hiển thị “Bỏ qua” đúng | G80: passed | H80: 46124
A81: TC_RP_54 | B81: Xác nhận hiển thị đúng khi admin click "Đóng báo cáo" | C81: 1. Click "Đóng báo cáo" | D81: N/A | E81: Đóng báo cáo và quay về danh sách | F81: Click “Đóng báo cáo” đóng báo cáo và quay về danh sách đúng | G81: passed | H81: 46124
A82: TC_RP_55 | B82: Xác nhận hệ thống cập nhật và hiển thị đúng trạng thái khi admin xử lý báo cáo thành công | C82: 1. Xử lý báo cáo | D82: Thành công | E82: Status = "Đã xử lý" | F82: Sau khi xử lý thành công, trạng thái hiển thị “Đã xử lý” đúng | G82: passed | H82: 46124
A83: TC_RP_56 | B83: Xác nhận hệ thống xử lý đúng logic khi admin thực hiện xử lý báo cáo và không tick chọn "Gửi thông báo" | C83: 1. Bỏ tick thông báo 2. Lưu | D83: N/A | E83: Hành động xử lý vẫn thực hiện, user không nhận thông báo | F83: Không tick “Gửi thông báo”, hệ thống vẫn xử lý nhưng không gửi thông báo cho user | G83: passed | H83: 46124
A84: TC_RP_57 | B84: Xác nhận hệ thống xử lý đúng logic khi admin chọn hành động "Gỡ video" trong quá trình xử lý báo cáo | C84: 1. Chọn gỡ video 2. Lưu | D84: Có video | E84: Video bị xóa khỏi hệ thống, không truy cập được bằng URL | F84: Chọn “Gỡ video” nhưng video không bị xóa hoặc vẫn truy cập được | G84: failed | H84: 46124 | I84: passed | J84: 46097
A85: TC_RP_58 | B85: Xác nhận hệ thống xử lý đúng khi admin chọn "Khóa tài khoản vĩnh viễn" | C85: 1. Chọn khóa vĩnh viễn 2. Lưu | D85: N/A | E85: Tài khoản bị khóa hoàn toàn, không đăng nhập được | F85: Chọn “Khóa tài khoản vĩnh viễn” nhưng tài khoản vẫn đăng nhập được và hoạt động bình thường | G85: failed | H85: 46124 | I85: passed | J85: 46097
A86: TC_RP_59 | B86: Xác nhận hệ thống xử lý đúng khi admin chọn "Khóa tài khoản tạm thời" | C86: 1. Chọn khóa tạm 2. Lưu | D86: N/A | E86: Tài khoản bị khóa trong thời gian quy định và tự mở khóa sau đó | F86: Chọn “Khóa tạm thời” nhưng tài khoản không bị khóa vẫn hoạt bình thường | G86: failed | H86: 46124 | I86: passed | J86: 46097
A87: TC_RP_60 | B87: Xác nhận hệ thống xử lý đúng khi admin chọn "Gửi cảnh báo" | C87: 1. Chọn cảnh báo 2. Lưu | D87: N/A | E87: Lịch sử tài khoản ghi nhận 1 lần cảnh báo | F87: Chọn “Gửi cảnh báo”, lịch sử tài khoản ghi nhận cảnh báo đúng | G87: passed | H87: 46124
A88: TC_RP_61 | B88: Xác nhận hệ thống xử lý đúng khi admin chọn nhiều hành động hợp lệ | C88: 1. Chọn nhiều hành động áp dụng 2. Lưu | D88: N/A | E88: Hệ thống thực hiện tất cả hành động, không xung đột dữ liệu | F88: Chọn nhiều hành động nhưng hệ thống không thực hiện đầy đủ và xảy ra xung đột giữa các action | G88: failed | H88: 46124 | I88: passed | J88: 46097
A89: TC_RP_62 | B89: Xác nhận hiển thị lỗi khi chọn "Khóa vĩnh viễn" cùng hành động khác | C89: 1. Chọn khóa vĩnh viễn + hành động khác | D89: N/A | E89: Hiển thị lỗi hoặc không cho chọn | F89: Vẫn cho phép chọn “Khóa vĩnh viễn” cùng hành động khác, không báo lỗi gây xung đột giữa các hành động | G89: failed | H89: 46124 | I89: passed | J89: 46097
A90: TC_RP_63 | B90: Xác nhận hiển thị đúng khi admin gửi thông báo cho user vi phạm | C90: 1. Tick gửi thông báo 2. Lưu | D90: N/A | E90: User nhận được thông báo đúng nội dung xử lý | F90: User nhận được thông báo đúng nội dung admin đã xử lý | G90: passed | H90: 46124
A91: TC_RP_64 | B91: Hệ thống hiển thị đúng dữ liệu khi admin nhấn vào nút "Xem chi tiết" của một báo cáo | C91: 1. Click "Xem chi tiết" | D91: Có dữ liệu | E91: Hệ thống mở trang chi tiết và hiển thị đầy đủ, chính xác thông tin | F91: Hệ thống mở trang chi tiết và hiển thị đầy đủ, chính xác thông tin của báo cáo | G91: passed | H91: 46124
A92: TC_RP_65 | B92: Dữ liệu trang chi tiết hiển thị đúng báo cáo, không hiển thị của báo cáo khác | C92: 1. Click "Xem chi tiết" | D92: Có dữ liệu | E92: Chỉ hiển thị dữ liệu của đúng báo cáo đã chọn, không hiển thị hoặc lẫn dữ liệu của báo cáo khác | F92: Hiển thị đúng dữ liệu của đúng báo cáo đã chọn, không hiển thị hoặc lẫn dữ liệu của báo cáo khác | G92: passed | H92: 46124
A93: TC_RP_66 | B93: Xác nhận hệ thống hiển thị danh sách báo cáo đúng khi admin thực hiện hành động quay lại từ trang chi tiết | C93: 1. Click "Quay lại" | D93: Đang ở trang chi tiết | E93: Quay về danh sách và giữ filter/search | F93: Hệ thống quay về trang danh sách báo cáo và vẫn giữ nguyên trạng thái filter/search trước đó | G93: passed | H93: 46124
A94: TC_RP_67 | B94: Xác nhận hệ thống không crash khi click liên tục | C94: 1. Click nhiều lần | D94: N/A | E94: Không crash, xử lý 1 lần đầu tiên | F94: Hệ thống hoạt động ổn định, không bị crash, chỉ xử lý hành động ở lần click đầu tiên | G94: passed | H94: 46124
A95: TC_RP_68 | B95: Xác nhận hệ thống hiển thị đúng dữ liệu khi nhấn chuyển sang trang khác | C95: 1. Click trang tiếp theo | D95: Có nhiều dữ liệu | E95: Hiển thị đúng danh sách dữ liệu | F95: Hệ thống chuyển sang trang tiếp theo và hiển thị đúng danh sách dữ liệu tương ứng | G95: passed | H95: 46124
A96: TC_RP_69 | B96: Hệ thống hiển thị đúng highlight trang hiện tại khi người dùng đang đứng tại một trang bất kỳ | C96: 1. Quan sát pagination | D96: N/A | E96: Trang hiện tại được highlight | F96: Tại thanh phân trang, số trang người dùng đang đứng được highlight rõ ràng | G96: passed | H96: 46124
A97: TC_RP_70 | B97: Xác nhận hệ thống vô hiệu hóa nút Previous khi người dùng đang ở trang đầu tiên | C97: 1. Ở trang 1 2. Click previous | D97: N/A | E97: Không cho phép | F97: Nút "Previous" bị vô hiệu hóa (không cho phép click) khi người dùng đang ở trang 1 | G97: passed | H97: 46124
A98: TC_RP_71 | B98: Xác nhận hệ thống vô hiệu hóa nút Next khi người dùng đang ở trang cuối cùng | C98: 1. Ở trang cuối 2. Click next | D98: N/A | E98: Không cho phép | F98: Nút "Next" bị vô hiệu hóa (không cho phép click) khi người dùng đang ở trang cuối cùng | G98: passed | H98: 46124

Sheet Tổng quan cửa hàng
A1: Project Name | B1: XÂY DỰNG HỆ THỐNG DISHNET - NỀN TẢNG MẠNG XÃ HỘI KINH DOANH ẨM THỰC
A2: Module Code | B2: Tổng quan cửa hàng
A3: Người kiểm tra | B3: Huỳnh Thị Vy
B4: Hoàn thành | C4: Lỗi | D4: Chưa kiểm tra | E4: Bị chăn | F4: Tổng số trường hợp thử nghiệm
A5: Round 1 | B5: 61 | C5: 14 | D5: 0 | E5: 0 | F5: 75
A6: Round 2 | B6: 14 | C6: 0 | D6: 0 | E6: 0 | F6: 75
A23: Test Case ID | B23: Mô tả | C23: Hành động | D23: Điều kiện tiên quyết | E23: Kết quả mong đợi | F23: Kết quả thực tế | G23: Kết quả | I23: Kết quả | K23: Chú thích
G24: Vòng 1 | I24: Vòng 2
G25: Trạng thái | H25: Ngày kiểm tra | I25: Trạng thái | J25: Ngày kiểm tra
A26: GUI
A27: TC_SHOP_01 | B27: Kiểm tra hiển thị trạng thái “Đang nhận đơn” | C27: 1. Truy cập trang tổng quan | D27: Chủ cửa hàng đã đăng nhập | E27: Hiển thị toggle “Đang nhận đơn” ON/OFF | F27: Hệ thống hiển thị toggle “Đang nhận đơn” ở trạng thái ON/OFF rõ ràng | G27: passed | H27: 46360
A28: TC_SHOP_02 | B28: Kiểm tra bật/tắt trạng thái nhận đơn | C28: 1. Click toggle | D28: Trang tổng quan | E28: Toggle chuyển trạng thái ON/OFF | F28: Khi click, toggle chuyển trạng thái ON/OFF thành công | G28: passed | H28: 46360
A29: TC_SHOP_03 | B29: Kiểm tra dropdown chọn cửa hàng | C29: 1. Click dropdown | D29: Có nhiều cửa hàng | E29: Hiển thị danh sách cửa hàng | F29: Danh sách các cửa hàng hiển thị đầy đủ khi click vào dropdown | G29: passed | H29: 46360
A30: TC_SHOP_04 | B30: Kiểm tra thông tin cửa hàng | C30: 1. Quan sát card thông tin | D30: Trang load thành công | E30: Hiển thị tên, địa chỉ, giờ mở cửa, rating | F30: Các thông tin: tên, địa chỉ, giờ mở cửa và rating hiển thị chính xác trên card | G30: passed | H30: 46360
A31: TC_SHOP_05 | B31: Kiểm tra hiển thị rating | C31: 1. Quan sát điểm đánh giá | D31: Có dữ liệu | E31: Hiển thị điểm rating | F31: Điểm rating của cửa hàng được hiển thị đúng dữ liệu | G31: passed | H31: 46360
A32: TC_SHOP_06 | B32: Kiểm tra nút “Đổi ảnh đại diện” | C32: 1. Quan sát button | D32: Trang hiển thị | E32: Hiển thị nút rõ ràng | F32: Nút “Đổi ảnh đại diện” hiển thị rõ ràng trên giao diện | G32: passed | H32: 46360
A33: TC_SHOP_07 | B33: Kiểm tra nút “Thêm món” | C33: 1. Quan sát button | D33: Trang hiển thị | E33: Hiển thị nút “Thêm món” | F33: Nút “Thêm món” hiển thị đúng vị trí và rõ ràng | G33: passed | H33: 46360
A34: TC_SHOP_08 | B34: Kiểm tra nút “Tạo khuyến mãi” | C34: 1. Quan sát button | D34: Trang hiển thị | E34: Hiển thị nút “Tạo khuyến mãi” | F34: Nút “Tạo khuyến mãi” hiển thị đúng vị trí và rõ ràng | G34: passed | H34: 46360
A35: TC_SHOP_09 | B35: Kiểm tra nút “Tạm nghỉ bán” | C35: 1. Quan sát button | D35: Trang hiển thị | E35: Hiển thị nút rõ ràng | F35: Nút “Tạm nghỉ bán” hiển thị đúng vị trí và rõ ràng trên trang | G35: passed | H35: 46360
A36: TC_SHOP_10 | B36: Kiểm tra phần “Quản lý đơn hàng” | C36: 1. Quan sát section | D36: Có dữ liệu | E36: Hiển thị % trạng thái đơn (hoàn thành, hủy, đang giao…) | F36: Hiển thị đầy đủ % các trạng thái đơn (hoàn thành, hủy, đang giao...) | G36: passed | H36: 46360
A37: TC_SHOP_11 | B37: Kiểm tra màu sắc trạng thái đơn | C37: 1. Quan sát các label | D37: Có dữ liệu | E37: Mỗi trạng thái có màu khác nhau | F37: Mỗi trạng thái đơn hàng (hủy, giao,...) được phân biệt bằng các màu sắc khác nhau | G37: passed | H37: 46360
A38: TC_SHOP_12 | B38: Kiểm tra phần “Top món bán chạy” | C38: 1. Quan sát section | D38: Có dữ liệu | E38: Hiển thị danh sách món + số lượt bán | F38: Danh sách các món bán chạy cùng số lượt bán tương ứng được hiển thị chính xác | G38: passed | H38: 46360
... A46: TC_SHOP_20 | B46: Kiểm tra layout tổng thể | C46: 1. Quan sát toàn trang | D46: Trang load thành công | E46: UI hiển thị đúng bố cục | F46: Giao diện người dùng (UI) hiển thị đúng bố cục, không bị lỗi trình bày | G46: passed | H46: 46360
A47: FUNCTION
A48: TC_SHOP_21 | B48: Xác nhận hiển thị đúng khi chủ cửa hàng đăng nhập hợp lệ và truy cập trang quản lý | C48: 1. Đăng nhập tài khoản cửa hàng 2. Click đăng nhập 3. Truy cập dashboard | D48: Tài khoản hợp lệ | E48: Hệ thống đăng nhập thành công và hiển thị đầy đủ thông tin tổng quan cửa hàng | F48: Hệ thống đăng nhập thành công và hiển thị đầy đủ thông tin tổng quan cửa hàng | G48: passed | H48: 46360
A49: TC_SHOP_22 | B49: Xác nhận hiển thị đúng khi chủ cửa hàng bật trạng thái nhận đơn | C49: 1. Click bật trạng thái ON | D49: N/A | E49: Trạng thái cửa hàng chuyển sang ON, cho phép nhận đơn | F49: Hệ thống cho phép nhận đơn hàng mới khi trạng thái cửa hàng chuyển sang ON | G49: passed | H49: 46360
A50: TC_SHOP_23 | B50: Xác nhận hiển thị đúng khi chủ cửa hàng tắt trạng thái nhận đơn | C50: 1. Click chuyển OFF | D50: N/A | E50: Trạng thái OFF, không nhận đơn | F50: Hệ thống không nhận đơn khi trạng thái cửa chuyển sang OFF | G50: passed | H50: 46360
A51: TC_SHOP_24 | B51: Xác nhận hệ thống không crash khi đổi trạng thái liên tục | C51: 1. Click ON/OFF liên tục | D51: N/A | E51: Không crash, trạng thái cập nhật chính xác | F51: Hệ thống hoạt động ổn định, không crash; trạng thái được cập nhật chính xác sau các lần chuyển đổi | G51: passed | H51: 46360
A52: TC_SHOP_25 | B52: Xác nhận hiển thị đúng rating trung bình cửa hàng khi chủ cửa hàng truy cập trang tổng quan cửa hàng | C52: 1. Kiểm tra rating | D52: Có dữ liệu | E52: Hiển thị đúng giá trị rating | F52: Giá trị rating hiển thị đúng với dữ liệu thực tế của cửa hàng | G52: passed | H52: 46360
A53: TC_SHOP_26 | B53: Xác nhận hệ thống hiển thị đúng trạng thái hoạt động của cửa hàng khi chủ cửa hàng truy cập tổng quan cửa hàng | C53: 1. Kiểm tra trạng thái | D53: N/A | E53: Hiển thị đúng (Đang mở/Tạm nghỉ) | F53: Hệ thống hiển thị đúng trạng thái hiện tại của cửa hàng (Đang mở hoặc Tạm nghỉ) | G53: passed | H53: 46360
A54: TC_SHOP_27 | B54: Xác nhận hệ thống hiển thị đúng doanh thu hôm nay khi có dữ liệu phát sinh trong ngày | C54: 1. Kiểm tra doanh thu | D54: Có đơn hàng | E54: Hiển thị đúng tổng doanh thu của cửa hàng hôm nay | F54: Tổng doanh thu hiển thị chính xác dựa trên các đơn hàng phát sinh trong ngày | G54: passed | H54: 46360
A55: TC_SHOP_28 | B55: Xác nhận hệ thống hiển thị đúng số đơn hàng hôm nay khi có đơn đặt hàng | C55: 1. Kiểm tra đơn hàng | D55: Có dữ liệu | E55: Hiển thị đúng tổng số đơn đặt hàng hôm nay | F55: Hệ thống hiển thị đúng tổng số lượng đơn đặt hàng thành công trong ngày | G55: passed | H55: 46360
A56: TC_SHOP_29 | B56: Xác nhận hệ thống hiển thị đúng số đơn hủy hôm nay khi có đơn bị hủy trong ngày | C56: 1. Kiểm tra đơn hủy | D56: Có dữ liệu | E56: Hiển thị đúng tổng số đơn hủy hôm nay | F56: Hệ thống hiển thị đúng tổng số lượng đơn hàng bị hủy trong ngày | G56: passed | H56: 46360
A57: TC_SHOP_30 | B57: Xác nhận hệ thống hiển thị đúng khi không có dữ liệu phát sinh | C57: 1. Truy cập khi không có đơn | D57: N/A | E57: Hiển thị giá trị = 0 | F57: Các giá trị doanh thu, số đơn hàng, đơn hủy đều hiển thị bằng 0 | G57: passed | H57: 46360
A58: TC_SHOP_31 | B58: Xác nhận hệ thống hiển thị số liệu doanh thu, đơn hàng, đơn hủy đúng với dữ liệu thực tế phát sinh trong ngày | C58: 1. So sánh dữ liệu | D58: Có database | E58: Số liệu hiển thị đúng, phải nhảy realtime khi có đơn hàng mới hoặc đơn bị hủy | F58: Số liệu hiển thị không chính xác, không cập nhật realtime khi có đơn hàng mới/đơn bị hủy | G58: failed | H58: 46360 | I58: passed | J58: 16/04/26
A59: TC_SHOP_32 | B59: Xác nhận hiển thị đúng khi chủ cửa hàng click đổi ảnh đại diện | C59: 1. Click "Đổi ảnh đại diện" | D59: N/A | E59: Chuyển màn hình đến trang đổi ảnh đại diện | F59: Hệ thống chuyển hướng thành công đến màn hình thay đổi ảnh đại diện | G59: passed | H59: 46360
A60: TC_SHOP_33 | B60: Xác nhận hệ thống hiển thị đúng khi chủ cửa hàng upload ảnh đại diện thành công | C60: 1. Click đổi ảnh 2. Upload ảnh | D60: File hợp lệ | E60: Upload thành công và hiển thị ảnh | F60: Hệ thống cho phép upload thành công và hiển thị ảnh đại diện mới | G60: passed | H60: 46360
A61: TC_SHOP_34 | B61: Xác nhận hệ thống hiển thị đúng khi chủ cửa hàng click thêm món | C61: 1. Click "Thêm món" | D61: N/A | E61: Hiển thị popup thêm món | F61: Popup thêm món mới hiển thị đúng khi người dùng click vào nút "Thêm món" | G61: passed | H61: 46360
A62: TC_SHOP_35 | B62: Xác nhận hệ thống hiển thị đúng khi chủ cửa hàng click tạo khuyến mãi | C62: 1. Click "Tạo mã khuyến mãi" | D62: N/A | E62: Hiển thị popup tạo mã khuyến mãi | F62: Popup tạo mã khuyến mãi hiển thị đúng khi người dùng click vào nút | G62: passed | H62: 46360
A63: TC_SHOP_36 | B63: Xác nhận hệ thống hiển thị đúng trạng thái khi click tạm nghỉ bán | C63: 1. Click "Tạm nghỉ" | D63: N/A | E63: Trạng thái chuyển OFF | F63: Trạng thái của cửa hàng chuyển sang OFF ngay sau khi click "Tạm nghĩ bán", cửa hàng không nhận thêm đơn mới | G63: passed | H63: 46360
A64: TC_SHOP_37 | B64: Xác nhận hệ thống hiển thị đúng tỷ lệ % thống kê tình trạng đơn hàng | C64: 1. Quan sát thống kê | D64: Có dữ liệu | E64: Hiển thị đúng % hoàn thành, hủy | F64: Biểu đồ/số liệu thống kê hiển thị đúng tỷ lệ % đơn hoàn thành và đơn hủy | G64: passed | H64: 46360
A65: TC_SHOP_38 | B65: Xác nhận hệ thống tính toán và hiển thị đúng tỷ lệ % dựa trên tổng số đơn và từng trạng thái đơn hàng | C65: 1. Kiểm tra tính toán dữ liệu | D65: Có dữ liệu | E65: Tỷ lệ % hiển thị khớp với phép tính từ dữ liệu hệ thống | F65: Số liệu tỷ lệ % hiển thị trên giao diện không khớp với kết quả tính toán từ dữ liệu thực tế | G65: failed | H65: 46360 | I65: passed | J65: 16/04/26
A66: TC_SHOP_39 | B66: Xác nhận hệ thống hiển thị badge đúng khi tỷ lệ hoàn thành = 100% | C66: 1. Truy cập tổng quan cửa hàng 2. Kiểm tra tỷ lệ đơn | D66: Có dữ liệu | E66: Hiển thị badge "đạt" | F66: Badge "đạt" hiển thị sai loại badge mặc dù tỷ lệ hoàn thành là 100% | G66: failed | H66: 46360 | I66: passed | J66: 16/04/26
A67: TC_SHOP_40 | B67: Xác nhận hệ thống hiển thị đúng badge khi tỷ lệ hoàn thành ≥75% và < 100% | C67: 1. Truy cập tổng quan cửa hàng 2. Kiểm tra tỷ lệ đơn | D67: Có dữ liệu | E67: Hiển thị badge "ổn" | F67: Badge "ổn" không hiển thị đúng theo điều kiện tỷ lệ hoàn thành đã xác định | G67: failed | H67: 46360 | I67: passed | J67: 16/04/26
A68: TC_SHOP_41 | B68: Xác nhận hệ thống hiển thị đúng badge khi tỷ lệ hoàn thành ≥50% và < 75% | C68: 1. Truy cập tổng quan cửa hàng 2. Kiểm tra tỷ lệ đơn | D68: Có dữ liệu | E68: Hiển thị badge "đạt" | F68: Badge "đạt" không hiển thị đúng khi tỷ lệ hoàn thành nằm trong khoảng 50% - 75% | G68: failed | H68: 46360 | I68: passed | J68: 16/04/26
A69: TC_SHOP_42 | B69: Xác nhận hiển thị đúng badge khi tỷ lệ hoàn thành <50% | C69: 1. Truy cập tổng quan cửa hàng 2. Kiểm tra tỷ lệ đơn | D69: Có dữ liệu | E69: Hiển thị badge "cần cải thiện" | F69: Hệ thống không hiển thị đúng badge "cần cải thiện" khi tỷ lệ hoàn thành dưới 50% | G69: failed | H69: 46360 | I69: passed | J69: 16/04/26
A70: TC_SHOP_43 | B70: Xác nhận hiển thị đúng badge khi tỷ lệ hủy đơn, giao trễ, trả hàng ≤ 5% | C70: 1. Truy cập tổng quan cửa hàng 2. Kiểm tra tỷ lệ đơn | D70: Có dữ liệu | E70: Hiển thị badge "cảnh báo" | F70: Hệ thống hiển thị sai badge, không hiển thị badge "cảnh báo" dù tỷ lệ ≤ 5% | G70: failed | H70: 46360 | I70: passed | J70: 16/04/26
A71: TC_SHOP_44 | B71: Xác nhận hiển thị đúng badge khi tỷ lệ hủy đơn, giao trễ, trả hàng ≤ 10% | C71: 1. Truy cập tổng quan cửa hàng 2. Kiểm tra tỷ lệ đơn | D71: Có dữ liệu | E71: Hiển thị badge "đạt" | F71: Hệ thống không hiển thị badge "đạt" đúng như thiết kế khi tỷ lệ ≤ 10% | G71: failed | H71: 46360 | I71: passed | J71: 16/04/26
A72: TC_SHOP_45 | B72: Xác nhận hệ thống hiển thị đúng badge khi tỷ lệ hủy đơn, giao trễ, trả hàng > 5% và ≤ 10% | C72: 1. Truy cập tổng quan cửa hàng 2. Kiểm tra tỷ lệ đơn | D72: Có dữ liệu | E72: Hiển thị badge "đạt" | F72: Badge "đạt" hiển thị không đúng điều kiện, sai lệch so với dữ liệu thực tế | G72: failed | H72: 46360 | I72: passed | J72: 16/04/26
A73: TC_SHOP_46 | B73: Xác nhận hệ thống hiển thị đúng badge khi tỷ lệ hủy đơn, giao trễ, trả hàng >10% | C73: 1. Truy cập tổng quan cửa hàng 2. Kiểm tra tỷ lệ đơn | D73: Có dữ liệu | E73: Hiển thị badge "cần cải thiện" | F73: Hệ thống hiển thị sai loại badge, không phải badge "cần cải thiện" khi tỷ lệ > 10% | G73: failed | H73: 46360 | I73: passed | J73: 16/04/26
A74: TC_SHOP_47 | B74: Xác nhận hệ thống cập nhật đúng tỷ lệ và badge khi có đơn hàng mới phát sinh hoặc thay đổi trạng thái | C74: 1. Refresh | D74: Có dữ liệu mới | E74: Số lượng + % được cập nhật đúng | F74: Khi Refresh, số lượng và tỷ lệ % được hệ thống cập nhật chính xác theo dữ liệu mới | G74: passed | H74: 46360
A75: TC_SHOP_48 | B75: Xác nhận hệ thống hiển thị đúng tổng số đơn ở bảng "Đơn hàng trong hôm nay" giống với tổng số đơn hoàn thành ở bảng quản lý đơn hàng | C75: 1. So sánh dữ liệu ở 2 bảng | D75: Có dữ liệu | E75: Hệ thống tính toán đúng dữ liệu so sánh ở cả 2 bảng | F75: Số liệu tổng đơn giữa bảng "Đơn hàng hôm nay" và bảng "Quản lý đơn hàng" không khớp nhau | G75: failed | H75: 46360 | I75: passed | J75: 16/04/26
A76: TC_SHOP_49 | B76: Xác nhận hệ thống hiển thị đúng nếu tổng đơn hàng hôm nay = 0 | C76: 1. Truy cập tổng quan cửa hàng 2. Kiểm tra đơn hàng | D76: Không có đơn | E76: Hiển thị bản quản lý đơn hàng =0 và danh sách đơn hàng rỗng | F76: Hệ thống hiển thị bảng quản lý đơn hàng = 0 và danh sách đơn hàng trống đúng như mong đợi | G76: passed | H76: 46360
A77: TC_SHOP_50 | B77: Xác nhận hệ thống hiển thị đúng so sánh số đơn hoàn thành và đơn hủy so với dữ liệu của tuần trước | C77: 1. Kiểm tra tính toán dữ liệu | D77: Có dữ liệu | E77: Hệ thống tính toán đúng dữ liệu so sánh ở tuần trước và tuần này | F77: Hệ thống tính toán sai lệch, không hiển thị đúng dữ liệu so sánh giữa tuần trước và tuần này | G77: failed | H77: 46360 | I77: passed | J77: 16/04/26
A78: TC_SHOP_51 | B78: Xác nhận hệ thống hiển thị đúng khi dữ liệu tuần trước = 0 | C78: 1. So sánh dữ liệu | D78: N/A | E78: Hiển thị giá trị tuần này +100% | F78: Hệ thống không hiển thị giá trị +100% khi so sánh với dữ liệu tuần trước bằng 0 | G78: failed | H78: 46360 | I78: passed | J78: 16/04/26
A79: TC_SHOP_52 | B79: Xác nhận hệ thống hiển thị đúng khi không có sự thay đổi dữ liệu | C79: 1. Quan sát | D79: N/A | E79: Hiển thị 0% khi không có sự thay đổi | F79: Hệ thống không hiển thị 0% khi dữ liệu không có sự thay đổi so với kỳ trước | G79: failed | H79: 46360 | I79: passed | J79: 16/04/26
A80: TC_SHOP_53 | B80: Xác nhận hệ thống hiển thị đúng màn hình khi click "Xem chi tiết" | C80: 1. Click "Xem chi tiết" | D80: Có đơn hàng | E80: Mở chi tiết đơn | F80: Hệ thống mở trang chi tiết đơn hàng chính xác khi người dùng click vào nút | G80: passed | H80: 46360
A81: TC_SHOP_54 | B81: Xác nhận hệ thống không crash khi click "Xem chi tiết" liên tục | C81: 1. Click nhiều lần | D81: N/A | E81: Không crash | F81: Hệ thống hoạt động ổn định, không xảy ra hiện tượng crash khi click liên tục | G81: passed | H81: 46360
A82: TC_SHOP_55 | B82: Xác nhận hệ thống hiển thị đúng top 3 món bán chạy trong ngày | C82: 1. Truy cập tổng quan cửa hàng 2. Kiểm tra top món bán chạy | D82: Có dữ liệu | E82: Hiển thị top 3 món bán chạy nhất của cửa hàng lên đầu | F82: Hệ thống hiển thị đúng top 3 món có số lượng bán cao nhất của cửa hàng lên đầu danh sách | G82: passed | H82: 46360
A83: TC_SHOP_56 | B83: Xác nhận hệ thống sắp xếp và hiển thị danh sách món bán chạy theo thứ tự giảm dần theo số lượng bán | C83: 1. Truy cập tổng quan cửa hàng 2. Kiểm tra sắp xếp | D83: Có dữ liệu | E83: Sắp xếp giảm dần | F83: Danh sách món bán chạy được sắp xếp theo thứ tự giảm dần dựa trên số lượng bán | G83: passed | H83: 46360
A84: TC_SHOP_57 | B84: Xác nhận hệ thống hiển thị số lượng đã bán của từng món | C84: 1. Truy cập tổng quan cửa hàng 2. Kiểm tra số lượng | D84: Có dữ liệu | E84: Hiển thị đúng số lượng đơn đã đặt | F84: Hệ thống hiển thị chính xác số lượng đơn đã đặt cho từng món ăn tương ứng | G84: passed | H84: 46360
A85: TC_SHOP_58 | B85: Xác nhận hệ thống hiển thị đúng khi không có dữ liệu | C85: 1. Truy cập tổng quan cửa hàng 2. Kiểm tra danh sách đơn hàng | D85: Không có dữ liệu | E85: Hiển thị rỗng | F85: Khi không có dữ liệu, danh sách đơn hàng hiển thị trống (rỗng) đúng như thiết kế | G85: passed | H85: 46360
A86: TC_SHOP_59 | B86: Xác nhận hệ thống hiển thị đúng danh sách đơn hàng | C86: 1. Truy cập trang tổng quan cửa hàng | D86: Có dữ liệu | E86: Hiển thị danh sách tất cả đơn hàng | F86: Hệ thống hiển thị đầy đủ và chính xác danh sách tất cả các đơn hàng khi truy cập | G86: passed | H86: 46360
A87: TC_SHOP_60 | B87: Xác nhận hệ thống hiển thị đúng khi chủ của hàng chọn lọc theo thời gian | C87: 1. Chọn filter theo thời gian | D87: Có dữ liệu | E87: Hiển thị đúng thời gian đã lọc | F87: Hệ thống trả về kết quả đơn hàng chính xác theo đúng khoảng thời gian đã chọn lọc | G87: passed | H87: 46360
A88: TC_SHOP_61 | B88: Xác nhận hệ thống hiển thị đúng khi chủ của hàng chọn lọc theo trạng thái | C88: 1. Chọn trạng thái | D88: Có dữ liệu | E88: Hiển thị đúng trạng thái đã lọc | F88: Hệ thống hiển thị đúng các đơn hàng có trạng thái khớp với tiêu chí đã lọc | G88: passed | H88: 46360
A89: TC_SHOP_62 | B89: Xác nhận hệ thống hiển thị đúng khi không có dữ liệu | C89: 1. Lọc dữ liệu rỗng | D89: N/A | E89: Hiển thị danh sách rỗng | F89: Khi lọc với các tiêu chí không có dữ liệu thỏa mãn, hệ thống hiển thị danh sách rỗng | G89: passed | H89: 46360
A90: TC_SHOP_63 | B90: Xác nhận hệ thống hiển thị đúng kết quả khi tìm theo mã đơn | C90: 1. Nhập mã 2. Enter | D90: Có dữ liệu | E90: Hiển thị mã đúng đơn cần tìm | F90: Hệ thống tìm thấy và hiển thị đúng mã đơn hàng cần tìm sau khi nhập mã và Enter | G90: passed | H90: 46360
A91: TC_SHOP_64 | B91: Xác nhận hệ thống hiển thị đúng kết quả khi tìm theo tên khách hàng | C91: 1. Nhập tên 2. Enter | D91: Có dữ liệu | E91: Hiển thị đúng tên khách hàng cần tìm | F91: Hệ thống hiển thị chính xác các đơn hàng ứng với tên khách hàng cần tìm | G91: passed | H91: 46360
... A102: TC_SHOP_75 | B102: Xác nhận hiển thị đúng khi đơn hủy/trả hàng không tính doanh thu | C102: 1. Quan sát | D102: Có dữ liệu | E102: Các đơn "Đã hủy" hoặc "Trả hàng" phải có thu nhập đơn bằng 0đ và không được cộng dồn vào tổng này | F102: Các đơn bị hủy/trả hàng không được tính vào doanh thu, hiển thị đúng | G102: passed | H102: 46360

Sheet Quản lý doanh thu cửa hàng
A1: Project Name | B1: XÂY DỰNG HỆ THỐNG DISHNET - NỀN TẢNG MẠNG XÃ HỘI KINH DOANH ẨM THỰC
A2: Module Code | B2: Quản lý doanh thu cửa hàng
A3: Người kiểm tra | B3: Phan Thị Lệ Thi
B4: Hoàn thành | C4: Lỗi | D4: Chưa kiểm tra | E4: Bị chăn | F4: Tổng số trường hợp thử nghiệm
A5: Round 1 | B5: =COUNTIF(G27:G998,"passed") -> 63 | C5: =COUNTIF(G27:G998,"failed") -> 6 | D5: =COUNTIF(G27:G998,"untest") -> 0 | E5: =COUNTIF(G27:G998,"blocked") -> 0 | F5: =COUNTIF(A23:A994, "TC*") -> 69
A6: Round 2 | B6: =COUNTIF(I27:I999,"passed") -> 6 | C6: =COUNTIF(I27:I998,"failed") -> 0 | D6: =COUNTIF(G27:G998,"untest") -> 0 | E6: =COUNTIF(G27:G998,"blocked") -> 0 | F6: =COUNTIF(A24:A995, "TC*") -> 69
A23: Test Case ID | B23: Mô tả | C23: Hành động | D23: Điều kiện tiên quyết | E23: Kết quả mong đợi | F23: Kết quả thực tế | G23: Kết quả | I23: Kết quả | K23: Chú thích
G24: Vòng 1 | I24: Vòng 2
G25: Trạng thái | H25: Ngày kiểm tra | I25: Trạng thái | J25: Ngày kiểm tra
A26: GUI
A27: TC_REV_01 | B27: Kiểm tra menu “Quản lý doanh thu” | C27: Click menu bên trái | D27: Đã đăng nhập tài khoản cửa hàng | E27: Menu được highlight, chuyển đúng trang | F27: Khi click menu “Quản lý doanh thu”, menu được highlight và điều hướng đúng trang. | G27: passed | H27: 46124
A28: TC_REV_02 | B28: Kiểm tra card “Hôm nay” | C28: Quan sát | D28: Có dữ liệu | E28: Hiển thị số tiền, format đúng (VNĐ) | F28: Card “Hôm nay” hiển thị số tiền chính xác, đúng định dạng VND. | G28: passed | H28: 46124
A29: TC_REV_03 | B29: Kiểm tra card “Thực nhận” | C29: Quan sát | D29: Có dữ liệu | E29: Hiển thị số tiền + % tăng/giảm | F29: Card “Thực nhận” hiển thị đúng số tiền và % tăng/giảm. | G29: passed | H29: 46124
A30: TC_REV_04 | B30: Kiểm tra card “Tổng đơn hàng” | C30: Quan sát | D30: Có dữ liệu | E30: Hiển thị số lượng đơn | F30: Card “Tổng đơn hàng” hiển thị đúng số lượng đơn. | G30: passed | H30: 46124
A31: TC_REV_05 | B31: Kiểm tra card “Tỷ lệ hủy/hoàn” | C31: Quan sát | D31: Có dữ liệu | E31: Hiển thị % đúng format | F31: Card “Tỷ lệ hủy/hoàn” hiển thị đúng % và đúng format. | G31: passed | H31: 46124
A32: TC_REV_06 | B32: Kiểm tra icon refresh ở card | C32: Click icon | D32: Trang đang mở | E32: Icon hiển thị, có thể click | F32: Icon refresh hiển thị đúng, click hoạt động bình thường. | G32: passed | H32: 46124
A33: TC_REV_07 | B33: Kiểm tra biểu đồ “Doanh thu 30 ngày” | C33: Quan sát | D33: Có dữ liệu | E33: Biểu đồ hiển thị đúng layout | F33: Biểu đồ “Doanh thu 30 ngày” hiển thị đúng dữ liệu và layout. | G33: passed | H33: 46124
A34: TC_REV_08 | B34: Kiểm tra trục thời gian biểu đồ | C34: Quan sát | D34: Có dữ liệu | E34: Hiển thị ngày/tháng rõ ràng | F34: Trục thời gian hiển thị rõ ràng ngày/tháng đúng định dạng. | G34: passed | H34: 46124
A35: TC_REV_09 | B35: Kiểm tra biểu đồ “Doanh thu theo món” | C35: Quan sát | D35: Có dữ liệu | E35: Biểu đồ tròn hiển thị đầy đủ | F35: Biểu đồ “Doanh thu theo món” hiển thị đầy đủ dữ liệu. | G35: passed | H35: 46124
A36: TC_REV_10 | B36: Kiểm tra dropdown “Theo thời gian” | C36: Click dropdown | D36: Trang hiển thị | E36: Hiển thị danh sách chọn | F36: Dropdown “Theo thời gian” hiển thị đầy đủ danh sách chọn. | G36: passed | H36: 46124
A37: TC_REV_11 | B37: Kiểm tra dropdown “Trạng thái đơn” | C37: Click dropdown | D37: Trang hiển thị | E37: Hiển thị danh sách trạng thái | F37: Dropdown “Trạng thái đơn” hiển thị đúng danh sách trạng thái. | G37: passed | H37: 46124
A38: TC_REV_12 | B38: Kiểm tra ô tìm kiếm | C38: Click input | D38: Trang hiển thị | E38: Có placeholder, nhập được | F38: Ô tìm kiếm có placeholder, nhập dữ liệu bình thường. | G38: passed | H38: 46124
... A41: TC_REV_15 | B41: Kiểm tra layout tổng thể | C41: Quan sát toàn trang | D41: Trang load | E41: UI không bị lệch | F41: Layout tổng thể hiển thị đúng, UI không bị lệch. | G41: passed | H41: 46124
A42: FUNCTION
A43: TC_REV_16 | B43: Xác nhận hiển thị đúng khi chủ cửa hàng đăng nhập hợp lệ và truy cập trang quản lý doanh thu | C43: 1. Nhập tài khoản cửa hàng 2. Click đăng nhập 3. Truy cập trang doanh thu | D43: Tài khoản hợp lệ | E43: Hệ thống đăng nhập thành công và hiển thị trang quản lý doanh thu | F43: Đăng nhập thành công và chuyển đúng đến trang quản lý doanh thu | G43: passed | H43: 46124
A44: TC_REV_17 | B44: Xác nhận hiển thị đúng khi truy cập trang quản lý doanh thu | C44: 1. Truy cập menu doanh thu | D44: Đã đăng nhập | E44: Hiển thị đầy đủ dữ liệu doanh thu | F44: Truy cập menu doanh thu hiển thị đầy đủ dữ liệu | G44: passed | H44: 46124
A45: TC_REV_18 | B45: Xác nhận hệ thống hiển thị đúng dữ liệu doanh thu hôm nay | C45: 1. Truy cập trang quản lý doanh thu cửa hàng | D45: Có dữ liệu | E45: Hiển thị đúng tổng doanh thu hôm nay | F45: Hệ thống hiển thị đúng tính toán tổng doanh thu hôm nay | G45: passed | H45: 46124
A46: TC_REV_19 | B46: Xác nhận hệ thống hiển thị đúng giá trị thực nhận doanh thu cửa hàng hôm nay | C46: 1. Kiểm tra thực nhận | D46: Có dữ liệu | E46: Thực nhận = Tổng tiền đơn - giảm giá - phí | F46: Giá trị thực nhận được tính đúng (tổng tiền - giảm giá - phí) | G46: passed | H46: 46124
A47: TC_REV_20 | B47: Xác nhận hệ thống hiển thị đúng tổng số đơn hàng của cửa hàng trong hôm nay | C47: 1. Kiểm tra tổng đơn hàng | D47: Có dữ liệu | E47: Hiển thị chính xác tổng đơn hàng bán được của cửa hàng | F47: Tổng số đơn hàng bán được cửa cửa hàng trong hôm nay hiển thị chính xác | G47: passed | H47: 46124
A48: TC_REV_21 | B48: Xác nhận hệ thống hiển thị đúng tỉ lệ hủy/hoàn của cửa hàng trong hôm nay | C48: 1. Kiểm tra tỉ lệ hủy/hoàn | D48: Có dữ liệu | E48: Tính toán tỉ lệ = (đơn hủy + hoàn) / tổng đơn | F48: Tỉ lệ hủy/hoàn hiển thị đúng theo dữ liệu | G48: passed | H48: 46124
A49: TC_REV_22 | B49: Xác nhận hiển thị đúng khi tính % thay đổi so với hôm qua | C49: 1. Kiểm tra % thay đổi | D49: Có dữ liệu | E49: Hiển thị đúng % tăng/giảm | F49: Hiển thị không đúng % tăng/giảm so với hôm qua, | G49: failed | H49: 46124 | I49: passed | J49: 46128
A50: TC_REV_23 | B50: Xác nhận hiển thị đúng % thay đổi khi dữ liệu hôm trước = 0 | C50: 1. Kiểm tra doanh thu của hôm trước và hôm nay | D50: Có dữ liệu | E50: Hiển thị giá trị thay đổi là 100% | F50: Không hiển thị đúng giá trị 100% khi dữ liệu hôm trước = 0 | G50: failed | H50: 46124 | I50: passed | J50: 46128
A51: TC_REV_24 | B51: Xác nhận hiển thị đúng khi giá trị hôm qua không có thay đổi so với hôm nay | C51: 1. Kiểm tra doanh thu của hôm trước và hôm nay | D51: Có dữ liệu | E51: Hiển thị 0% khi không có sự thay đổi | F51: Không hiển thị đúng 0% khi không có thay đổi doanh thu | G51: failed | H51: 46124 | I51: passed | J51: 46128
A52: TC_REV_25 | B52: Xác nhận hiển thị đúng khi không có dữ liệu doanh thu cửa hàng | C52: 1. Truy cập trang quản lý doanh thu cửa hàng | D52: Không có dữ liệu | E52: Hiển thị 0 hoặc empty state | F52: Khi không có dữ liệu, hiển thị 0 hoặc empty state đúng | G52: passed | H52: 46124
A53: TC_REV_26 | B53: Xác nhận hệ thống hiển thị đúng dữ liệu khi refresh lại trang | C53: 1. Click refresh | D53: Có dữ liệu mới | E53: Load lại dữ liệu, cập nhật dữ liệu mới nhất từ hệ thống | F53: Refresh cập nhật dữ liệu mới chính xác | G53: passed | H53: 46124
A54: TC_REV_27 | B54: Xác nhận hệ thống hiển thị đúng biểu đồ doanh thu của 30 ngày gần đây | C54: 1. Truy cập trang quản lý doanh thu cửa hàng 2. Quan sát biểu đồ | D54: Có dữ liệu | E54: Hiển thị đúng dữ liệu theo từng ngày | F54: Biểu đồ 30 ngày hiển thị đúng dữ liệu theo từng ngày | G54: passed | H54: 46124
A55: TC_REV_28 | B55: Xác nhận hệ thống hiển thị giá trị chính xác khi di chuột vào các điểm dữ liệu | C55: 1. Truy cập trang quản lý doanh thu cửa hàng 2. Hover vào line biểu đồ | D55: Có dữ liệu | E55: Tooltip hiển thị đúng giá trị | F55: Tooltip hiển thị đúng giá trị khi hover | G55: passed | H55: 46124
A56: TC_REV_29 | B56: Xác nhận trục X hiển thị đúng format ngày | C56: 1. Quan sát trục X | D56: N/A | E56: Hiển thị 30 ngày gần nhất (dd/MM) | F56: Trục X hiển thị đúng format ngày (dd/MM) | G56: passed | H56: 46124
A57: TC_REV_30 | B57: Xác nhận hiển thị đúng scale trục Y | C57: 1. Quan sát trục Y | D57: N/A | E57: Giá trị max/min hợp lý, không bị dồn điểm | F57: Trục Y hiển thị scale hợp lý, không bất thường | G57: passed | H57: 46124
A58: TC_REV_31 | B58: Xác nhận hiển thị đúng giá trị doanh thu trên biểu đồ | C58: 1. Click refresh | D58: Có dữ liệu | E58: Cập nhật dữ liệu mới | F58: Click refresh, biểu đồ cập nhật dữ liệu mới | G58: passed | H58: 46124
A59: TC_REV_32 | B59: Xác nhận biểu đồ hiển thị đúng khi tất cả giá trị = 0 | C59: 1. Truy cập trang quản lý cửa hàng 2. Quan sát biểu đồ | D59: Không có dữ liệu | E59: Biểu đồ vẫn hiển thị | F59: Khi tất cả giá trị = 0, biểu đồ không hiển thị đúng | G59: failed | H59: 46124 | I59: passed | J59: 46128
A60: TC_REV_33 | B60: Xác nhận biểu đồ doanh thu cửa hàng hiển thị đúng theo từng ngày | C60: 1. Truy cập trang quản lý cửa hàng 2. Quan sát biểu đồ | D60: Có dữ liệu | E60: Hiển thị liên tiếp 30 ngày, không được bỏ qua bất cứ ngày nào | F60: Biểu đồ hiển thị liên tục 30 ngày, không bị thiếu ngày | G60: passed | H60: 46124
A61: TC_REV_34 | B61: Xác nhận biểu đồ hiển thị đúng đơn bị hủy/hoàn không tính vào doanh thu | C61: 1. Truy cập trang quản lý cửa hàng 2. Quan sát biểu đồ | D61: Có dữ liệu | E61: Doanh thu không bao gồm các đơn bị hủy/hoàn | F61: Doanh thu cửa hàng không bao gồm đơn hủy/hoàn, hiển thị đúng | G61: passed | H61: 46124
A62: TC_REV_35 | B62: Xác nhận biểu đồ hiển thị đúng khi không có đơn trong ngày | C62: 1. Quan sát biểu đồ | D62: Có ngày không có data | E62: Hiển thị giá trị = 0, không bị bỏ qua ngày trên biểu đồ | F62: Hệ thống bỏ qua khi ngày có doanh thu =0 | G62: failed | H62: 46124 | I62: passed | J62: 46128
A63: TC_REV_36 | B63: Xác nhận biểu đồ hiển thị đúng khi cập nhật realtime | C63: 1. Có đơn mới | D63: Có data mới | E63: Biểu đồ cập nhật đúng ngày khi có đơn mới | F63: Biểu đồ cập nhật đúng realtime khi có đơn mới | G63: passed | H63: 46124
A64: TC_REV_37 | B64: Xác nhận biểu đồ hiển thị đúng timezone | C64: 1. Quan sát biểu đồ | D64: N/A | E64: Không bị lệch sang ngày trước/sau | F64: Timezone hiển thị đúng, không bị lệch ngày | G64: passed | H64: 46124
A65: TC_REV_38 | B65: Xác nhận hiển thị đúng dữ liệu doanh thu theo món trên biểu đồ tròn | C65: 1. Truy cập trang quản lý doanh thu cửa hàng | D65: Có dữ liệu | E65: Biểu đồ hiển thị đúng % từng món, Có legend (tên món + %) | F65: Biểu đồ tròn hiển thị sai % doanh thu theo món | G65: failed | H65: 46124 | I65: passed | J65: 46128
A66: TC_REV_39 | B66: Xác nhận tỉ lệ doanh thu theo món hiển thị theo thứ tự giảm dần trên biểu đồ tròn | C66: 1. Truy cập trang quản lý doanh thu cửa hàng 2. Quan sát biểu đồ | D66: Có dữ liệu | E66: sắp xếp theo thứ tự giảm dần, món có doanh thu cao hiển thị nổi bật hơn | F66: Biểu đồ tròn sắp xếp đúng theo doanh thu giảm dần | G66: passed | H66: 46124
A67: TC_REV_40 | B67: Xác nhận biểu đồ hiển thị đúng khi gom nhóm "Món khác" | C67: 1. Truy cập trang quản lý doanh thu cửa hàng 2. Quan sát biểu đồ | D67: Có nhiều món | E67: Các món nhỏ có doanh thu thấp được gom thành “Món khác” | F67: Các món doanh thu thấp được gom vào “Món khác” đúng | G67: passed | H67: 46124
A68: TC_REV_41 | B68: Xác nhận biểu đồ tròn hiển thị đúng khi % doanh thu | C68: 1. Truy cập trang quản lý doanh thu cửa hàng 2. Quan sát biểu đồ | D68: Có dữ liệu | E68: Hiển thị % đúng theo dữ liệu | F68: Biểu đồ tròn hiển thị % đúng theo dữ liệu | G68: passed | H68: 46124
A69: TC_REV_42 | B69: Xác nhận biểu đồ tròn hiển thị đúng khi không có dữ liệu doanh thu món | C69: 1. Truy cập trang quản lý doanh thu cửa hàng 2. Quan sát biểu đồ | D69: Không có dữ liệu | E69: Hiển thị 0 hoặc empty state | F69: Khi không có dữ liệu, hiển thị 0 hoặc empty state đúng | G69: passed | H69: 46124
A70: TC_REV_43 | B70: Xác nhận biểu đồ tròn hiển thị đúng khi refresh biểu đồ | C70: 1. Click refresh | D70: Có dữ liệu | E70: Load lại dữ liệu, cập nhật dữ liệu mới nhất từ hệ thống | F70: Refresh biểu đồ tròn cập nhật dữ liệu mới | G70: passed | H70: 46124
A71: TC_REV_44 | B71: Xác nhận biểu đồ tròn hiển thị đúng khi tính tổng doanh thu theo món | C71: 1. Truy cập trang quản lý doanh thu cửa hàng 2. Quan sát biểu đồ | D71: Có dữ liệu | E71: Biểu đồ tính toán đúng tổn doanh thu theo món của cửa hàng | F71: Tổng doanh thu theo món được tính đúng | G71: passed | H71: 46124
A72: TC_REV_45 | B72: Xác nhận biểu đồ tròn hiển thị đúng khi format % dữ liệu | C72: 1. Truy cập trang quản lý doanh thu cửa hàng 2. Quan sát biểu đồ | D72: Có dữ liệu | E72: Hiển thị đúng format (2 chữ số thập phân) | F72: Format % hiển thị đúng (2 chữ số thập phân) | G72: passed | H72: 46124
A73: TC_REV_46 | B73: Xác nhận hệ thống hiển thị đúng khi chủ của hàng chọn lọc theo thời gian | C73: 1. Chọn filter theo thời gian | D73: Có dữ liệu | E73: Hiển thị đúng thời gian đã lọc | F73: Hệ thống trả về kết quả đơn hàng chính xác theo đúng khoảng thời gian đã chọn lọc | G73: passed | H73: 46124
A74: TC_REV_47 | B74: Xác nhận hệ thống hiển thị đúng khi chủ của hàng chọn lọc theo trạng thái | C74: 1. Chọn trạng thái | D74: Có dữ liệu | E74: Hiển thị đúng trạng thái đã lọc | F74: Hệ thống hiển thị đúng các đơn hàng có trạng thái khớp với tiêu chí đã lọc | G74: passed | H74: 46124
A75: TC_REV_48 | B75: Xác nhận hệ thống hiển thị đúng khi không có dữ liệu | C75: 1. Lọc dữ liệu rỗng | D75: N/A | E75: Hiển thị danh sách rỗng | F75: Khi lọc với các tiêu chí không có dữ liệu thỏa mãn, hệ thống hiển thị danh sách rỗng | G75: passed | H75: 46124
A76: TC_REV_49 | B76: Xác nhận hệ thống hiển thị đúng kết quả khi tìm theo mã đơn | C76: 1. Nhập mã 2. Enter | D76: Có dữ liệu | E76: Hiển thị mã đúng đơn cần tìm | F76: Hệ thống tìm thấy và hiển thị đúng mã đơn hàng cần tìm sau khi nhập mã và Enter | G76: passed | H76: 46124
A77: TC_REV_50 | B77: Xác nhận hệ thống hiển thị đúng kết quả khi tìm theo tên khách hàng | C77: 1. Nhập tên 2. Enter | D77: Có dữ liệu | E77: Hiển thị đúng tên khách hàng cần tìm | F77: Hệ thống hiển thị chính xác các đơn hàng ứng với tên khách hàng cần tìm | G77: passed | H77: 46124
... A96: TC_REV_69 | B96: Xác nhận hệ thống vô hiệu hóa nút Next khi người dùng đang ở trang cuối cùng | C96: 1. Ở trang cuối 2. Click next | D96: Trang cuối | E96: Nút "Next" bị vô hiệu hóa (không cho phép click) khi người dùng đang ở trang cuối cùng | F96: Nút "Next" bị vô hiệu hóa (không cho phép click) khi người dùng đang ở trang cuối cùng | G96: passed | H96: 46124

Sheet Quản lý menu cửa hàng
A1: Project Name | B1: XÂY DỰNG HỆ THỐNG DISHNET - NỀN TẢNG MẠNG XÃ HỘI KINH DOANH ẨM THỰC
A2: Module Code | B2: Quản lý menu cửa hàng
A3: Người kiểm tra | B3: Lê Văn Cường
B4: Hoàn thành | C4: Lỗi | D4: Chưa kiểm tra | E4: Bị chăn | F4: Tổng số trường hợp thử nghiệm
A5: Round 1 | B5: =COUNTIF(G27:G1019,"passed") -> 86 | C5: =COUNTIF(G29:G1019,"failed") -> 5 | D5: =COUNTIF(G29:G1019,"untest") -> 0 | E5: =COUNTIF(G29:G1019,"blocked") -> 0 | F5: =COUNTIF(A26:A1015, "TC*") -> 91
A6: Round 2 | B6: =COUNTIF(I29:I1020,"passed") -> 5 | C6: =COUNTIF(I29:I1019,"failed") -> 0 | D6: =COUNTIF(I29:I1019,"untest") -> 0 | E6: =COUNTIF(I29:I1019,"blocked") -> 0 | F6: =COUNTIF(A27:A1016, "TC*") -> 91
A23: Test Case ID | B23: Mô tả | C23: Hành động | D23: Điều kiện tiên quyết | E23: Kết quả mong đợi | F23: Kết quả thực tế | G23: Kết quả | I23: Kết quả | K23: Chú thích
G24: Vòng 1 | I24: Vòng 2
G25: Trạng thái | H25: Ngày kiểm tra | I25: Trạng thái | J25: Ngày kiểm tra
A26: GUI
A27: TC_MN_01 | B27: Kiểm tra hiển thị tiêu đề trang "QUẢN LÝ MENU" | C27: 1. Truy cập vào trang Quản lý menu 2. Quan sát phần đầu của nội dung trang | D27: N/A | E27: Hệ thống hiển thị dòng chữ "QUẢN LÝ MENU" in hoa, đậm, đúng vị trí bên trái màn hình. | F27: Tiêu đề "QUẢN LÝ MENU" hiển thị rõ ràng, font chữ đồng bộ với hệ thống, không bị lỗi font hay đè chữ. | G27: passed | H27: 46125
A28: TC_MN_02 | B28: Kiểm tra hiển thị khung tìm kiếm món | C28: 1. Quan sát phía trên bên phải, cạnh nút Thêm món 2. Nhìn vào placeholder trong ô nhập | D28: N/A | E28: Hệ thống hiển thị ô nhập liệu kèm icon kính lúp và placeholder "Tìm kiếm món". | F28: Ô tìm kiếm hiển thị đúng vị trí, placeholder hiển thị mờ đúng thiết kế, icon kính lúp căn lề phải trong ô. | G28: passed | H28: 46125
A29: TC_MN_03 | B29: Kiểm tra hiển thị nút "+ Thêm món" | C29: 1. Quan sát góc trên bên phải màn hình | D29: N/A | E29: Hệ thống hiển thị nút màu xanh lá, có icon "+" và chữ "Thêm món" rõ ràng. | F29: Nút xanh lá nổi bật, chữ trắng dễ đọc, bo góc đúng chuẩn giao diện DishNet. | G29: passed | H29: 46125
A30: TC_MN_04 | B30: Kiểm tra hiển thị Card "Top món bán chạy hôm nay" | C30: 1. Quan sát bố cục khung bên trái | D30: N/A | E30: Hệ thống hiển thị khung bao gồm tiêu đề, danh sách xếp hạng 1, 2, 3 kèm ảnh và thông tin món. | F30: Khung Card hiển thị trực quan, các dòng thông tin (Tên, Giá, Lượt bán) được căn chỉnh thẳng hàng, dễ nhìn. | G30: passed | H30: 46125
A31: TC_MN_05 | B31: Kiểm tra hiển thị Card "Danh sách các món đã hết" | C31: 1. Quan sát bố cục khung bên phải | D31: N/A | E31: Hệ thống hiển thị khung có tiêu đề và dòng chữ "Xem thêm (0)" ở góc phải. | F31: Khung hiển thị đúng bố cục đối xứng với Card Top món, nội dung bên trong thông báo tình trạng món đã hết rõ ràng. | G31: passed | H31: 46125
A32: TC_MN_06 | B32: Kiểm tra hiển thị các tab phân loại món | C32: 1. Quan sát thanh phân loại phía trên bảng danh sách | D32: N/A | E32: Hệ thống hiển thị các nút: Tất cả, Món chính, Món phụ, Đồ uống. | F32: Các tab phân loại hiển thị đúng thứ tự, tab "Tất cả" đang được chọn có màu nền tối để phân biệt. | G32: passed | H32: 46125
A33: TC_MN_07 | B33: Kiểm tra hiển thị bảng danh sách món (Data Grid) | C33: 1. Quan sát các cột và hàng trong bảng | D33: N/A | E33: Hệ thống hiển thị đủ 7 cột: STT, Mã món, Tên món, Đơn giá, Số lượng đã bán, Trạng thái, Thao tác. | F33: Cấu trúc bảng ngay ngắn, tên các cột hiển thị đậm, dữ liệu trong các hàng nằm đúng cột tương ứng. | G33: passed | H33: 46125
A34: TC_MN_08 | B34: Kiểm tra hiển thị các nút chức năng Sửa/Xóa | C34: 1. Quan sát cột "Thao tác" trong bảng danh sách | D34: N/A | E34: Hệ thống hiển thị nút "Sửa" màu cam và nút "Xóa" màu đỏ cho từng dòng. | F34: Các nút thao tác hiển thị rõ ràng, màu sắc phân biệt tốt, kích thước nút vừa phải dễ tương tác. | G34: passed | H34: 46125
A35: TC_MN_09 | B35: Kiểm tra hiển thị trạng thái "Đang bán" | C35: 1. Quan sát cột "Trạng thái" của các món ăn | D35: N/A | E35: Hệ thống hiển thị chữ "Đang bán" màu xanh lá cây đậm. | F35: Trạng thái hiển thị đúng màu sắc chỉ định, giúp người dùng dễ dàng nhận diện nhanh tình trạng món. | G35: passed | H35: 46125
A36: FUNCTION
A37: TC_MN_10 | B37: Xác nhận Admin truy cập trang Quản lý menu thành công khi đăng nhập đúng | C37: 1. Truy cập hệ thống 2. Quan sát sidebar 3. Click chọn Quản lý menu | D37: Tài khoản Admin hợp lệ | E37: Hệ thống phải chuyển hướng người dùng vào giao diện Quản lý menu. | F37: Truy cập đúng trang, không giật lag. | G37: passed | H37: 46125
A38: TC_MN_11 | B38: Xác nhận hệ thống lấy danh sách món từ database thành công khi load trang | C38: 1. Tải trang Quản lý menu 2. Quan sát danh sách | D38: Database có dữ liệu món ăn | E38: Hệ thống phải hiển thị đầy đủ danh sách món ăn từ cơ sở dữ liệu. | F38: Danh sách hiện đầy đủ như database. | G38: passed | H38: 46125
A39: TC_MN_12 | B39: Xác nhận hệ thống lấy dữ liệu Top món bán chạy thành công khi tải trang | C39: 1. Truy cập trang 2. Quan sát CARD Top món bán chạy | D39: N/A | E39: Hệ thống hiển thị đúng thông tin các món có lượt bán cao nhất. | F39: Hiển thị đúng 3 món bán chạy nhất. | G39: passed | H39: 46125
A40: TC_MN_13 | B40: Xác nhận hệ thống lấy danh sách món hết hàng thành công khi tải trang | C40: 1. Truy cập trang 2. Quan sát CARD Danh sách các món đã hết | D40: N/A | E40: Hệ thống hiển thị đúng danh sách các món có số lượng bằng 0. | F40: Hiện đúng các món có tồn kho bằng 0. | G40: passed | H40: 46125
A41: TC_MN_14 | B41: Xác nhận trả về danh sách rỗng khi hệ thống không có dữ liệu | C41: 1. Xóa dữ liệu database 2. Quan sát bảng danh sách | D41: Database trống | E41: Hệ thống hiển thị thông báo hoặc bảng trống không có dữ liệu. | F41: Bảng trống, hiện thông báo không có món. | G41: passed | H41: 46125
A42: BOX SEARCH
A43: TC_MN_15 | B43: Xác nhận trả về danh sách đúng khi nhập tên món vào Box tìm kiếm | C43: 1. Click ô tìm kiếm 2. Nhập tên món hợp lệ | D43: N/A | E43: Hệ thống hiển thị đúng danh sách món ăn khớp với tên đã nhập. | F43: Hiển thị đúng kết quả tìm kiếm. | G43: passed | H43: 46125
A44: TC_MN_16 | B44: Xác nhận thực hiện tìm kiếm khi nhấn phím Enter | C44: 1. Nhập từ khóa 2. Nhấn phím Enter | D44: N/A | E44: Hệ thống phải thực hiện lọc dữ liệu ngay sau khi nhấn phím. | F44: Tìm kiếm phản hồi ngay khi nhấn phím. | G44: passed | H44: 46125
A45: TC_MN_17 | B45: Xác nhận tìm kiếm không phân biệt hoa thường khi nhập từ khóa | C45: 1. Nhập từ khóa bằng chữ thường 2. Nhấn Enter | D45: N/A | E45: Hệ thống phải hiển thị kết quả bao gồm cả chữ hoa và chữ thường. | F45: Kết quả trả về đúng món cần tìm. | G45: passed | H45: 46125
A46: TC_MN_18 | B46: Xác nhận tìm kiếm gần đúng theo tên món khi nhập từ khóa | C46: 1. Nhập một phần tên món 2. Nhấn Enter | D46: N/A | E46: Hệ thống hiển thị các món có tên chứa chuỗi ký tự đã nhập. | F46: Hiển thị các kết quả gợi ý gần đúng. | G46: passed | H46: 46125
A47: TC_MN_19 | B47: Xác nhận trả về rỗng khi tìm món không tồn tại trong hệ thống | C47: 1. Nhập tên món không tồn tại 2. Nhấn Enter | D47: N/A | E47: Hệ thống hiển thị thông báo không tìm thấy kết quả. | F47: Hiển thị thông báo không tìm thấy món. | G47: passed | H47: 46125
A48: TC_MN_20 | B48: Xác nhận không filter dữ liệu khi nhập khoảng trắng vào ô tìm kiếm | C48: 1. Nhập các khoảng trắng 2. Nhấn Enter | D48: N/A | E48: Hệ thống không thực hiện lọc hoặc hiển thị toàn bộ danh sách. | F48: Danh sách giữ nguyên hoặc hiện toàn bộ. | G48: passed | H48: 46125
A49: TC_MN_21 | B49: Xác nhận hệ thống không lỗi khi nhập ký tự đặc biệt vào ô tìm kiếm | C49: 1. Nhập ký tự đặc biệt (@, #) 2. Nhấn Enter | D49: N/A | E49: Hệ thống phải xử lý an toàn và không phát sinh lỗi mã nguồn. | F49: Xử lý chuỗi ký tự lạ bình thường. | G49: passed | H49: 46125
A50: TC_MN_22 | B50: Xác nhận không crash khi nhấn Enter nhiều lần tại ô tìm kiếm | C50: 1. Nhập từ khóa 2. Nhấn phím Enter liên tục | D50: N/A | E50: Hệ thống phải xử lý ổn định các yêu cầu dồn dập. | F50: Xử lý các request dồn dập ổn định. | G50: passed | H50: 46125
A51: TC_MN_23 | B51: Xác nhận tìm kiếm đúng khi sử dụng thao tác Copy paste từ khóa | C51: 1. Copy từ khóa 2. Paste vào ô tìm kiếm | D51: N/A | E51: Hệ thống phải nhận diện dữ liệu paste và thực hiện tìm kiếm. | F51: Thực thi tìm kiếm chính xác. | G51: passed | H51: 46125
A52: TC_MN_24 | B52: Xác nhận trả về danh sách rỗng khi API lỗi trong quá trình tìm kiếm | C52: 1. Ngắt kết nối API 2. Thực hiện tìm kiếm | D52: N/A | E52: Hệ thống hiển thị bảng trống thay vì dữ liệu cũ hoặc lỗi. | F52: Không hiện dữ liệu rác khi API lỗi. | G52: passed | H52: 46125
A53: CARD TOP BÁN CHẠY
A54: TC_MN_25 | B54: Xác nhận lấy danh sách món bán chạy trong ngày hiện tại cho CARD Top món | C54: 1. Truy cập trang 2. Quan sát CARD Top món | D54: Có đơn hàng thành công | E54: Hệ thống phải lọc đúng các món có phát sinh lượt bán trong ngày. | F54: Dữ liệu đúng theo mốc thời gian thực. | G54: passed | H54: 46125
A55: TC_MN_26 | B55: Xác nhận hệ thống sắp xếp món theo số lượng bán giảm dần tại CARD Top món | C55: 1. Quan sát thứ tự món trên CARD | D55: N/A | E55: Món bán nhiều nhất phải nằm ở vị trí đầu tiên. | F55: Thứ tự 1, 2, 3 đúng lượt bán giảm dần. | G55: passed | H55: 46125
A56: TC_MN_27 | B56: Xác nhận hiển thị 3 món có số lượng bán cao nhất | C56: 1. Đếm số lượng món hiển thị | D56: Có > 3 món bán | E56: Hệ thống chỉ được hiển thị đúng 3 món có lượt bán dẫn đầu. | F56: Hiển thị đúng 3 món cao nhất. | G56: passed | H56: 46125
A57: TC_MN_28 | B57: Xác nhận hiển thị theo số lượng thực tế nếu số lượng món < 3 | C57: 1. Quan sát CARD Top món | D57: < 3 món có lượt bán | E57: Hệ thống hiển thị đúng số lượng món thực tế đang có. | F57: Không hiện dòng trống, hiện đúng 2 món. | G57: passed | H57: 46125
A58: TC_MN_29 | B58: Xác nhận trả về danh sách rỗng nếu không có đơn hàng nào trong ngày | C58: 1. Quan sát CARD Top món | D58: Chưa có đơn hàng | E58: Hệ thống hiển thị thông báo chưa có dữ liệu bán hàng. | F58: CARD hiện thông báo chưa có dữ liệu. | G58: passed | H58: 46125
A59: TC_MN_30 | B59: Xác nhận chỉ tính các đơn hàng có trạng thái hoàn thành vào lượt bán | C59: 1. Tạo đơn "Đang xử lý" 2. Quan sát số lượt bán | D59: N/A | E59: Hệ thống không được cộng lượt bán từ các đơn chưa hoàn thành. | F59: Số lượt bán bị sai do cộng cả đơn "Đang xử lý". | G59: failed | H59: 46125 | I59: passed | J59: 46129
A60: TC_MN_31 | B60: Xác nhận không tính đơn bị hủy hoặc đang xử lý vào Top món | C60: 1. Hủy đơn hàng 2. Kiểm tra lại lượt bán | D60: N/A | E60: Hệ thống không thay đổi số lượng lượt bán của món đó. | F60: Lượt bán vẫn tăng dù đơn hàng đã bị hủy. | G60: failed | H60: 46125 | I60: passed | J60: 46129
A61: TC_MN_32 | B61: Xác nhận hệ thống xử lý lỗi không crash khi API trả dữ liệu sai cho Top món | C61: 1. Giả lập lỗi API 2. Tải lại trang | D61: N/A | E61: Hệ thống phải giữ vững giao diện và hiển thị CARD trống. | F61: Trang vẫn load, dữ liệu Top hiện rỗng. | G61: passed | H61: 46125
A62: TC_MN_33 | B62: Xác nhận Database tính tổng số lượng bán theo từng món trong ngày | C62: 1. Cộng tổng lượt bán 2. So sánh với CARD | D62: N/A | E62: Hệ thống phải tính toán chính xác tổng số lượt bán ra. | F62: Số lượt bán cộng dồn chính xác. | G62: passed | H62: 46125
A63: TC_MN_34 | B63: Xác nhận lấy danh sách món có số lượng tồn = 0 cho CARD món hết | C63: 1. Quan sát tồn kho database 2. Quan sát CARD món đã hết | D63: Có món hết hàng | E63: Hệ thống phải hiển thị đúng các món có số lượng bằng 0. | F63: Lấy dữ liệu khớp với database. | G63: passed | H63: 46125
A64: TC_MN_35 | B64: Xác nhận trả về danh sách rỗng nếu không có món nào hết hàng | C64: 1. Quan sát CARD món đã hết | D64: Tất cả món còn tồn | E64: Hệ thống hiển thị thông báo không có món nào hết hàng. | F64: Hiện thông báo đúng như giao diện. | G64: passed | H64: 46125
A65: TC_MN_36 | B65: Xác nhận cập nhật danh sách món hết hàng khi số lượng thay đổi | C65: 1. Chỉnh tồn kho về 0 2. Quan sát CARD | D65: N/A | E65: Hệ thống phải cập nhật món vừa hết hàng ngay lập tức. | F65: CARD không tự cập nhật, phải F5 mới hiện. | G65: failed | H65: 46125 | I65: passed | J65: 46129
A66: TC_MN_37 | B66: Xác nhận dữ liệu hiển thị trên CARD khớp hoàn toàn với database | C66: 1. Đối chiếu CARD với database | D66: N/A | E66: Hệ thống phải hiển thị chính xác tên và mã món. | F66: Khớp hoàn toàn tên và mã món. | G66: passed | H66: 46125
A67: BỘ LỌC
A68: TC_MN_38 | B68: Xác nhận hệ thống lọc món theo danh mục khi chọn danh mục | C68: 1. Click chọn tab "Đồ uống" 2. Quan sát danh sách | D68: N/A | E68: Hệ thống phải chỉ hiển thị các món thuộc danh mục đã chọn. | F68: Lọc đúng danh mục, không lẫn món khác. | G68: passed | H68: 46125
A69: TC_MN_39 | B69: Xác nhận hiển thị toàn bộ món khi chọn tab "Tất cả" | C69: 1. Click chọn tab "Tất cả" 2. Quan sát danh sách | D69: N/A | E69: Hệ thống phải hiển thị toàn bộ món không phân biệt danh mục. | F69: Hiện đủ tất cả các món ăn. | G69: passed | H69: 46125
A70: TC_MN_40 | B70: Xác nhận trả về danh sách rỗng khi danh mục không có món | C70: 1. Click chọn danh mục trống 2. Quan sát danh sách | D70: N/A | E70: Hệ thống hiển thị bảng trống cho danh mục đó. | F70: Hiện bảng trống, không phát sinh lỗi. | G70: passed | H70: 46125
A71: TC_MN_41 | B71: Xác nhận hệ thống lọc đúng các món đang kinh doanh khi chọn Lọc món đang bán | C71: 1. Click vào Dropdown trạng thái 2. Chọn giá trị "Đang bán" | D71: N/A | E71: Hệ thống phải hiển thị danh sách các món có trạng thái là Đang bán. | F71: Hiển thị đúng danh sách các món đang bán. | G71: passed | H71: 46125
A72: TC_MN_42 | B72: Xác nhận hệ thống lọc đúng các món đã ngừng kinh doanh khi chọn Lọc món ngừng bán | C72: 1. Click vào Dropdown trạng thái 2. Chọn giá trị "Ngừng bán" | D72: N/A | E72: Hệ thống phải hiển thị danh sách các món có trạng thái là Ngừng bán. | F72: Lọc chính xác các món ngừng bán. | G72: passed | H72: 46125
A73: TC_MN_43 | B73: Xác nhận trả về danh sách rỗng khi trạng thái không có dữ liệu | C73: 1. Click vào Dropdown trạng thái 2. Chọn trạng thái chưa có món nào | D73: Trạng thái chọn không có dữ liệu | E73: Hệ thống hiển thị bảng rỗng không có dữ liệu. | F73: Trả về danh sách rỗng đúng yêu cầu. | G73: passed | H73: 46125
A74: DANH SÁCH MÓN
A75: TC_MN_44 | B75: Xác nhận hệ thống lấy danh sách món từ database thành công theo cửa hàng hiện tại | C75: 1. Truy cập trang Quản lý món 2. Quan sát danh sách món | D75: Database có dữ liệu món | E75: Hệ thống phải lấy và hiển thị đúng danh sách món từ database theo cửa hàng. | F75: Danh sách hiển thị đầy đủ món của cửa hàng. | G75: passed | H75: 46125
A76: TC_MN_45 | B76: Xác nhận hệ thống sắp xếp danh sách món theo thứ tự tạo mới nhất | C76: 1. Quan sát thứ tự hiển thị của danh sách | D76: N/A | E76: Hệ thống phải sắp xếp danh sách theo thứ tự món mới tạo nằm ở đầu. | F76: Món mới tạo luôn nằm ở trên cùng. | G76: passed | H76: 46125
A77: TC_MN_46 | B77: Xác nhận hiển thị đúng số lượng món trong database lên giao diện | C77: 1. Đếm số lượng món hiển thị 2. So sánh với database | D77: N/A | E77: Hệ thống hiển thị đúng số lượng món khớp hoàn toàn với database. | F77: Số lượng hiển thị khớp với database. | G77: passed | H77: 46125
A78: TC_MN_47 | B78: Xác nhận danh sách cập nhật thêm 1 bản ghi khi thêm món mới thành công | C78: 1. Thực hiện thêm món mới thành công 2. Quan sát danh sách món | D78: N/A | E78: Hệ thống phải cập nhật thêm 1 bản ghi vào danh sách ngay lập tức. | F78: Danh sách tăng thêm 1 món vừa thêm. | G78: passed | H78: 46125
A79: TC_MN_48 | B79: Xác nhận danh sách cập nhật dữ liệu mới khi thực hiện sửa món | C79: 1. Thực hiện sửa 1 món 2. Quan sát dòng dữ liệu đó | D79: N/A | E79: Hệ thống phải cập nhật dữ liệu thông tin món mới nhất vừa sửa. | F79: Dữ liệu món được cập nhật chính xác. | G79: passed | H79: 46125
A80: TC_MN_49 | B80: Xác nhận danh sách giảm 1 bản ghi khi thực hiện xóa món thành công | C80: 1. Thực hiện xóa 1 món 2. Quan sát danh sách món | D80: N/A | E80: Hệ thống phải loại bỏ món đã xóa khỏi danh sách hiển thị. | F80: Món đã bị loại bỏ khỏi danh sách. | G80: passed | H80: 46125
A81: TC_MN_50 | B81: Xác nhận trả về danh sách rỗng khi hệ thống không có món nào | C81: 1. Kiểm tra bảng khi database không có món | D81: Database món trống | E81: Hệ thống hiển thị danh sách rỗng và thông báo không có dữ liệu. | F81: Hiện danh sách rỗng đúng thực tế. | G81: passed | H81: 46125
A82: TC_MN_51 | B82: Xác nhận hệ thống không crash khi API lấy danh sách món bị lỗi | C82: 1. Ngắt kết nối API 2. Tải lại trang danh sách món | D82: N/A | E82: Hệ thống hiển thị thông báo lỗi và không làm treo ứng dụng. | F82: Hệ thống không crash, báo lỗi API. | G82: passed | H82: 46125
A83: POPUP THÊM MÓN
A84: TC_MN_52 | B84: Xác nhận mở form thêm món thành công khi Click thêm món | C84: 1. Click vào nút Thêm món | D84: N/A | E84: Hệ thống phải hiển thị form thêm món mới cho người dùng. | F84: Form thêm món hiển thị đúng mẫu. | G84: passed | H84: 46125
A85: TC_MN_53 | B85: Xác nhận thêm món thành công khi nhập đầy đủ thông tin | C85: 1. Nhập đầy đủ thông tin 2. Nhấn nút Thêm món thành công | D85: N/A | E85: Hệ thống hiển thị thông báo thêm món thành công và cập nhật bảng. | F85: Thêm món thành công và đóng form. | G85: passed | H85: 46125
A86: TC_MN_54 | B86: Xác nhận hệ thống báo lỗi khi thêm món trùng tên đã có | C86: 1. Nhập tên món đã tồn tại 2. Nhấn nút Xác nhận | D86: Tên món đã tồn tại | E86: Hệ thống hiển thị thông báo lỗi tên món ăn đã tồn tại. | F86: Báo lỗi trùng tên chính xác. | G86: passed | H86: 46125
A87: TC_MN_55 | B87: Xác nhận upload ảnh món thành công khi chọn file ảnh hợp lệ | C87: 1. Click chọn file ảnh 2. Thực hiện tải lên | D87: File ảnh đúng định dạng | E87: Hệ thống hiển thị ảnh xem trước vừa mới upload thành công. | F87: Ảnh được tải lên và hiển thị tốt. | G87: passed | H87: 46125
A88: TC_MN_56 | B88: Xác nhận hiển thị ảnh món thành công khi dán URL ảnh hợp lệ | C88: 1. Dán URL ảnh hợp lệ vào ô nhập | D88: URL ảnh tồn tại | E88: Hệ thống phải hiển thị đúng hình ảnh từ đường dẫn URL vừa dán. | F88: Ảnh hiển thị đúng từ URL. | G88: passed | H88: 46125
A89: TC_MN_57 | B89: Xác nhận hệ thống báo lỗi khi dán URL ảnh không hợp lệ | C89: 1. Dán URL ảnh sai định dạng 2. Nhấn Xác nhận | D89: N/A | E89: Hệ thống hiển thị thông báo lỗi đường dẫn ảnh không hợp lệ. | F89: Báo lỗi URL không đúng định dạng. | G89: passed | H89: 46125
A90: TC_MN_58 | B90: Xác nhận hệ thống dùng ảnh mặc định khi không thực hiện tải ảnh món | C90: 1. Không chọn ảnh hoặc dán URL 2. Lưu món ăN | D90: N/A | E90: Hệ thống phải tự động áp dụng ảnh mặc định cho món ăn này. | F90: Món mới có ảnh mặc định của hệ thống. | G90: passed | H90: 46125
A91: TC_MN_59 | B91: Xác nhận hệ thống báo lỗi khi để trống trường Tên món | C91: 1. Để trống tên món 2. Nhấn nút Xác nhận | D91: N/A | E91: Hệ thống hiển thị thông báo yêu cầu không được để trống tên món. | F91: Hiển thị cảnh báo để trống tên. | G91: passed | H91: 46125
A92: TC_MN_60 | B92: Xác nhận hệ thống báo lỗi khi nhập tên món vượt giới hạn ký tự | C92: 1. Nhập tên món dài vượt mức 2. Nhấn nút Xác nhận | D92: N/A | E92: Hệ thống hiển thị thông báo lỗi độ dài tên món không hợp lệ. | F92: Báo lỗi tên quá dài chính xác. | G92: passed | H92: 46125
A93: TC_MN_61 | B93: Xác nhận hệ thống báo lỗi khi nhập tên món toàn bộ là khoảng trắng | C93: 1. Nhập toàn khoảng trắng vào tên 2. Nhấn Xác nhận | D93: N/A | E93: Hệ thống hiển thị thông báo lỗi tên món không được để trống. | F93: Không cho phép lưu tên toàn dấu cách. | G93: passed | H93: 46125
A94: TC_MN_62 | B94: Xác nhận trạng thái mặc định của món ăn mới là "Đang bán" | C94: 1. Quan sát trường Trạng thái khi mở form | D94: N/A | E94: Hệ thống phải hiển thị mặc định trạng thái món là Đang bán. | F94: Trạng thái mặc định đúng là Đang bán. | G94: passed | H94: 46125
A95: TC_MN_63 | B95: Xác nhận hệ thống cập nhật database khi chuyển trạng thái món sang "Ngừng bán" | C95: 1. Chọn trạng thái Ngừng bán 2. Nhấn nút Lưu | D95: N/A | E95: Hệ thống phải lưu đúng trạng thái Ngừng bán vào database. | F95: Database lưu đúng trạng thái ngừng bán. | G95: passed | H95: 46125
... A104: TC_MN_72 | B104: Xác nhận hệ thống thực hiện xóa Topping ra khỏi danh sách thành công | C104: 1. Nhấn vào nút xóa Topping | D104: Có Topping trong danh sách | E104: Hệ thống phải loại bỏ Topping đó ra khỏi món ăn ngay lập tức. | F104: Topping bị xóa khỏi danh sách món. | G104: passed | H104: 46125
A105: TC_MN_73 | B105: Xác nhận hệ thống báo lỗi khi thêm Topping bị trùng tên | C105: 1. Nhập Topping trùng tên 2. Nhấn nút Lưu | D105: N/A | E105: Hệ thống hiển thị thông báo "Tên Topping đã tồn tại". | F105: Cho phép trùng (cần xem lại code xử lý). | G105: failed | H105: 46125 | I105: passed | J105: 46129
A106: TC_MN_74 | B106: Xác nhận hệ thống báo lỗi khi nhập giá Topping nhỏ hơn 0 | C106: 1. Nhập giá Topping số âm 2. Nhấn Xác nhận | D106: N/A | E106: Hệ thống hiển thị thông báo "Giá Topping phải lớn hơn 0". | F106: Hệ thống vẫn cho lưu giá bằng 0. | G106: failed | H106: 46125 | I106: passed | J106: 46129
A107: POPUP SỬA THÔNG TIN MÓN
A108: TC_MN_75 | B108: Xác nhận hệ thống lấy đúng thông tin món theo ID khi click sửa | C108: 1. Click vào biểu tượng Sửa trên dòng món ăn 2. Quan sát dữ liệu trên form | D108: Đã có danh sách món ăn trong database. | E108: Hệ thống phải truy vấn đúng dữ liệu của món ăn đó theo ID. | F108: Form hiển thị đúng thông tin của món được chọn. | G108: passed | H108: 46125
A109: TC_MN_76 | B109: Xác nhận hệ thống load đầy đủ dữ liệu hiện tại lên form chỉnh sửa | C109: 1. Click nút Sửa 2. Đối chiếu các trường (Tên, Giá, Mô tả, Danh mục, Ảnh) | D109: N/A | E109: Hệ thống phải hiển thị toàn bộ dữ liệu hiện tại lên các ô nhập liệu. | F109: Toàn bộ thông tin cũ hiện đầy đủ trên form. | G109: passed | H109: 46125
A110: TC_MN_77 | B110: Xác nhận hệ thống cập nhật dữ liệu vào database khi thay đổi thông tin | C110: 1. Thay đổi thông tin bất kỳ 2. Nhấn nút Lưu | D110: Form sửa đang mở và có thay đổi hợp lệ. | E110: Hệ thống phải cập nhật dữ liệu mới vào cơ sở dữ liệu thành công. | F110: Dữ liệu trong database được cập nhật mới. | G110: passed | H110: 46125
A111: TC_MN_78 | B111: Xác nhận hệ thống vẫn cho phép lưu khi không thay đổi dữ liệu | C111: 1. Mở form sửa 2. Giữ nguyên thông tin 3. Nhấn nút Lưu | D111: N/A | E111: Hệ thống phải cho phép lưu mà không báo lỗi gì. | F111: Hệ thống thông báo lưu thành công. | G111: passed | H111: 46125
A112: TC_MN_79 | B112: Xác nhận hệ thống cập nhật lại danh sách topping khi xóa topping hiện có | C112: 1. Click nút xóa một Topping đang có 2. Nhấn nút Lưu | D112: Món ăn đang có sẵn Topping. | E112: Hệ thống phải cập nhật lại danh sách Topping và loại bỏ loại vừa xóa. | F112: Topping bị loại bỏ sau khi lưu. | G112: passed | H112: 46125
A113: TC_MN_80 | B113: Xác nhận hệ thống lưu topping mới vào database khi thêm thành công | C113: 1. Nhấn Thêm topping mới 2. Nhập thông tin 3. Nhấn nút Lưu | D113: N/A | E113: Hệ thống phải lưu trữ thêm Topping mới vào bảng dữ liệu tương ứng. | F113: Topping mới xuất hiện trong danh sách của món. | G113: passed | H113: 46125
A114: TC_MN_81 | B114: Xác nhận hệ thống không cho lưu khi xóa trắng tên món | C114: 1. Xóa trắng ô Tên món 2. Nhấn nút Lưu | D114: N/A | E114: Hệ thống hiển thị thông báo yêu cầu không được để trống tên món. | F114: Báo lỗi tên không được để trống. | G114: passed | H114: 46125
A115: TC_MN_82 | B115: Xác nhận hệ thống không cho lưu khi nhập giá món không hợp lệ | C115: 1. Nhập giá món là chữ hoặc số âm 2. Nhấn nút Lưu | D115: N/A | E115: Hệ thống hiển thị thông báo lỗi và không thực hiện cập nhật database. | F115: Ngăn chặn hành động lưu giá sai định dạng. | G115: passed | H115: 46125
A116: TC_MN_83 | B116: Xác nhận hệ thống không cho lưu khi danh mục không hợp lệ | C116: 1. Bỏ chọn danh mục 2. Nhấn nút Lưu | D116: N/A | E116: Hệ thống hiển thị yêu cầu bắt buộc chọn danh mục. | F116: Hiện cảnh báo đỏ tại trường danh mục. | G116: passed | H116: 46125
A117: TC_MN_84 | B117: Xác nhận hệ thống cập nhật danh sách món sau khi lưu thành công | C117: 1. Hoàn tất chỉnh sửa 2. Nhấn Lưu 3. Kiểm tra bảng danh sách | D117: N/A | E117: Hệ thống phải hiển thị thông tin mới ngay tại bảng danh sách món. | F117: Bảng danh sách hiển thị thông tin mới nhất. | G117: passed | H117: 46125
A118: TC_MN_85 | B118: Xác nhận hệ thống không crash và giữ dữ liệu cũ khi API lỗi | C118: 1. Ngắt kết nối API khi đang lưu 2. Nhấn nút Lưu | D118: N/A | E118: Hệ thống phải giữ lại dữ liệu cũ và thông báo lỗi kết nối. | F118: Không mất dữ liệu, báo lỗi API. | G118: passed | H118: 46125
A119: POPUP XÓA MÓN
A120: TC_MN_86 | B120: Xác nhận hiển thị thông báo xác nhận xóa khi click xóa | C120: 1. Nhấn nút Xóa món ăn 2. Quan sát màn hình | D120: N/A | E120: Hệ thống phải hiển thị hộp thoại hỏi "Bạn có chắc chắn muốn xóa?". | F120: Hộp thoại xác nhận xuất hiện đúng lúc. | G120: passed | H120: 46125
A121: TC_MN_87 | B121: Xác nhận thực hiện xóa món khỏi danh sách khi click xác nhận | C121: 1. Click Xóa 2. Nhấn "Xác nhận xóa" | D121: Món ăn không có ràng buộc đơn hàng. | E121: Hệ thống phải xóa món ăn ra khỏi cơ sở dữ liệu và danh sách. | F121: Món ăn biến mất khỏi bảng danh sách. | G121: passed | H121: 46125
A122: TC_MN_88 | B122: Xác nhận hệ thống giữ nguyên dữ liệu khi click hủy xóa | C122: 1. Click Xóa 2. Nhấn nút "Hủy" | D122: Đang mở hộp thoại xác nhận xóa. | E122: Hệ thống phải đóng hộp thoại và không thực hiện xóa món. | F122: Dữ liệu món ăn vẫn được giữ nguyên. | G122: passed | H122: 46125
A123: TC_MN_89 | B123: Xác nhận hệ thống không cho xóa món đang có trong đơn hàng | C123: 1. Chọn món đang có khách đặt 2. Nhấn nút Xóa | D123: Món ăn đang nằm trong đơn hàng Active. | E123: Hệ thống phải báo lỗi không thể xóa vì món đang có ràng buộc dữ liệu. | F123: Báo lỗi không thể xóa do có đơn hàng. | G123: passed | H123: 46125
A124: TC_MN_90 | B124: Xác nhận chuyển trạng thái sang ngừng bán đối với món đã từng có đơn hàng | C124: 1. Xóa món cũ đã từng bán 2. Kiểm tra trạng thái món | D124: Món ăn đã có lịch sử đơn hàng cũ. | E124: Hệ thống phải tự động chuyển trạng thái món đó sang "Ngừng bán". | F124: Món được ẩn/chuyển trạng thái ngừng bán. | G124: passed | H124: 46125
...

Sheet Quản lý đơn hàng của cửa hàng
A1: Project Name | B1: XÂY DỰNG HỆ THỐNG DISHNET - NỀN TẢNG MẠNG XÃ HỘI KINH DOANH ẨM THỰC
A2: Module Code | B2: Quản lý đơn hàng của cửa hàng
A3: Người kiểm tra | B3: Phạm Đình Vân Ly
B4: Hoàn thành | C4: Lỗi | D4: Chưa kiểm tra | E4: Bị chăn | F4: Tổng số trường hợp thử nghiệm
A5: Round 1 | B5: =COUNTIF(G27:G1012,"passed") -> 82 | C5: =COUNTIF(G27:G1012,"failed") -> 0 | D5: =COUNTIF(G27:G1012,"untest") -> 0 | E5: =COUNTIF(G27:G1012,"blocked") -> 0 | F5: =COUNTIF(A26:A1008, "TC*") -> 82
A6: Round 2 | B6: =COUNTIF(I27:I1013,"passed") -> 0 | C6: =COUNTIF(I27:I1012,"failed") -> 0 | D6: =COUNTIF(I27:I1012,"untest") -> 0 | E6: =COUNTIF(I27:I1012,"blocked") -> 0 | F6: =COUNTIF(A27:A1009, "TC*") -> 82
A23: Test Case ID | B23: Mô tả | C23: Hành động | D23: Điều kiện tiên quyết | E23: Kết quả mong đợi | F23: Kết quả thực tế | G23: Kết quả | I23: Kết quả | K23: Chú thích
G24: Vòng 1 | I24: Vòng 2
G25: Trạng thái | H25: Ngày kiểm tra | I25: Trạng thái | J25: Ngày kiểm tra
A26: GUI
A27: TC_ORD_01 | B27: Kiểm tra hiển thị thanh điều hướng trạng thái đơn hàng | C27: 1. Truy cập màn hình Đơn đặt hàng 2. Quan sát các nút trạng thái | D27: N/A | E27: Hiển thị đủ 7 tab: Chờ xác nhận, Đang chuẩn bị, Đang giao, Đã giao, Đã hủy, Trả hàng, Tất cả đơn. | F27: Các tab trạng thái hiển thị đầy đủ, rõ ràng. | G27: passed | H27: 46125
A28: TC_ORD_02 | B28: Kiểm tra hiệu ứng highlight khi chọn Tab trạng thái | C28: 1. Click lần lượt vào từng tab (VD: Đang chuẩn bị) | D28: N/A | E28: Tab được chọn phải đổi màu nền (đỏ hoặc đen) và có bo góc để phân biệt với tab khác. | F28: Tab đang chọn nổi bật hơn các tab còn lại. | G28: passed | H28: 46125
A29: TC_ORD_03 | B29: Kiểm tra hiển thị số lượng đơn hàng trên nhãn Tab | C29: 1. Quan sát con số trong ngoặc đơn trên mỗi tab | D29: Hệ thống có dữ liệu đơn hàng. | E29: Số lượng hiển thị (VD: Chờ xác nhận (3)) phải khớp với số lượng đơn thực tế bên dưới. | F29: Con số hiển thị đúng số lượng đơn tương ứng. | G29: passed | H29: 46125
A30: TC_ORD_04 | B30: Kiểm tra hiển thị ô tìm kiếm đơn hàng | C30: 1. Quan sát thanh tìm kiếm bên dưới các tab | D30: N/A | E30: Ô tìm kiếm hiển thị đúng placeholder "Tìm kiếm mã đơn, tên khách...". | F30: Thanh tìm kiếm nằm đúng vị trí, dễ nhìn. | G30: passed | H30: 46125
A31: TC_ORD_05 | B31: Kiểm tra hiển thị các Dropdown lọc (Filter) | C31: 1. Quan sát góc bên phải thanh tìm kiếm | D31: N/A | E31: Hiển thị 2 dropdown: Lọc theo thời gian (Tất cả) và Loại đơn (Tất cả đơn). | F31: Các nút lọc hiển thị đúng định dạng dropdown. | G31: passed | H31: 46125
A32: TC_ORD_06 | B32: Kiểm tra bố cục hiển thị một Card đơn hàng | C32: 1. Quan sát cấu trúc 1 đơn hàng bất kỳ | D32: N/A | E32: Phải hiển thị đủ: Mã đơn, Trạng thái (label góc phải), Thông tin khách, Danh sách món, Tổng tiền, Nút thao tác. | F32: Bố cục sắp xếp khoa học, không bị chồng chéo chữ. | G32: passed | H32: 46125
A33: TC_ORD_07 | B33: Kiểm tra hiển thị nhãn "Mới" cho đơn hàng mới | C33: 1. Tìm đơn hàng vừa phát sinh | D33: Có đơn hàng mới chưa xử lý. | E33: Hiển thị nhãn "Mới" màu xanh lá cạnh mã đơn hàng để gây chú ý. | F33: Nhãn "Mới" hiển thị đúng vị trí cạnh mã đơn. | G33: passed | H33: 46125
A34: TC_ORD_08 | B34: Kiểm tra định dạng tiền tệ (VNĐ) | C34: 1. Quan sát các mục giá tiền và phí vận chuyển | D34: N/A | E34: Số tiền phải có dấu chấm phân cách hàng nghìn và đơn vị "đ" (VD: 123.000đ). | F34: Định dạng tiền tệ hiển thị đúng chuẩn. | G34: passed | H34: 46125
A35: TC_ORD_09 | B35: Kiểm tra hiển thị Avatar và thông tin khách hàng | C35: 1. Quan sát phần thông tin người mua | D35: Khách hàng có cập nhật ảnh đại diện. | E35: Ảnh avatar hiển thị hình tròn, tên khách hàng in đậm, kèm thời gian đặt hàng. | F35: Thông tin khách hàng hiển thị rõ nét, đúng font. | G35: passed | H35: 46125
A36: TC_ORD_10 | B36: Kiểm tra hiển thị địa chỉ giao hàng (Icon định vị) | C36: 1. Quan sát dòng địa chỉ ở cuối mỗi Card | D36: N/A | E36: Địa chỉ phải đi kèm icon định vị màu hồng/đỏ và hiển thị đầy đủ text. | F36: Địa chỉ hiện đúng, có icon minh họa sinh động. | G36: passed | H36: 46125
A37: TC_ORD_11 | B37: Kiểm tra màu sắc các nút hành động (Xác nhận/Từ chối) | C37: 1. Quan sát tab "Chờ xác nhận" | D37: N/A | E37: Nút Xác nhận màu xanh lá, nút Từ chối màu đỏ để phân biệt rõ hành động. | F37: Màu sắc nút tương phản tốt, dễ phân biệt. | G37: passed | H37: 46125
A38: TC_ORD_12 | B38: Kiểm tra hiển thị liên kết "Xem chi tiết đơn hàng" | C38: 1. Quan sát phía dưới các nút thao tác | D38: N/A | E38: Dòng chữ "Xem chi tiết đơn hàng ->" có gạch chân hoặc màu khác để nhận biết là link. | F38: Liên kết hiển thị đúng style của một hyperlink. | G38: passed | H38: 46125
... A48: TC_ORD_22 | B48: Kiểm tra sự thay đổi layout linh hoạt theo trạng thái đơn hàng | C48: 1. So sánh tab Đang giao với tab Đã hủy/Trả hàng | D48: N/A | E48: Giao diện phải tự động mở rộng thêm cột thông tin bên phải để hiện Lý do hủy/Khiếu nại khi cần thiết. | F48: Layout thay đổi linh hoạt, không bị tràn viền khi thêm thông tin. | G48: passed | H48: 46125
A49: FUNCTION
A50: TC_ORD_23 | B50: Xác nhận hiển thị đúng danh sách đơn hàng theo trạng thái đã chọn khi Click từng tab | C50: 1. Truy cập màn hình Quản lý đơn hàng 2. Click lần lượt các tab: Chờ xác nhận, Đang chuẩn bị, Đang giao, Đã giao, Đã hủy, Trả hàng | D50: Có dữ liệu đơn hàng ở các trạng thái tương ứng. | E50: Hệ thống hiển thị đúng danh sách đơn hàng theo trạng thái đã chọn. | F50: Danh sách đơn hàng thay đổi chính xác theo từng tab trạng thái được click. | G50: passed | H50: 46125
A51: TC_ORD_24 | B51: Xác nhận dữ liệu load lại đúng theo tab được chọn khi Chuyển tab liên tục | C51: 1. Click chuyển đổi qua lại liên tục giữa các tab trạng thái | D51: N/A | E51: Hệ thống phải load lại đúng dữ liệu theo tab được chọn. | F51: Dữ liệu được làm mới ngay lập tức và chính xác sau mỗi lần chuyển tab. | G51: passed | H51: 46125
A52: TC_ORD_25 | B52: Xác nhận hiển thị danh sách rỗng khi chọn tab hiện không có đơn hàng | C52: 1. Click vào tab trạng thái bất kỳ | D52: Database không có đơn ở trạng thái này. | E52: Hệ thống hiển thị danh sách rỗng. | F52: Giao diện hiển thị thông báo "Không có đơn hàng" hoặc bảng trống. | G52: passed | H52: 46125
A53: TC_ORD_26 | B53: Xác nhận không xảy ra lỗi khi Click vào cùng một tab nhiều lần | C53: 1. Click liên tục vào cùng một tab trạng thái đơn hàng | D53: N/A | E53: Hệ thống hoạt động bình thường, không xảy ra lỗi. | F53: Không có lỗi phát sinh, hệ thống vẫn giữ nguyên dữ liệu tab hiện tại. | G53: passed | H53: 46125
A54: TC_ORD_27 | B54: Xác nhận không xảy ra tình trạng trùng lặp dữ liệu khi Click chuyển các tab cực nhanh | C54: 1. Click chuyển đổi giữa các tab với tốc độ cực nhanh | D54: N/A | E54: Hệ thống không xảy ra tình trạng trùng lặp dữ liệu (duplicate data). | F54: Dữ liệu hiển thị duy nhất, không bị nhân đôi các card đơn hàng. | G54: passed | H54: 46125
A55: TC_ORD_28 | B55: Xác nhận trả về đúng đơn hàng có mã tương ứng khi Nhập mã đơn hàng vào ô tìm kiếm | C55: 1. Nhập mã đơn hàng vào ô tìm kiếm 2. Nhấn phím Enter | D55: Mã đơn hàng tồn tại trong hệ thống. | E55: Hệ thống hiển thị trả về đúng đơn hàng có mã tương ứng. | F55: Kết quả trả về đúng duy nhất 1 đơn hàng khớp với mã đã nhập. | G55: passed | H55: 46125
A56: TC_ORD_29 | B56: Xác nhận trả về đúng danh sách đơn hàng của khách khi Nhập tên khách hàng vào ô tìm kiếm | C56: 1. Nhập tên khách hàng vào ô tìm kiếm 2. Nhấn phím Enter | D56: Khách hàng có đơn hàng trong hệ thống. | E56: Hệ thống hiển thị trả về đúng danh sách đơn hàng của khách hàng đó. | F56: Hiển thị đầy đủ các đơn hàng thuộc quyền sở hữu của khách hàng tìm kiếm. | G56: passed | H56: 46125
A57: TC_ORD_30 | B57: Xác nhận kết quả chính xác khi Nhập tên khách không dấu | C57: 1. Nhập tên khách hàng không có dấu (VD: "Net Hue") 2. Nhấn phím Enter | D57: Tên khách trong hệ thống có dấu. | E57: Hệ thống vẫn trả ra kết quả chính xác. | F57: Hệ thống tự động nhận diện và trả về kết quả của khách "Nét Huế". | G57: passed | H57: 46125
A58: TC_ORD_31 | B58: Xác nhận trả ra các kết quả chứa từ khóa khi Nhập một phần mã đơn hoặc tên khách | C58: 1. Nhập một phần mã đơn hoặc một phần tên khách hàng 2. Nhấn phím Enter | D58: N/A | E58: Hệ thống trả ra các kết quả có chứa từ khóa đó. | F58: Các đơn hàng có chứa chuỗi ký tự nhập vào đều được hiển thị. | G58: passed | H58: 46125
A59: TC_ORD_32 | B59: Xác nhận hiển thị lại toàn bộ danh sách khi Xóa trắng nội dung trong ô tìm kiếm | C59: 1. Xóa hết ký tự trong ô tìm kiếm | D59: Đang hiển thị kết quả tìm kiếm. | E59: Hệ thống hiển thị lại toàn bộ danh sách đơn hàng. | F59: Bộ lọc tìm kiếm được gỡ bỏ, danh sách đơn hàng quay về trạng thái ban đầu. | G59: passed | H59: 46125
A60: TC_ORD_33 | B60: Xác nhận không thực hiện filter dữ liệu khi Nhập chuỗi chỉ gồm khoảng trắng | C60: 1. Nhập các ký tự khoảng trắng vào ô tìm kiếm 2. Nhấn phím Enter | D60: N/A | E60: Hệ thống không thực hiện filter dữ liệu. | F60: Danh sách đơn hàng không thay đổi so với trước khi tìm kiếm. | G60: passed | H60: 46125
A61: TC_ORD_34 | B61: Xác nhận không bị crash khi Nhập các ký tự đặc biệt vào ô tìm kiếm | C61: 1. Nhập các ký tự như @, #, $, % vào ô tìm kiếm 2. Nhấn phím Enter | D61: N/A | E61: Hệ thống xử lý bình thường, không bị crash. | F61: Hệ thống báo "Không tìm thấy kết quả" nhưng không xảy ra lỗi ứng dụng. | G61: passed | H61: 46125
... A109: TC_ORD_82 | B109: Xác nhận không mở nhiều request khi Click nhiều lần vào Xem chi tiết | C109: 1. Nhấn liên tục vào dòng "Xem chi tiết đơn hàng" | D109: N/A | E109: Hệ thống phải xử lý để không mở nhiều yêu cầu truy cập cùng lúc. | F109: Chỉ thực hiện duy nhất 1 lần chuyển trang. | G109: passed | H109: 46125
B242: quản lý đơn hàng | C242: Tabs trạng thái đơn hàng | D242: - Click từng tab (Chờ xác nhận / Đang chuẩn bị / Đang giao / Đã giao / Đã hủy / Trả hàng) → hiển thị đúng danh sách - Chuyển tab → dữ liệu load lại đúng - Không có đơn → hiển thị danh sách rỗng - Click tab nhiều lần → không lỗi - Click tab cực nhanh → không duplicate data-
C243: Ô tìm kiếm | D243: - Nhập mã đơn → trả đúng đơn - Nhập tên khách → trả đúng danh sách - Tìm không dấu vẫn ra kết quả - Tìm gần đúng (partial) → có kết quả - Clear input → hiển thị lại toàn bộ - Nhập khoảng trắng → không filter - Nhập ký tự đặc biệt → không crash - Nhập chuỗi dài (>500 ký tự) → không vỡ UI - Spam Enter → không gửi request trùng
C244: Dropdown filter thời gian | D244: - Chọn "Tất cả" → hiển thị toàn bộ đơn - Chọn "Hôm nay" → chỉ hiển thị đơn trong ngày hiện tại - Chọn "7 ngày" → hiển thị đơn trong 7 ngày gần nhất - Chọn "30 ngày" → hiển thị đơn trong 30 ngày gần nhất - Chọn "Tùy chỉnh" → cho phép chọn khoảng ngày (from – to) - Chọn khoảng ngày hợp lệ → hiển thị đúng dữ liệu - From > To → báo lỗi / không cho chọn - Không có dữ liệu → hiển thị rỗng - Kết hợp với search → trả kết quả đúng - Kết hợp với tab trạng thái → không conflict - Click đổi filter liên tục → không lỗi - Timezone khác nhau → vẫn lọc đúng ngày - Chọn ngày tương lai → không trả dữ liệu hoặc cảnh báo
C245: Dropdown filter đơn hàng | D245: - Chọn "Tất cả đơn" → hiển thị mặc định (theo hệ thống) - Chọn "Mới nhất" → sắp xếp theo thời gian giảm dần (new → old) - Chọn "Cũ nhất" → sắp xếp tăng dần (old → new) - Đổi qua lại giữa các option → dữ liệu cập nhật đúng - Kết hợp với filter thời gian → vẫn đúng thứ tự - Kết hợp với search → không sai kết quả - Dữ liệu có cùng timestamp → vẫn giữ thứ tự ổn định - Click liên tục → không lỗi / không duplicate data
C246: Card đơn hàng | D246: - Dữ liệu đơn hàng map đúng vào từng field (món, giá, khách, địa chỉ…) - Tính đúng tiền đơn hàng: tạm tính = ∑(giá * số lượng), tổng tiền = tạm tính + phí vận chuyển - giảm giá - Áp dụng đúng giảm giá theo rule (không vượt quá giá trị đơn hàng) - Tổng tiền cuối cùng phải ≥ 0 trong mọi trường hợp - Đơn hàng phải có ít nhất 1 sản phẩm hợp lệ để được xử lý - Số lượng sản phẩm phải > 0 để được tính vào đơn hàng - Giá sản phẩm tại thời điểm đặt hàng được giữ cố định, không thay đổi theo hệ thống hiện tại - Tổng tiền đơn hàng phải khớp với chi tiết sản phẩm trong đơn - Trạng thái đơn hàng tuân theo luồng hợp lệ (không nhảy sai trạng thái) - Không cho phép chuyển ngược trạng thái đơn hàng (rollback trạng thái) - Phương thức thanh toán phải hợp lệ theo cấu hình hệ thống - Địa chỉ giao hàng phải hợp lệ để đơn được xử lý - Một đơn hàng chỉ thuộc về một khách hàng duy nhất
C247: Nút Xác nhận | D247: - Click → chuyển trạng thái "Đang chuẩn bị" - Đơn biến mất khỏi tab hiện tại --> Tab cập nhật lại số lượng - Click nhiều lần → không duplicate request
C248: Nút Từ chối | D248: - Click "Từ chối "→ chuyển trạng thái "Đã hủy" , Đơn bị remove khỏi danh sách,Tab cập nhật đúng số lượng - Spam click → không gửi nhiều request - Từ chối đơn đã xử lý → báo lỗi hợp lệ
C249: Xem chi tiết đơn hàng | D249: - Click → chuyển trang chi tiết - Hiển thị đầy đủ thông tin đơn - Đơn không tồn tại → báo lỗi - API fail → không crash - Click nhiều lần → không mở nhiều request

Sheet Quản lý khuyến mãi cửa hàng
A1: Project Name | B1: XÂY DỰNG HỆ THỐNG DISHNET - NỀN TẢNG MẠNG XÃ HỘI KINH DOANH ẨM THỰC
A2: Module Code | B2: Quản lý khuyến mãi cửa hàng
A3: Người kiểm tra | B3: Trần Thị Mai Yên
B4: Hoàn thành | C4: Lỗi | D4: Chưa kiểm tra | E4: Bị chăn | F4: Tổng số trường hợp thử nghiệm
A5: Round 1 | B5: =COUNTIF(G27:G997,"passed") -> 65 | C5: =COUNTIF(G27:G997,"failed") -> 0 | D5: =COUNTIF(G27:G997,"untest") -> 0 | E5: =COUNTIF(G27:G997,"blocked") -> 0 | F5: =COUNTIF(A26:A993, "TC*") -> 65
A6: Round 2 | B6: =COUNTIF(I27:I998,"passed") -> 0 | C6: =COUNTIF(I27:I997,"failed") -> 0 | D6: =COUNTIF(I27:I997,"untest") -> 0 | E6: =COUNTIF(I27:I997,"blocked") -> 0 | F6: =COUNTIF(A27:A994, "TC*") -> 65
A23: Test Case ID | B23: Mô tả | C23: Hành động | D23: Điều kiện tiên quyết | E23: Kết quả mong đợi | F23: Kết quả thực tế | G23: Kết quả | I23: Kết quả | K23: Chú thích
G24: Vòng 1 | I24: Vòng 2
G25: Trạng thái | H25: Ngày kiểm tra | I25: Trạng thái | J25: Ngày kiểm tra
A26: GUI
A27: TC_PROM_01 | B27: Kiểm tra hiển thị tiêu đề và nút Thêm khuyến mãi | C27: 1. Truy cập màn hình Khuyến mãi 2. Quan sát tiêu đề trang và nút chức năng góc trên bên phải | D27: N/A | E27: Hệ thống hiển thị đúng tiêu đề "QUẢN LÝ KHUYẾN MÃI" in đậm và nút "+ Thêm khuyến mãi" màu xanh lá. | F27: Tiêu đề và nút hiển thị đúng màu sắc và font chữ theo thiết kế. | G27: passed | H27: 46125
A28: TC_PROM_02 | B28: Kiểm tra placeholder của ô tìm kiếm chương trình | C28: 1. Quan sát ô nhập liệu tìm kiếm ở giữa trang | D28: N/A | E28: Hệ thống hiển thị placeholder: "Tìm kiếm tên mã, code khuyến mãi" kèm icon kính lúp. | F28: Placeholder hiển thị rõ ràng, giúp người dùng nhận diện chức năng. | G28: passed | H28: 46125
A29: TC_PROM_03 | B29: Kiểm tra màu sắc của các nhãn trạng thái khuyến mãi | C29: 1. Quan sát cột trạng thái bên phải các Card khuyến mãi | D29: Hệ thống có sẵn các mã khuyến mãi với đầy đủ các trạng thái: Sắp diễn ra, Đang diễn ra, Đã kết thúc | E29: Nhãn trạng thái phải đúng màu: Sắp diễn ra (Xám), Đang diễn ra (Xanh lá), Đã kết thúc (Đỏ). | F29: Các nhãn trạng thái hiển thị màu sắc tương ứng, dễ phân biệt. | G29: passed | H29: 46125
A30: TC_PROM_04 | B30: Kiểm tra hiển thị biểu tượng xác thực (check xanh) cạnh mã khuyến mãi | C30: 1. Quan sát phần hiển thị mã | D30: Mã khuyến mãi đã được hệ thống xác thực và hiển thị trên danh sách | E30: Hệ thống hiển thị icon dấu tích xanh (check) ngay trước nhãn "Mã :" để biểu thị mã hợp lệ. | F30: Icon check xanh hiển thị đúng vị trí và kích thước. | G30: passed | H30: 46125
A31: TC_PROM_05 | B31: Kiểm tra giao diện Modal "Thêm mã khuyến mãi" | C31: 1. Nhấn nút "+ Thêm khuyến mãi" | D31: N/A | E31: Hệ thống hiển thị một Modal đè lên lớp nền mờ (overlay), tiêu đề Modal là "Thêm mã khuyến mãi". | F31: Modal xuất hiện mượt mà, căn giữa màn hình. | G31: passed | H31: 46125
A32: TC_PROM_06 | B32: Kiểm tra các placeholder trong Modal thêm mới | C32: 1. Quan sát các ô nhập liệu trong Modal | D32: Modal Thêm mã khuyến mãi đang được mở | E32: Các ô phải có placeholder ví dụ: "VD: GIẢM 20% CUỐI TUẦN", "VD: SUMMER20", "VD: 15000",... | F32: Các gợi ý (VD) hiển thị mờ trong ô nhập liệu giúp người dùng dễ hiểu. | G32: passed | H32: 46125
A33: TC_PROM_07 | B33: Kiểm tra hiển thị các Radio Button lựa chọn loại khuyến mãi | C33: 1. Quan sát mục "Loại khuyến mãi" trong Modal | D33: Modal Thêm mã khuyến mãi đang được mở | E33: Hệ thống hiển thị 3 tùy chọn: Giảm theo %, Giảm theo số tiền, Miễn phí vận chuyển kèm icon Radio tương ứng. | F33: Các nút Radio hiển thị đồng nhất, tùy chọn mặc định được tô màu xanh. | G33: passed | H33: 46125
A34: TC_PROM_08 | B34: Kiểm tra hiển thị các icon lịch (Calendar) trong ô chọn thời gian | C34: 1. Quan sát ô Ngày bắt đầu và Ngày kết thúc | D34: Modal Thêm mã khuyến mãi đang được mở | E34: Cuối mỗi ô chọn ngày phải hiển thị icon lịch màu đen để người dùng nhận diện bộ chọn ngày. | F34: Icon lịch hiển thị đúng vị trí trong các ô input date. | G34: passed | H34: 46125
A35: TC_PROM_09 | B35: Kiểm tra màu sắc nút hành động trong Modal | C35: 1. Quan sát hai nút dưới cùng của Modal | D35: Modal Thêm mã khuyến mãi đang được mở | E35: Nút hành động phải đúng màu: Nút "Hủy" (Viền xám, nền trắng), Nút "Thêm" (Nền đỏ). | F35: Màu sắc các nút chức năng nổi bật, nút Thêm có màu đỏ đặc trưng của hệ thống. | G35: passed | H35: 46125
A36: TC_PROM_10 | B36: Kiểm tra tính nhất quán của các Card khuyến mãi | C36: 1. So sánh các Card khuyến mãi, và Ưu đãi khung giờ | D36: Trang Quản lý khuyến mãi đã load đầy đủ dữ liệu từ Database | E36: Mỗi Card phải có đầy đủ: Hình ảnh minh họa, Tên, Loại KM, Mã, Đơn tối thiểu, Đã dùng, Thời gian và các nút Sửa/Xóa. | F36: Cấu trúc các Card đơn hàng đồng nhất, không bị xô lệch layout. | G36: passed | H36: 46125
A37: FUNCTION
A38: TC_PROM_11 | B38: Xác nhận trạng thái "Đang diễn ra" khi thời gian hiện tại nằm trong khoảng hiệu lực | C38: 1. Kiểm tra trạng thái của Promotion có thời gian hiện tại phải nằm trong khoảng từ ngày bắt đầu đến ngày kết thúc của chương trình khuyến mãi | D38: Có dữ liệu Promotion trong khoảng thời gian hiện tại. | E38: Hệ thống hiển thị trạng thái là "Đang diễn ra" | F38: Trạng thái hiển thị đúng là "Đang diễn ra". | G38: passed | H38: 46125
A39: TC_PROM_12 | B39: Xác nhận Promotion chuyển sang "Đang diễn ra" đúng thời điểm bắt đầu | C39: 1. Quan sát trạng thái Promotion khi thời gian hệ thống chạm mốc start_date | D39: Promotion đang ở trạng thái "Chưa bắt đầu". | E39: Hệ thống phải chuyển trạng thái sang "Đang diễn ra" ngay lập tức. | F39: Trạng thái cập nhật thời gian thực chính xác. | G39: passed | H39: 46125
A40: TC_PROM_13 | B40: Xác nhận Promotion chuyển sang "Đã kết thúc" khi hết hạn | C40: 1. Quan sát trạng thái Promotion khi thời gian hệ thống vượt quá end_date | D40: Promotion đang ở trạng thái "Đang diễn ra". | E40: Hệ thống phải chuyển trạng thái sang "Đã kết thúc" ngay khi NOW > end_date. | F40: Tự động chuyển sang "Đã kết thúc" đúng giây. | G40: passed | H40: 46125
A41: TC_PROM_14 | B41: Xác nhận không áp dụng được khuyến mãi khi chưa đến thời gian bắt đầu | C41: 1. Đăng nhập vào DishNet 2. Chọn món và tiến hành đặt hàng 3. Nhập mã khuyến mãi có start_date > NOW | D41: Promotion có start_date trong tương lai. | E41: Hệ thống không cho phép áp dụng mã khuyến mãi này vào đơn hàng. | F41: Hiển thị thông báo "Mã chưa đến thời gian sử dụng". | G41: passed | H41: 46125
A42: TC_PROM_15 | B42: Xác nhận khuyến mãi bị loại khỏi logic áp dụng khi đã hết hạn | C42: 1. Đăng nhập vào DishNet 2. Tiến hành đặt hàng và nhập mã khuyến mãi có end_date < NOW | D42: Promotion tồn tại trong DB nhưng đã hết hạn. | E42: Hệ thống phải loại bỏ mã này khỏi logic áp dụng dù vẫn còn trong DB. | F42: Không tìm thấy mã hoặc báo mã đã hết hạn. | G42: passed | H42: 46125
A43: TC_PROM_16 | B43: Xác nhận trạng thái khuyến mãi luôn tính từ thời gian thực (không phụ thuộc cache) | C43: 1. Thay đổi thời gian hệ thống hoặc DB 2. Kiểm tra trạng thái trên UI | D43: N/A | E43: Trạng thái promotion không phụ thuộc cache/UI mà phải tính toán từ thời gian thực. | F43: Trạng thái luôn khớp với logic thời gian thực. | G43: passed | H43: 46125
A44: TC_PROM_17 | B44: Xác nhận tìm kiếm đúng theo cơ chế partial matching (LIKE %keyword%) | C44: 1. Nhập một phần tên hoặc mã code vào ô tìm kiếm 2. Nhấn Enter | D44: N/A | E44: Hệ thống trả về các Promotion có tên hoặc mã chứa từ khóa đã nhập. | F44: Kết quả tìm kiếm hiển thị chính xác các bản ghi liên quan. | G44: passed | H44: 46125
A45: TC_PROM_18 | B45: Xác nhận tìm kiếm không phân biệt hoa thường và khoảng trắng thừa (Normalize dữ liệu) | C45: 1. Nhập từ khóa có khoảng trắng thừa hoặc chữ hoa/thường lẫn lộn | D45: N/A | E45: Hệ thống phải thực hiện trim và lowercase dữ liệu trước khi so sánh để trả về đúng kết quả. | F45: Tìm kiếm thông minh, trả về đúng dữ liệu. | G45: passed | H45: 46125
A46: TC_PROM_19 | B46: Xác nhận tìm kiếm đúng khi từ khóa chứa khoảng trắng ở giữa | C46: 1. Nhập từ khóa có khoảng trắng giữa chuỗi (VD: "SUM MER") | D46: Có mã khuyến mãi là "SUMMER". | E46: Hệ thống vẫn phải thực hiện match đúng dữ liệu tương ứng. | F46: Kết quả trả về đúng bản ghi mong muốn. | G46: passed | H46: 46125
A47: TC_PROM_20 | B47: Xác nhận hiển thị toàn bộ dataset khi từ khóa tìm kiếm rỗng | C47: 1. Để trống ô tìm kiếm và nhấn Enter | D47: N/A | E47: Hệ thống hiển thị toàn bộ danh sách nhưng vẫn phải giữ đúng các điều kiện filter khác (nếu có). | F47: Hiển thị đầy đủ dữ liệu theo các bộ lọc hiện tại. | G47: passed | H47: 46125
A48: TC_PROM_21 | B48: Xác nhận áp dụng tìm kiếm trước khi phân trang | C48: 1. Thực hiện tìm kiếm từ khóa 2. Kiểm tra tổng số record và số trang | D48: Dữ liệu tìm kiếm có nhiều hơn 1 trang. | E48: Hệ thống phải áp dụng lọc trước khi phân trang để đảm bảo tổng số record hiển thị đúng. | F48: Số lượng bản ghi và số trang hiển thị khớp với kết quả tìm kiếm. | G48: passed | H48: 46125
A49: TC_PROM_22 | B49: Xác nhận bộ lọc trạng thái dựa trên logic thời gian thực | C49: 1. Chọn lọc theo trạng thái (Đang diễn ra/Đã kết thúc) | D49: N/A | E49: Hệ thống phải lọc dựa trên tính toán thời gian thực, không dùng trường (field) tĩnh trong DB. | F49: Danh sách lọc luôn đúng với thời điểm hiện tại. | G49: passed | H49: 46125
... A92: TC_PROM_65 | B92: Xác nhận hệ thống hiển thị thông báo lỗi xử lý mã hết hạn ngay tại bước thanh toán cuối cùng | C92: 1. Mở trang thanh toán lúc mã còn hạn 2. Chờ mã hết hạn rồi mới nhấn "Đặt hàng" | D92: Khuyến mãi hết hạn đúng lúc người dùng đang thực hiện thanh toán. | E92: Mã phải bị từ chối ở bước xác nhận cuối cùng, hệ thống yêu cầu người dùng tải lại đơn hàng. | F92: Hệ thống báo lỗi mã hết hạn và yêu cầu load lại đơn hàng. | G92: passed | H92: 46125
C322: quản lý khuyến mãi | D322: happycase | E322: - Promotion được xác định “Đang diễn ra” khi NOW nằm trong [start_date, end_date] (bao gồm biên) - Promotion chuyển từ “Chưa bắt đầu” → “Đang diễn ra” đúng tại thời điểm NOW = start_date - Promotion chuyển từ “Đang diễn ra” → “Đã kết thúc” đúng tại thời điểm NOW > end_date - Promotion có start_date > NOW luôn không được áp dụng vào đơn hàng - Promotion có end_date < NOW luôn bị loại khỏi logic áp dụng dù vẫn còn trong DB - Trạng thái promotion không phụ thuộc cache/UI mà phải tính từ thời gian thực
D323: Tìm kiếm (Search logic) | E323: - Keyword match theo tên hoặc code bằng cơ chế partial matching (LIKE %keyword%) - Search phải normalize dữ liệu (trim + lowercase) trước khi so sánh - Keyword chứa khoảng trắng giữa chuỗi vẫn match đúng (vd: "SUM MER") - Keyword rỗng trả toàn bộ dataset nhưng không bypass các điều kiện filter khác - Keyword không tồn tại trả danh sách rỗng nhưng không gây lỗi query - Keyword chứa ký tự đặc biệt không được phá vỡ câu query (SQL safe) - Search phải áp dụng trước phân trang để đảm bảo tổng record đúng - Search kết hợp filter phải trả đúng tập giao nhau (AND condition)
D324: Bộ lọc (Filter) | E324: - Filter theo trạng thái phải dựa trên logic thời gian thực, không dùng field tĩnh - Filter theo loại promotion phải map đúng với type trong DB (PERCENT / FIXED / FREESHIP) - Kết hợp nhiều filter phải dùng AND logic, không được OR sai - Khi không có record phù hợp filter → trả danh sách rỗng (không fallback) - Reset filter phải khôi phục đầy đủ dataset ban đầu (không giữ state cũ)
D325: Tạm dừng / kích hoạt | E325: - Promotion bị tạm dừng không được áp dụng vào đơn hàng dù còn trong thời gian hiệu lực - Khi kích hoạt lại, promotion chỉ hoạt động nếu NOW <= end_date - Trạng thái tạm dừng là override cao hơn trạng thái thời gian - Việc tạm dừng không làm thay đổi usage_count hoặc usage_limit
D326: Xóa | E326: - Promotion chưa từng được sử dụng có thể bị xóa hoàn toàn khỏi hệ thống - Promotion đã được sử dụng không được xóa cứng nếu có ràng buộc với order - Nếu soft delete, promotion không được xuất hiện trong search/filter nhưng vẫn tồn tại DB - Xóa promotion không được làm mất hoặc sai lệch dữ liệu order đã áp dụng trước đó
D327: Nhân bản | E327: - Duplicate phải tạo promotion mới với promotion_code khác hoàn toàn (unique) - Không được duplicate nếu code mới bị trùng (kể cả khác hoa thường) - usage_count của bản copy luôn phải reset về 0 - usage_limit phải được giữ nguyên nhưng không được nhỏ hơn usage_count mới (0) - Nếu giữ nguyên thời gian, promotion mới có thể rơi vào trạng thái “Đã kết thúc” ngay sau khi tạo - Nếu hệ thống auto set lại thời gian, start_date mới phải > NOW - Trạng thái của bản copy phải được tính lại, không kế thừa trạng thái tạm dừng - Promotion copy phải hoạt động độc lập, không ảnh hưởng promotion gốc
D328: Chỉnh sửa | E328: - Dữ liệu load vào popup phải đúng với record hiện tại trong DB (không stale data) - Không cho phép edit promotion_code để đảm bảo định danh - Nếu promotion đã có usage_count > 0, không cho giảm usage_limit < usage_count - Không cho thay đổi type khi đã có đơn áp dụng (tránh sai logic lịch sử) - Không cho thay đổi value gây sai lệch các đơn đã áp dụng trước đó - Không cho set end_date < NOW đối với promotion đang active - Sau khi edit, trạng thái promotion phải được tính lại theo dữ liệu mới
D329: popup tạo | E329: - Promotion_code phải unique theo phạm vi hệ thống hoặc shop - So sánh unique phải không phân biệt hoa thường - Giá trị nhập vào phải được trim trước khi lưu - Không cho phép code rỗng hoặc chỉ chứa khoảng trắng Type & Value - Percent phải thỏa 0 < value ≤ 100, nếu vượt → reject - Percent với max_discount phải đảm bảo max_discount ≥ 0 - Fixed amount phải > 0 và không làm tổng tiền âm khi áp dụng - Freeship không phụ thuộc value nhưng chỉ hợp lệ khi có shipping_fee > 0 - Không cho phép value âm ở bất kỳ loại nào Điều kiện áp dụng - min_order phải ≥ 0, nếu < 0 → reject - Promotion chỉ áp dụng khi order_total ≥ min_order - Order_total = min_order vẫn được áp dụng (boundary) Usage limit - usage_limit = null → không giới hạn số lượt sử dụng - usage_limit = 0 → promotion không thể được áp dụng - usage_limit phải ≥ usage_count tại mọi thời điểm - Không cho phép giá trị âm Thời gian - start_date phải < end_date, nếu không → reject - start_date = end_date cần được xử lý theo rule (cho phép hoặc reject rõ ràng) - Promotion không được tạo với end_date < NOW - Tất cả thời gian phải được lưu và so sánh theo cùng timezone
E330: - Promotion chỉ áp dụng khi đồng thời thỏa: thời gian + trạng thái + min_order + usage_limit - Nếu 1 trong các điều kiện không thỏa → promotion không được áp dụng - Nếu có max_discount → discount không vượt quá max_discount - Fixed discount không vượt quá order_total - Freeship chỉ ảnh hưởng shipping_fee, không ảnh hưởng item_total - Tổng tiền sau giảm phải luôn ≥ 0 - Order_total = 0 → mọi loại promotion đều không được áp dụng - Discount > order_total → phải được clamp về đúng order_total - Promotion hết hạn trong lúc đang checkout → phải bị reject tại bước apply cuối - Hệ thống phải xử lý đúng khi timezone client khác timezone server

Sheet Tìm kiếm
A1: Project Name | B1: XÂY DỰNG HỆ THỐNG DISHNET - NỀN TẢNG MẠNG XÃ HỘI KINH DOANH ẨM THỰC
A2: Module Code | B2: Tìm kiếm
A3: Người kiểm tra | B3: Huỳnh Thị Vy
B4: Hoàn thành | C4: Lỗi | D4: Chưa kiểm tra | E4: Bị chăn | F4: Tổng số trường hợp thử nghiệm
A5: Round 1 | B5: =COUNTIF(G27:G75,"passed") -> 46 | C5: =COUNTIF(G27:G977,"failed") -> 2 | D5: =COUNTIF(G27:G977,"untest") -> 0 | E5: =COUNTIF(G27:G977,"blocked") -> 0 | F5: =COUNTIF(A23:A973, "TC*") -> 48
A6: Round 2 | B6: =COUNTIF(I27:I75,"passed") -> 2 | C6: =COUNTIF(I27:I977,"failed") -> 0 | D6: =COUNTIF(G27:G977,"untest") -> 0 | E6: =COUNTIF(G27:G977,"blocked") -> 0 | F6: =COUNTIF(A24:A974, "TC*") -> 48
A23: Test Case ID | B23: Mô tả | C23: Hành động | D23: Điều kiện tiên quyết | E23: Kết quả mong đợi | F23: Kết quả thực tế | G23: Kết quả | I23: Kết quả | K23: Chú thích
G24: Vòng 1 | I24: Vòng 2
G25: Trạng thái | H25: Ngày kiểm tra | I25: Trạng thái | J25: Ngày kiểm tra
A26: GUI
A27: TC_SR_01 | B27: Kiểm tra hiển thị ô tìm kiếm | C27: 1. Truy cập trang 2. Quan sát thanh tìm kiếm | D27: Người dùng truy cập hệ thống | E27: Hiển thị ô tìm kiếm có thể nhập, có placeholder | F27: Ô tìm kiếm hiển thị ở header, cho phép nhập liệu và có placeholder hiển thị rõ nét | G27: passed | H27: 46125
A28: TC_SR_02 | B28: Kiểm tra bộ lọc “Tất cả” | C28: 1. Quan sát sidebar trái | D28: Trang kết quả tìm kiếm | E28: “Tất cả” được chọn mặc định | F28: Các tùy chọn: “Món ăn”, “Cửa hàng”, “Bài viết/Review”, “Người dùng” mặc định bật khi tìm kiếm | G28: passed | H28: 46125
A29: TC_SR_03 | B29: Kiểm tra toggle “Món ăn”, “Cửa hàng”, “Bài viết/Review”, “Người dùng” | C29: 1. Bật/tắt toggle | D29: Có kết quả tìm kiếm | E29: Toggle thay đổi trạng thái ON/OFF | F29: Khi click vào các toggle, màu sắc của nút thay đổi để biểu thị trạng thái đang được chọn | G29: passed | H29: 46125
A30: TC_SR_04 | B30: Kiểm tra khu vực | C30: 1. Quan sát phần “Khu vực” | D30: Trang hiển thị | E30: Hiển thị các tùy chọn: Gần bạn, theo quận/khu vực | F30: Các tùy chọn hiển thị đúng, màu sắc rõ ràng, đúng vị trí | G30: passed | H30: 46125
A31: TC_SR_05 | B31: Kiểm tra input “Nhập địa điểm” | C31: 1. Click vào input 2. Nhập địa điểm | D31: Trang hiển thị | E31: Cho phép nhập và hiển thị text | F31: Cho phép nhập dữ liệu và hiển thị đúng nội dung đã nhập | G31: passed | H31: 46125
A32: TC_SR_06 | B32: Kiểm tra bộ lọc “Độ phổ biến” | C32: 1. Quan sát phần bộ lọc | D32: Trang hiển thị | E32: Hiển thị các tùy chọn: Đang hot, Nhiều lượt mua, Được review nhiều | F32: hiển thị đầy đủ các tùy chọn: Đang hot, Nhiều lượt mua, Được review nhiều, có thể bật/tắt các toggle | G32: passed | H32: 46125
A33: TC_SR_07 | B33: Kiểm tra card bài viết | C33: 1. Quan sát bài review | D33: Có dữ liệu | E33: Hiển thị avatar, tên, nội dung, hình ảnh đầy đủ | F33: Card bài viết hiển thị đầy đủ thông tin (avatar, tên, nội dung, hình ảnh), đúng vị trí, không chồng lấn nhau | G33: passed | H33: 46125
A34: TC_SR_08 | B34: Kiểm tra hình ảnh bài viết | C34: 1. Quan sát ảnh trong bài viết | D34: Có bài viết | E34: Hình ảnh hiển thị đúng, không vỡ | F34: Hình ảnh trong bài viết hiển thị rõ ràng, đúng kích thước, không bị vỡ | G34: passed | H34: 46125
A35: TC_SR_09 | B35: Kiểm tra nút “Yêu thích” | C35: 1. Quan sát icon tim | D35: Có bài viết | E35: Hiển thị icon tim | F35: Hiển thị đúng vị trí, rõ ràng, có sự thay đổi màu sắc khi click vào icon | G35: passed | H35: 46125
A36: TC_SR_10 | B36: Kiểm tra nút “Bình luận” | C36: 1. Quan sát icon comment | D36: Có bài viết | E36: Hiển thị icon bình luận | F36: hiển thị đúng, dễ nhận biết, có hiển thị bình luận khi click vao icon | G36: passed | H36: 46125
A37: TC_SR_11 | B37: Kiểm tra nút “Đặt món” | C37: 1. Quan sát button | D37: Có bài viết | E37: Hiển thị nút “Đặt món” rõ ràng | F37: hiển thị rõ ràng, đúng vị trí, enable | G37: passed | H37: 46125
A38: TC_SR_12 | B38: Kiểm tra danh sách món ăn | C38: 1. Quan sát danh sách bên dưới | D38: Có kết quả | E38: Hiển thị danh sách món ăn đầy đủ | F38: Danh sách món ăn hiển thị đầy đủ thông tin (tên, hình ảnh, giá, rating) | G38: passed | H38: 46125
... A41: TC_SR_15 | B41: Kiểm tra responsive | C41: 1. Resize trình duyệt | D41: Trang đang mở | E41: Giao diện không bị vỡ layout | F41: Khi resize màn hình, giao diện vẫn hiển thị tốt, không bị vỡ layout | G41: passed | H41: 46125
A42: FUNCTION
A43: TC_SR_16 | B43: Xác nhận hiển thị đúng kết quả khi người dùng nhập từ khóa tìm kiếm hợp lệ | C43: 1. Nhập từ khóa hợp lệ 2. Nhấn Enter | D43: Có dữ liệu trong hệ thống | E43: Hệ thống hiển thị danh sách kết quả liên quan đến từ khóa tìm kiếm | F43: Trả về danh sách tìm kiếm đúng với từ khóa đã nhập | G43: passed | H43: 46125
A44: TC_SR_17 | B44: Xác nhận hiển thị đúng lịch sử khi người dùng đã từng tìm kiếm | C44: 1. Nhập từ khóa đã tìm trước đó 2. Nhấn Enter | D44: Có lịch sử tìm kiếm | E44: Hiển thị kết quả liên quan và ưu tiên kết quả đã từng tương tác | F44: Các từ khóa đã tìm kiếm trước đó được ưu tiên hiển thị ở đầu danh sách gợi ý | G44: passed | H44: 46125
A45: TC_SR_18 | B45: Xác nhận rằng nội dung hiển thị đúng khi người dùng nhấp vào kết quả tìm kiếm | C45: 1. Nhập từ khóa 2. Click vào 1 kết quả | D45: Có dữ liệu | E45: Điều hướng đến trang chi tiết đúng của item | F45: Khi click vào một món ăn trong kết quả, hệ thống điều hướng đúng về trang chi tiết món đó | G45: passed | H45: 46125
A46: TC_SR_19 | B46: Xác nhận hiển thị đúng khi kết quả có rating cao được ưu tiên hiển thị lên trước | C46: 1. Nhập từ khóa 2. Nhấn Enter | D46: Có dữ liệu | E46: Kết quả có rating cao hiển thị ở vị trí đầu | F46: Các món ăn có rating cao được ưu tiên hiển thị ở các vị trí đầu tiên | G46: passed | H46: 46125
A47: TC_SR_20 | B47: Xác nhận hệ thống phản hồi nhanh và trả về kết quả trong thời gian chấp nhận được khi thực hiện tìm kiếm | C47: 1. Nhập từ khóa 2. Nhấn Enter | D47: N/A | E47: Kết quả trả về trong ≤ 3 giây | F47: Thời gian phản hồi kết quả chậm >3 giây, gây cảm giác giật lag khi tìm kiếm | G47: passed | H47: 46125
A48: TC_SR_21 | B48: Xác nhận hệ thống hiển thị thông báo lỗi khi không nhập từ khóa | C48: 1. Để trống ô tìm kiếm 2. Nhấn Enter | D48: N/A | E48: Hệ thống không thực hiện tìm kiếm | F48: Hệ thống không thực hiện lệnh tìm kiếm và không báo lỗi khi ô nhập để trống | G48: passed | H48: 46125
A49: TC_SR_22 | B49: Xác nhận hệ thống hiển thị thông báo lỗi khi nhập từ khóa tìm kiếm không hợp lệ | C49: 1. Nhập ký tự đặc biệt 2. Nhấn Enter | D49: N/A | E49: Hiển thị cảnh báo hoặc rỗng danh sách tìm kiếm | F49: Khi nhập từ khóa không hợp lệ, hệ thống không crash và hiển thị rỗng | G49: passed | H49: 46125
A50: TC_SR_23 | B50: Xác nhận hệ thống hiển thị đúng kết quả khi từ khóa chứa ký tự đặc biệt hợp lệ | C50: 1. Nhập từ khóa hợp lệ có ký tự đặc biệt 2. Enter | D50: Có dữ liệu | E50: Hiển thị kết quả liên quan | F50: Khi nhập ký tự đặc biệt, hệ thống vẫn xử lý ổn định, không bị lỗi | G50: passed | H50: 46125
A51: TC_SR_24 | B51: Xác nhận hệ thống xử lý tìm kiếm đúng khi phân biệt chữ hoa và chữ thường | C51: 1. Nhập chữ hoa/thường khác nhau 2. Enter | D51: Có dữ liệu | E51: Hệ thống tự động xử lý các ký tự đúng format và trả về kết quả tương ứng | F51: Hệ thống thông báo "Không có kết quả tìm kiếm", không xử lý đúng khi nhập tìm kiếm có chữ hoa chữ thường lẫn lộn | G51: passed | H51: 46125
A52: TC_SR_25 | B52: Xác nhận hệ thống hiển thị đúng kết quả khi nhập từ khóa có dấu và không dấu | C52: 1. Nhập từ khóa có dấu 2. Nhập không dấu 3. Enter | D52: Có dữ liệu | E52: Hệ thống tự động rà soát và hiển thị kết quả liên quan | F52: Hệ thống thông báo "Không có kết quả tìm kiếm", không tự động xử lý từ khóa có dấu và không dấu giống nhau | G52: passed | H52: 46125
A53: TC_SR_26 | B53: Xác nhận hệ thống xử lý đúng khi nhập từ khóa tìm kiếm > 50 ký tự | C53: 1. Nhập chuỗi rất dài 2. Enter | D53: N/A | E53: Hệ thống xử lý giới hạn dữ liệu nhập | F53: Hệ thống tự động cắt bỏ các ký tự vượt quá giới hạn 50 ký tự trong ô tìm kiếm | G53: passed | H53: 46125
A54: TC_SR_27 | B54: Xác nhận hệ thống hiển thị đúng kết quả khi tìm kiếm với từ khóa chỉ gồm 1 ký tự | C54: 1. Nhập 1 ký tự 2. Enter | D54: Có dữ liệu | E54: Hiển thị kết quả liên quan | F54: Hệ thống vẫn trả về các kết quả có độ tương đồng với ký tự nhập | G54: passed | H54: 46125
... A63: TC_SR_36 | B63: Xác nhận hệ thống hiển thị đúng kết quả khi người dùng xóa hoặc bỏ bộ lọc | C63: 1. Xóa bộ lọc | D63: N/A | E63: Trả về kết quả ban đầu | F63: Kết quả được cập nhật lại chính xác sau khi xóa hoặc bộ lọc | G63: passed | H63: 46125
A64: TC_SR_37 | B64: Xác nhận hệ thống hiển thị đúng kết quả khi lọc theo vị trí gần người dùng | C64: 1. Bật vị trí 2. Chọn "Gần bạn" | D64: Cho phép location | E64: Hiển thị kết quả gần vị trí | F64: Kết quả trả về không khớp với vị trí hiện tại của người dùng dù đã bật GPS | G64: failed | H64: 46125 | I64: passed | J64: 46129
A65: TC_SR_38 | B65: Xác nhận hệ thống hiển thị thông báo lỗi phù hợp khi người dùng không cấp quyền truy cập vị trí | C65: 1. Tắt quyền vị trí 2. Filter | D65: Không cấp quyền | E65: Hiển thị cảnh báo yêu cầu cấp quyền | F65: Khi người dùng không cấp quyền truy cập vị trí, hệ thống vẫn cố tải dữ liệu hoặc hiển thị kết quả không chính xác thay vì hiển thị thông báo lỗi | G65: failed | H65: 46125 | I65: passed | J65: 46129
A66: TC_SR_39 | B66: Xác nhận hệ thống hiển thị đúng kết quả khi người dùng chọn một khu vực cụ thể | C66: 1. Chọn khu vực | D66: Có dữ liệu | E66: Hiển thị kết quả theo khu vực | F66: Kết quả hiển thị chính xác các cửa hàng/món ăn thuộc khu vực quận/huyện đã chọn | G66: passed | H66: 46125
A67: TC_SR_40 | B67: Xác nhận hệ thống hiển thị thông báo lỗi khi người dùng nhập địa điểm không hợp lệ | C67: 1. Nhập địa điểm sai | D67: N/A | E67: Hiển thị cảnh báo không tìm thấy vị trí phù hợp | F67: Hệ thống không đưa ra bất kỳ cảnh báo nào, trang web vẫn giữ nguyên trạng thái loading vô hạn | G67: passed | H67: 46125
A68: TC_SR_41 | B68: Xác nhận hệ thống hiển thị đúng kết quả khi lọc theo độ phổ biến | C68: 1. Chọn bộ lọc phổ biến | D68: Có dữ liệu | E68: Kết quả sắp xếp theo độ phổ biến | F68: Danh sách món ăn được sắp xếp lại đúng theo thứ tự từ phổ biến nhất đến ít phổ biến hơn | G68: passed | H68: 46125
A69: TC_SR_42 | B69: Xác nhận hệ thống hiển thị đúng danh sách kết quả khi người dùng thực hiện tìm kiếm | C69: 1. Nhập từ khóa 2. Enter | D69: Có dữ liệu | E69: Danh sách kết quả hiển thị tương ứng với từ khóa tìm kiếm | F69: Khi người dùng nhập từ khóa tìm kiếm và nhấn tìm kiếm, hệ thống hiển thị đúng danh sách kết quả tương ứng với từ khóa đó | G69: passed | H69: 46125
A70: TC_SR_43 | B70: Xác nhận hệ thống hiển thị đúng rating trung bình khi hiển thị thông tin của từng item | C70: 1. Kiểm tra rating | D70: Có dữ liệu | E70: Rating đúng theo dữ liệu DB | F70: Số điểm đánh giá của từng món ăn hiển thị khớp hoàn toàn với dữ liệu trong Database | G70: passed | H70: 46125
A71: TC_SR_44 | B71: Xác nhận hệ thống hiển thị đúng số lượt rating khi hiển thị chi tiết item | C71: 1. Kiểm tra số lượt đánh giá | D71: Có dữ liệu | E71: Hiển thị đúng rating tương ứng từng item | F71: Số lượt đánh giá hiển thị đúng kết quả, định dạng tại trang danh sách | G71: passed | H71: 46125
A72: TC_SR_45 | B72: Xác nhận hệ thống hiển thị đúng thông tin chi tiết khi người dùng click vào một item | C72: 1. Click item | D72: Có dữ liệu | E72: Điều hướng đúng đến thông tin chi tiết của item được click | F72: Click vào từng item trong danh sách tìm kiếm dẫn đến đúng trang chi tiết của item đó | G72: passed | H72: 46125
A73: TC_SR_46 | B73: Xác nhận hệ thống hiển thị thêm nội dung khi người dùng click vào nút “Xem thêm” | C73: 1. Click "Xem thêm" | D73: Có nhiều dữ liệu | E73: Hiển thị thêm danh sách kết quả | F73: Danh sách kết quả được mở rộng thêm mượt mà khi nhấn nút "Xem thêm" | G73: passed | H73: 46125
A74: TC_SR_47 | B74: Xác nhận hệ thống hiển thị đúng danh sách đánh giá khi người dùng truy cập phần đánh giá | C74: 1. Click vào review | D74: Có dữ liệu | E74: Hiển thị danh sách review | F74: Hệ thống chuyển hướng người dùng đến đúng phần bình luận khi click vào đánh giá | G74: passed | H74: 46125
A75: TC_SR_48 | B75: Xác nhận hệ thống không bị crash khi người dùng thực hiện click liên tục vào các item hoặc chức năng | C75: 1. Click nhiều lần | D75: N/A | E75: Hệ thống chỉ xử lý 1 request đầu tiên | F75: Hệ thống hoạt động ổn định, không bị crash hay gửi trùng request khi click liên tục vào item | G75: passed | H75: 46125

Sheet Hồ sơ cá nhân
A1: Project Name | B1: XÂY DỰNG HỆ THỐNG DISHNET - NỀN TẢNG MẠNG XÃ HỘI KINH DOANH ẨM THỰC
A2: Module Code | B2: Hồ sơ cá nhân
A3: Người kiểm tra | B3: Lê Văn Cường
B4: Hoàn thành | C4: Lỗi | D4: Chưa kiểm tra | E4: Bị chăn | F4: Tổng số trường hợp thử nghiệm
A5: Round 1 | B5: =COUNTIF(G27:G983,"passed") -> 81 | C5: =COUNTIF(G27:G983,"failed") -> 0 | D5: =COUNTIF(G27:G983,"untest") -> 0 | E5: =COUNTIF(G27:G983,"blocked") -> 0 | F5: =COUNTIF(A26:A979, "TC*") -> 81
A6: Round 2 | B6: =COUNTIF(I27:I984,"passed") -> 0 | C6: =COUNTIF(I27:I983,"failed") -> 0 | D6: =COUNTIF(I27:I983,"untest") -> 0 | E6: =COUNTIF(I27:I983,"blocked") -> 0 | F6: =COUNTIF(A27:A980, "TC*") -> 81
A23: Test Case ID | B23: Mô tả | C23: Hành động | D23: Điều kiện tiên quyết | E23: Kết quả mong đợi | F23: Kết quả thực tế | G23: Kết quả | I23: Kết quả | K23: Chú thích
G24: Vòng 1 | I24: Vòng 2
G25: Trạng thái | H25: Ngày kiểm tra | I25: Trạng thái | J25: Ngày kiểm tra
A26: GUI
A27: TC_PF_01 | B27: Kiểm tra hiển thị thông tin cơ bản trên Profile | C27: 1. Truy cập vào trang cá nhân | D27: Người dùng đã đăng nhập vào hệ thống. | E27: Hiển thị đúng Avatar, Tên (vy), Username, số bài viết và "Độ uy tín". | F27: Thông tin hiển thị chính xác như thiết lập trong cơ sở dữ liệu. | G27: passed | H27: 46125
A28: TC_PF_02 | B28: Kiểm tra mở Popup "Tạo bài viết" | C28: 1. Nhấn vào thanh nhập liệu "Có gì mới" | D28: Đang ở giao diện Trang cá nhân. | E28: Hệ thống hiển thị Popup "Tạo bài viết" đè lên màn hình chính. | F28: Popup "Tạo bài viết" hiển thị đúng giao diện thiết kế. | G28: passed | H28: 46125
A29: TC_PF_03 | B29: Kiểm tra trạng thái nút "Đăng" khi để trống nội dung | C29: 1. Mở popup Tạo bài viết 2. Không nhập văn bản và không thêm ảnh | D29: Popup "Tạo bài viết" đang mở. | E29: Nút "Đăng" ở trạng thái bị vô hiệu hóa (màu xám nhạt). | F29: Nút Đăng bị mờ, không thể click khi chưa có nội dung. | G29: passed | H29: 46125
A30: TC_PF_04 | B30: Kiểm tra thay đổi chế độ hiển thị bài viết | C30: 1. Nhấn vào nút "Công khai" trong popup | D30: Popup "Tạo bài viết" đang mở. | E30: Hệ thống hiển thị danh sách các tùy chọn: Công khai, Bạn bè, Riêng tư. | F30: Hiển thị đầy đủ các tùy chọn quyền riêng tư. | G30: passed | H30: 46125
A31: TC_PF_05 | B31: Kiểm tra chức năng Hủy tạo bài viết | C31: 1. Nhập nội dung 2. Nhấn chữ "Hủy" ở góc trái | D31: Popup "Tạo bài viết" đang mở và đã có dữ liệu nhập vào. | E31: Popup đóng lại, bài viết không được đăng và không lưu nháp. | F31: Popup đóng ngay lập tức, không có bài viết mới xuất hiện. | G31: passed | H31: 46125
A32: TC_PF_06 | B32: Kiểm tra mở giao diện "Chỉnh sửa trang cá nhân" | C32: 1. Nhấn vào nút "Chỉnh sửa trang cá nhân" | D32: Đang ở giao diện Trang cá nhân. | E32: Hệ thống chuyển hướng đến form "Chỉnh sửa thông tin". | F32: Chuyển hướng thành công sang giao diện chỉnh sửa. | G32: passed | H32: 46125
A33: TC_PF_07 | B33: Kiểm tra giới hạn ký tự phần "Tiểu sử" | C33: 1. Nhập văn bản vào ô Tiểu sử vượt quá 80 ký tự | D33: Đang ở giao diện Chỉnh sửa thông tin. | E33: Hệ thống ngăn không cho nhập tiếp khi đạt giới hạn 80/80. | F33: Không thể nhập thêm ký tự thứ 81 vào ô Tiểu sử. | G33: passed | H33: 46125
A34: TC_PF_08 | B34: Kiểm tra bật/tắt "Chế độ tài khoản riêng tư" | C34: 1. Gạt nút switch tại mục "Chế độ tài khoản riêng tư" | D34: Đang ở giao diện Chỉnh sửa thông tin. | E34: Nút switch thay đổi trạng thái bật/tắt và đổi màu sắc. | F34: Switch hoạt động nhạy, chuyển trạng thái đúng lúc tác động. | G34: passed | H34: 46125
A35: TC_PF_09 | B35: Kiểm tra cài đặt ẩn/hiện "Độ uy tín" | C35: 1. Tắt switch "Hiển thị độ uy tín" 2. Nhấn Lưu và quay lại trang cá nhân | D35: Đang ở giao diện Chỉnh sửa thông tin. | E35: Badge "Độ uy tín" trên trang cá nhân sẽ bị ẩn đi. | F35: Badge "Độ uy tín" không còn xuất hiện trên profile. | G35: passed | H35: 46125
A36: TC_PF_10 | B36: Kiểm tra chức năng thay đổi Ảnh đại diện | C36: 1. Nhấn nút "Đổi ảnh" 2. Chọn một tệp ảnh từ thiết bị | D36: Đang ở giao diện Chỉnh sửa thông tin. | E36: Ảnh mới được hiển thị xem trước (preview) trên form. | F36: Preview ảnh mới hiển thị đúng vị trí avatar trên form. | G36: passed | H36: 46125
A37: TC_PF_11 | B37: Kiểm tra chức năng Lưu thay đổi thông tin | C37: 1. Chỉnh sửa Giới tính/Ngày sinh 2. Nhấn nút "Lưu" | D37: Đang ở giao diện Chỉnh sửa thông tin. | E37: Hệ thống thông báo lưu thành công và cập nhật dữ liệu mới. | F37: Hiển thị thông báo thành công, dữ liệu được cập nhật vào DB. | G37: passed | H37: 46125
A38: TC_PF_12 | B38: Kiểm tra nút Chia sẻ trang cá nhân | C38: 1. Nhấn vào biểu tượng Share (mũi tên) | D38: Đang ở giao diện Trang cá nhân. | E38: Hệ thống hiển thị các phương thức chia sẻ liên kết profile. | F38: Menu chia sẻ hiện lên với các tùy chọn tương ứng. | G38: passed | H38: 46125
A39: FUNCTION
A40: TC_PF_13 | B40: Xác nhận hệ thống cho phép truy cập hồ sơ thành công khi User ở trạng thái ACTIVE | C40: 1. Đăng nhập tài khoản ACTIVE 2. Truy cập vào trang cá nhân | D40: User đang ở trạng thái ACTIVE. | E40: Hệ thống hiển thị đầy đủ thông tin hồ sơ người dùng. | F40: Truy cập thành công, thông tin hiển thị đầy đủ. | G40: passed | H40: 46125
A41: TC_PF_14 | B41: Xác nhận hiển thị thông báo từ chối truy cập khi User bị LOCKED | C41: 1. Truy cập vào link hồ sơ của một User bị khóa | D41: User mục tiêu đang ở trạng thái LOCKED. | E41: Hệ thống hiển thị thông báo: "Tài khoản này đã bị khóa" và chặn xem thông tin. | F41: Hiển thị thông báo tài khoản bị khóa đúng quy định. | G41: passed | H41: 46125
A42: TC_PF_15 | B42: Xác nhận hiển thị lỗi không tìm thấy khi truy cập hồ sơ User không tồn tại | C42: 1. Nhập URL trang cá nhân với một ID không có thực | D42: User ID không tồn tại trong hệ thống. | E42: Hệ thống trả về trang lỗi 404: "Người dùng không tồn tại". | F42: Hiển thị trang báo lỗi không tìm thấy người dùng. | G42: passed | H42: 46125
A43: TC_PF_16 | B43: Xác nhận kết quả tổng bài viết chỉ tính các bài có trạng thái ACTIVE | C43: 1. Kiểm tra số lượng bài viết hiển thị trên Profile | D43: User có bài ACTIVE xen kẽ bài bị ẩn. | E43: Bộ đếm chỉ hiển thị con số khớp với các bài viết đang ở trạng thái ACTIVE. | F43: Số lượng bài viết hiển thị khớp với số bài ACTIVE. | G43: passed | H43: 46125
A44: TC_PF_17 | B44: Xác nhận hệ thống không đếm các bài viết đã bị ẩn hoặc xóa mềm | C44: 1. Thực hiện ẩn/xóa mềm 1 bài viết 2. Kiểm tra lại bộ đếm | D44: Có bài viết vừa thay đổi trạng thái sang ẩn/xóa. | E44: Số lượng bài viết tự động trừ đi, không tính bài đã ẩn/xóa vào tổng số. | F44: Bộ đếm giảm chính xác sau khi ẩn/xóa bài. | G44: passed | H44: 46125
A45: TC_PF_18 | B45: Xác nhận kết quả bộ đếm Follower chỉ tính các quan hệ bạn bè hợp lệ | C45: 1. Kiểm tra số lượng người theo dõi trên Profile | D45: Có các Follower ở trạng thái: Hợp lệ, Block, Pending. | E45: Bộ đếm chỉ hiển thị số lượng người theo dõi có trạng thái "Hợp lệ". | F45: Số lượng người theo dõi hiển thị đúng thực tế hợp lệ. | G45: passed | H45: 46125
A46: TC_PF_19 | B46: Xác nhận kết quả bộ đếm Following chỉ tính các quan hệ hợp lệ | C46: 1. Kiểm tra số lượng đang theo dõi trên Profile | D46: Có các Following ở trạng thái: Hợp lệ, Block, Pending. | E46: Bộ đếm chỉ hiển thị số lượng người đang theo dõi có trạng thái "Hợp lệ". | F46: Số lượng đang theo dõi hiển thị chính xác. | G46: passed | H46: 46125
A47: TC_PF_20 | B47: Xác nhận hệ thống cập nhật tăng số bài viết ngay lập tức sau khi đăng bài | C47: 1. Thực hiện đăng một bài viết mới thành công | D47: Đã đăng nhập. | E47: Số lượng bài viết trên profile tự động tăng lên (+1) ngay khi bài được đăng. | F47: Bộ đếm bài viết cập nhật real-time. | G47: passed | H47: 46125
A48: TC_PF_21 | B48: Xác nhận hệ thống cập nhật giảm số bài viết ngay lập tức sau khi xóa bài | C48: 1. Thực hiện xóa một bài viết bất kỳ | D48: Đã có bài viết trên profile. | E48: Số lượng bài viết trên profile tự động giảm đi (-1) ngay khi bài bị xóa. | F48: Bộ đếm bài viết trừ số lượng chính xác. | G48: passed | H48: 46125
A49: TC_PF_22 | B49: Xác nhận hệ thống cập nhật số Follower/Following ngay sau thao tác nhấn nút | C49: 1. Nhấn nút Follow hoặc Unfollow một người dùng | D49: Đã đăng nhập. | E49: Con số tương ứng trên giao diện thay đổi ngay lập tức sau khi click thành công. | F49: Số lượng nhảy số chính xác sau khi thao tác. | G49: passed | H49: 46125
A50: TẠO BÀI VIẾT
A51: TC_PF_23 | B51: Xác nhận hệ thống cho phép tạo bài viết thành công với nội dung hợp lệ | C51: 1. Nhập nội dung văn bản đúng quy định 2. Nhấn nút "Đăng" | D51: Nội dung không chứa từ cấm. | E51: Bài viết được lưu vào hệ thống và hiển thị trên dòng thời gian. | F51: Bài viết xuất hiện thành công trên Feed. | G51: passed | H51: 46125
A52: TC_PF_24 | B52: Xác nhận hiển thị thông báo lỗi nội dung không hợp lệ khi giá trị là null | C52: 1. Gửi yêu cầu tạo bài qua API với nội dung null | D52: N/A. | E52: Hệ thống từ chối tạo bài và trả về lỗi: "Nội dung không được để trống". | F52: Hệ thống báo lỗi dữ liệu null. | G52: passed | H52: 46125
A53: TC_PF_25 | B53: Xác nhận hệ thống chặn hành động đăng bài khi nội dung rỗng | C53: 1. Để trống khung nhập liệu 2. Nhấn nút "Đăng" | D53: N/A. | E53: Nút đăng không hoạt động hoặc hệ thống báo lỗi yêu cầu nhập nội dung. | F53: Không thể đăng bài khi chưa nhập chữ. | G53: passed | H53: 46125
A54: TC_PF_26 | B54: Xác nhận hệ thống chặn hành động đăng bài khi nội dung chỉ có khoảng trắng | C54: 1. Nhập toàn dấu cách vào khung nội dung 2. Nhấn nút "Đăng" | D54: N/A. | E54: Hệ thống nhận diện nội dung rỗng sau khi xử lý và chặn không cho đăng. | F54: Hệ thống báo lỗi nội dung không hợp lệ. | G54: passed | H54: 46125
A55: TC_PF_27 | B55: Xác nhận hệ thống chặn hành động đăng bài nếu nội dung sau khi trim bị rỗng | C55: 1. Nhập khoảng trắng kèm ký tự đặc biệt không hiển thị | D55: N/A. | E55: Hệ thống thực hiện trim nội dung và báo lỗi nếu kết quả là rỗng. | F55: Thao tác đăng bị từ chối do nội dung rỗng. | G55: passed | H55: 46125
A56: TC_PF_28 | B56: Xác nhận kết quả chỉ có duy nhất 1 bài viết được tạo cho 1 request hợp lệ | C56: 1. Nhấn nút "Đăng" một lần duy nhất | D56: N/A. | E56: Hệ thống chỉ tạo và hiển thị đúng 01 bài viết mới trong cơ sở dữ liệu. | F56: Chỉ có 1 bản ghi mới xuất hiện, không bị lặp. | G56: passed | H56: 46125
A57: TC_PF_29 | B57: Xác nhận hệ thống chặn tạo bài trùng lặp khi thực hiện Retry cùng request | C57: 1. Thực hiện gửi lại request tạo bài với cùng một ID request | D57: Giả lập lỗi mạng khi đăng. | E57: Hệ thống nhận diện request đã xử lý và không tạo thêm bài viết trùng. | F57: Chỉ có 1 bài viết duy nhất được lưu, không duplicate. | G57: passed | H57: 46125
A58: TC_PF_30 | B58: Xác nhận hệ thống xử lý Race Condition chỉ tạo 1 bài khi gửi 2 request cùng lúc | C58: 1. Nhấn nút Đăng liên tục cực nhanh hoặc gửi 2 request song song | D58: N/A. | E58: Hệ thống chỉ ghi nhận và tạo thành công 1 bài viết duy nhất. | F58: Không bị hiện tượng nhân đôi bài viết trên Profile. | G58: passed | H58: 46125
A59: TC_PF_31 | B59: Xác nhận hệ thống không tạo bài viết nếu gặp lỗi trong quá trình lưu text | C59: 1. Thực hiện tạo bài bài khi server DB gặp sự cố lưu trữ | D59: Giả lập lỗi DB. | E59: Bài viết không được tạo và hệ thống hiển thị thông báo lỗi hệ thống. | F59: Không có dữ liệu rác/lỗi được lưu vào DB. | G59: passed | H59: 46125
A60: TC_PF_32 | B60: Xác nhận hệ thống thực hiện Rollback hoàn toàn nếu gặp lỗi lưu Media | C60: 1. Đăng bài có ảnh nhưng quá trình lưu ảnh gặp lỗi | D60: Bài viết có đính kèm ảnh/video. | E60: Hệ thống không lưu phần văn bản nếu phần media bị lỗi (không lưu một nửa). | F60: Không xuất hiện bài viết lỗi media trên feed. | G60: passed | H60: 46125
A61: TC_PF_33 | B61: Xác nhận kết quả không có dữ liệu mồ côi khi quá trình tạo bài thất bại | C61: 1. Kiểm tra database sau khi có một thao tác đăng bài báo lỗi | D61: Thao tác tạo bài bị lỗi giữa chừng. | E61: Đảm bảo không có bất kỳ bản ghi thừa hoặc dữ liệu rỗng nào được lưu lại. | F61: Cơ sở dữ liệu sạch, không chứa bản ghi lỗi. | G61: passed | H61: 46125
A62: TC_PF_34 | B62: Xác nhận kết quả hiển thị bài viết ở Feed công khai khi Privacy = PUBLIC | C62: 1. Chọn chế độ "Công khai" và thực hiện đăng bài | D62: N/A. | E62: Mọi người dùng trong hệ thống đều có thể nhìn thấy bài viết này. | F62: Bài viết hiển thị đúng với mọi đối tượng. | G62: passed | H62: 46125
... A68: TC_PF_40 | B68: Xác nhận hệ thống cho phép hiển thị các nút chức năng chỉnh sửa cho chủ sở hữu hồ sơ | C68: 1. Đăng nhập đúng tài khoản cá nhân 2. Kiểm tra các nút tương tác | D68: Đang xem hồ sơ của chính mình. | E68: Các nút "Chỉnh sửa trang cá nhân", "Đổi ảnh" hiển thị đầy đủ và cho phép thao tác. | F68: Các trường thông tin cho phép thay đổi thành công. | G68: passed | H68: 46125
A69: CHỈNH SỬA TRANG CÁ NHÂN
A70: TC_PF_41 | B70: Xác nhận hiển thị thông báo lỗi file không tồn tại khi upload ảnh đại diện null | C70: 1. Nhấn nút "Đổi ảnh" 2. Gửi request cập nhật với giá trị file là null | D70: Đang ở giao diện Chỉnh sửa hồ sơ. | E70: Hệ thống hiển thị thông báo lỗi: "File không tồn tại hoặc không hợp lệ" và chặn hành động. | F70: Hệ thống hiển thị thông báo lỗi file không tồn tại. | G70: passed | H70: 46125
A71: TC_PF_42 | B71: Xác nhận hiển thị thông báo lỗi định dạng khi file upload không phải ảnh | C71: 1. Chọn một file tài liệu (.docx hoặc .txt) để upload làm đại diện | D71: N/A | E71: Hệ thống hiển thị thông báo lỗi: "Định dạng file không được hỗ trợ. Vui lòng chọn JPG hoặc PNG". | F71: Hiển thị thông báo lỗi định dạng không hợp lệ. | G71: passed | H71: 46125
A72: TC_PF_43 | B72: Xác nhận hệ thống cho phép cập nhật thành công với ảnh định dạng JPG | C72: 1. Chọn một file ảnh có đuôi mở rộng .jpg hợp lệ | D72: N/A | E72: Hệ thống chấp nhận file, cho phép cập nhật và hiển thị ảnh mới trên form. | F72: Ảnh định dạng JPG được tải lên và hiển thị thành công. | G72: passed | H72: 46125
A73: TC_PF_44 | B73: Xác nhận hệ thống cho phép cập nhật thành công với ảnh định dạng PNG | C73: 1. Chọn một file ảnh có đuôi mở rộng .png hợp lệ | D73: N/A | E73: Hệ thống chấp nhận file, cho phép cập nhật và hiển thị ảnh mới trên form. | F73: Ảnh định dạng PNG được tải lên và hiển thị thành công. | G73: passed | H73: 46125
A74: TC_PF_45 | B74: Xác nhận hiển thị thông báo lỗi định dạng khi upload ảnh không thuộc JPG/PNG | C74: 1. Chọn file ảnh .gif hoặc .bmp để upload | D74: N/A | E74: Hệ thống hiển thị thông báo lỗi định dạng và không thực hiện thay đổi. | F74: Hiển thị thông báo lỗi định dạng không hỗ trợ. | G74: passed | H74: 46125
A75: TC_PF_46 | B75: Xác nhận hệ thống cho phép cập nhật ảnh thành công khi dung lượng < 2MB | C75: 1. Chọn file ảnh dung lượng 1.5MB | D75: N/A | E75: Hệ thống xử lý thành công, tải ảnh lên server và cập nhật hiển thị. | F75: Ảnh được cập nhật và hiển thị chính xác. | G75: passed | H75: 46125
A76: TC_PF_47 | B76: Xác nhận hệ thống cho phép cập nhật ảnh thành công tại điểm biên đúng 2MB | C76: 1. Chọn file ảnh có dung lượng chính xác 2MB | D76: N/A | E76: Hệ thống chấp nhận dung lượng biên và xử lý cập nhật thành công. | F76: Ảnh 2MB được tải lên hệ thống ổn định. | G76: passed | H76: 46125
A77: TC_PF_48 | B77: Xác nhận hiển thị thông báo lỗi dung lượng khi upload ảnh > 2MB | C77: 1. Chọn file ảnh có dung lượng 3MB để upload | D77: N/A | E77: Hệ thống báo lỗi: "Dung lượng file quá lớn (tối đa 2MB)" và chặn upload. | F77: Thông báo lỗi dung lượng hiển thị đúng. | G77: passed | H77: 46125
A78: TC_PF_49 | B78: Xác nhận hệ thống giữ nguyên ảnh đại diện cũ khi quá trình upload gặp sự cố | C78: 1. Thực hiện đổi ảnh và giả lập mất kết nối khi đang upload | D78: Quá trình upload thất bại. | E78: Ảnh đại diện không bị mất hoặc chuyển thành ảnh lỗi, vẫn hiển thị ảnh cũ. | F78: Ảnh cũ vẫn tồn tại, không bị mất dữ liệu. | G78: passed | H78: 46125
A79: TC_PF_50 | B79: Xác nhận hệ thống cập nhật và hiển thị ảnh đại diện mới sau khi upload thành công | C79: 1. Thực hiện quy trình upload ảnh hợp lệ đến khi hoàn tất | D79: Thao tác thành công. | E79: Profile hiển thị ảnh mới nhất vừa được tải lên. | F79: Ảnh mới hiển thị đồng bộ trên toàn hệ thống. | G79: passed | H79: 46125
A80: TC_PF_51 | B80: Xác nhận hiển thị thông báo lỗi dữ liệu khi giá trị Username là null | C80: 1. Gửi request cập nhật Username mang giá trị null | D80: N/A | E80: Hệ thống báo lỗi yêu cầu nhập tên tài khoản và chặn lưu. | F80: Thông báo lỗi dữ liệu null hiển thị chính xác. | G80: passed | H80: 46125
A81: TC_PF_52 | B81: Xác nhận hiển thị thông báo lỗi yêu cầu nhập liệu khi Username để rỗng | C81: 1. Xóa trắng ô Username và nhấn Lưu | D81: N/A | E81: Hệ thống báo lỗi: "Tên tài khoản không được để trống". | F81: Thông báo yêu cầu nhập Username hiển thị đúng. | G81: passed | H81: 46125
... A110: TC_PF_81 | B110: Xác nhận kết quả ẩn điểm uy tín khi tắt chế độ hiển thị | C110: 1. Gạt tắt switch "Hiển thị điểm uy tín" | D110: Điểm uy tín đang hiện. | E110: Con số điểm uy tín không còn xuất hiện trên giao diện Profile. | F110: Điểm uy tín bị ẩn thành công sau khi lưu. | G110: passed | H110: 46125
A233: Hồ sơ cá nhân – Xem thông tin | B233: happycase | C233: • User ở trạng thái ACTIVE → truy cập hồ sơ thành công • User ở trạng thái LOCKED → bị từ chối truy cập hồ sơ • User không tồn tại → trả lỗi không tìm thấy • Tổng bài viết chỉ tính bài có trạng thái ACTIVE • Bài viết bị soft delete, bị ẩn → không được tính • Follower ở trạng thái hợp lệ → được tính • Quan hệ follower bị BLOCK → không được tính • Quan hệ follower ở trạng thái PENDING → không được tính • Following ở trạng thái hợp lệ → được tính • Quan hệ following bị BLOCK → không được tính • Quan hệ following ở trạng thái PENDING → không được tính • Sau khi tạo bài mới → số bài viết cập nhật ngay lập tức • Sau khi xóa bài → số bài viết cập nhật ngay lập tức • Sau khi follow/unfollow → số follower/following cập nhật ngay
B234: Tạo bài viết | C234: • Nội dung hợp lệ → tạo thành công • Nội dung null → không cho tạo • Nội dung rỗng "" → không cho tạo • Nội dung chỉ chứa khoảng trắng → không cho tạo • Nội dung sau trim còn rỗng → không cho tạo • 1 request tạo bài hợp lệ → tạo thành công 1 bài • Retry cùng request → không tạo duplicate • Gửi 2 request giống nhau cùng lúc → chỉ tạo 1 bài • Lỗi khi lưu nội dung → không tạo bài • Lỗi khi lưu media → không tạo dữ liệu một phần • Tạo bài thất bại → không có dữ liệu nào được lưu • Privacy = PUBLIC → hiển thị ở feed công khai • Privacy = FRIENDS → chỉ hiển thị với user có quan hệ hợp lệ • Privacy = PRIVATE → không hiển thị ở bất kỳ danh sách công khai nào • Privacy không thuộc enum → bị từ chối • FRIENDS nhưng không có quan hệ → không hiển thị • FRIENDS nhưng bị block → không hiển thị
B235: Chỉnh sửa hồ sơ | C235: • Chủ sở hữu hồ sơ → được phép chỉnh sửa ảnh đại diện • File null → lỗi • File không phải ảnh → lỗi • File JPG → hợp lệ • File PNG → hợp lệ • File định dạng khác → lỗi • File size < 2MB → hợp lệ • File size = 2MB → hợp lệ (biên) • File size > 2MB → lỗi • Upload thất bại → giữ ảnh cũ • Upload thành công → thay ảnh mới Username • Username null → lỗi • Username rỗng → lỗi • Username chỉ khoảng trắng → lỗi • Username = 2 ký tự → lỗi (dưới min) • Username = 3 ký tự → hợp lệ (biên dưới) • Username = 50 ký tự → hợp lệ (biên trên) • Username = 51 ký tự → lỗi • Username chứa ký tự đặc biệt (<, >, /, \) → lỗi • Username có khoảng trắng đầu → lỗi • Username có khoảng trắng cuối → lỗi • Username hợp lệ → cập nhật thành công • Username trùng → bị từ chối • Username không đổi → không cập nhật DB Giới tính • Giá trị = Nam → hợp lệ • Giá trị = Nữ → hợp lệ • Giá trị = Khác → hợp lệ • Giá trị ngoài enum → lỗi Ngày sinh • Ngày sinh null → hợp lệ (nếu optional) • Ngày sinh > hiện tại → lỗi • Ngày sinh = hôm nay → (biên) • Ngày sinh hợp lệ trong quá khứ → hợp lệ • Format sai → lỗi Tiểu • Bio null → hợp lệ • Bio = 0 ký tự → hợp lệ • Bio = 80 ký tự → hợp lệ (biên trên) • Bio = 81 ký tự → lỗi Huy hiệu và độ uy tín • Có huy hiệu + bật hiển thị → hiển thị • Có huy hiệu + tắt hiển thị → không hiển thị • Không có huy hiệu + bật → không hiển thị • Bật hiển thị điểm uy tín → hiển thị • Tắt hiển thị điểm uy tín → không hiển thị

Sheet Tương tác bài viết
A1: Project Name | B1: XÂY DỰNG HỆ THỐNG DISHNET - NỀN TẢNG MẠNG XÃ HỘI KINH DOANH ẨM THỰC
A2: Module Code | B2: Tương tác bài viết
A3: Người kiểm tra | B3: Lê Văn Cường
B4: Hoàn thành | C4: Lỗi | D4: Chưa kiểm tra | E4: Bị chăn | F4: Tổng số trường hợp thử nghiệm
A5: Round 1 | B5: =COUNTIF(G27:G1010,"passed") -> 47 | C5: =COUNTIF(G27:G1010,"failed") -> 0 | D5: =COUNTIF(G27:G1010,"untest") -> 0 | E5: =COUNTIF(G27:G1010,"blocked") -> 0 | F5: =COUNTIF(A26:A1006, "TC*") -> 47
A6: Round 2 | B6: =COUNTIF(I27:I1011,"passed") -> 0 | C6: =COUNTIF(I27:I1010,"failed") -> 0 | D6: =COUNTIF(I27:I1010,"untest") -> 0 | E6: =COUNTIF(I27:I1010,"blocked") -> 0 | F6: =COUNTIF(A27:A1007, "TC*") -> 47
A23: Test Case ID | B23: Mô tả | C23: Hành động | D23: Điều kiện tiên quyết | E23: Kết quả mong đợi | F23: Kết quả thực tế | G23: Kết quả | I23: Kết quả | K23: Chú thích
G24: Vòng 1 | I24: Vòng 2
G25: Trạng thái | H25: Ngày kiểm tra | I25: Trạng thái | J25: Ngày kiểm tra
A26: GUI
A27: TC_POST_01 | B27: Kiểm tra hiển thị ảnh đại diện và tên người dùng | C27: 1. Quan sát phần đầu của Card bài viết | D27: N/A | E27: Hệ thống hiển thị ảnh đại diện (avatar) dạng tròn và tên người dùng in đậm (VD: Người dùng Seed 6). | F27: Ảnh đại diện và tên người dùng hiển thị đúng vị trí, rõ nét. | G27: passed | H27: 46125
A28: TC_POST_02 | B28: Kiểm tra hiển thị nhãn danh hiệu người dùng | C28: 1. Quan sát nhãn bên cạnh tên người dùng | D28: N/A | E28: Hệ thống hiển thị nhãn "TOP REVIEWER" kèm icon ngôi sao trên nền màu vàng nhạt. | F28: Nhãn danh hiệu hiển thị đúng màu sắc và icon theo thiết kế. | G28: passed | H28: 46125
A29: TC_POST_03 | B29: Kiểm tra hiển thị ngày đăng bài viết | C29: 1. Quan sát dòng chữ dưới tên người dùng | D29: N/A | E29: Hệ thống hiển thị ngày đăng bài đúng định dạng (VD: 15/2/2026) với màu xám nhạt. | F29: Ngày đăng hiển thị đúng định dạng và vị trí. | G29: passed | H29: 46125
A30: TC_POST_04 | B30: Kiểm tra hiển thị nút Follow bài viết | C30: 1. Quan sát góc trên bên phải của Card bài viết | D30: N/A | E30: Hệ thống hiển thị nút "Follow +" màu xanh lá cây với chữ màu trắng. | F30: Nút Follow nổi bật, màu sắc đúng nhận diện thương hiệu. | G30: passed | H30: 46125
A31: TC_POST_05 | B31: Kiểm tra hiển thị nội dung văn bản bài viết | C31: 1. Quan sát phần thân bài viết | D31: N/A | E31: Văn bản bài viết hiển thị rõ ràng, font chữ dễ đọc, khoảng cách dòng hợp lý. | F31: Nội dung văn bản không bị tràn lề hay lỗi font. | G31: passed | H31: 46125
A32: TC_POST_06 | B32: Kiểm tra hiển thị các icon tương tác (Yêu thích, Bình luận, Chia sẻ) | C32: 1. Quan sát dãy biểu tượng ở góc dưới bên trái Card | D32: N/A | E32: Hiển thị đầy đủ icon trái tim (Yêu thích), icon tin nhắn (Bình luận) và icon mũi tên (Chia sẻ) kèm số lượng tương ứng. | F32: Các icon hiển thị đúng hình dạng, kích thước và màu xám đồng nhất. | G32: passed | H32: 46125
A33: TC_POST_07 | B33: Kiểm tra hiển thị nhãn "Báo cáo" | C33: 1. Quan sát nhãn nằm cạnh cụm icon tương tác | D33: N/A | E33: Hệ thống hiển thị chữ "Báo cáo" màu xám nhạt để người dùng nhận diện chức năng tố cáo bài viết. | F33: Nhãn Báo cáo hiển thị đúng vị trí và font chữ. | G33: passed | H33: 46125
A34: TC_POST_08 | B34: Kiểm tra hiển thị nút "Đặt món" | C34: 1. Quan sát góc dưới bên phải của Card bài viết | D34: N/A | E34: Hệ thống hiển thị nút "Đặt món" với nền xanh nhạt, viền xanh lá và chữ đen. | F34: Nút Đặt món hiển thị đúng layout và phong cách thiết kế. | G34: passed | H34: 46125
A35: TC_POST_09 | B35: Kiểm tra đường kẻ phân cách các phần trong Card | C35: 1. Quan sát các đường kẻ ngang trên và dưới nội dung bài viết | D35: N/A | E35: Hệ thống sử dụng các đường kẻ mảnh màu xám nhạt để phân tách thông tin người dùng, nội dung và các nút tương tác. | F35: Các đường kẻ phân cách rõ ràng, tạo sự gọn gàng cho giao diện. | G35: passed | H35: 46125
A36: TC_POST_10 | B36: Kiểm tra độ bo góc và đổ bóng của Card bài viết | C36: 1. Quan sát khung viền bao quanh toàn bộ bài viết | D36: N/A | E36: Khung Card bài viết có độ bo góc nhẹ và hiệu ứng đổ bóng (shadow) mờ để tạo chiều sâu trên nền xám. | F36: Card bài viết hiển thị đẹp mắt, tách biệt rõ với nền. | G36: passed | H36: 46125
A37: FUNCTION
A38: TC_POST_11 | B38: Xác nhận hệ thống chặn "Yêu thích" khi chưa đăng nhập | C38: 1. Truy cập trang bài viết với tư cách khách 2. Nhấn vào icon "Yêu thích" | D38: Người dùng chưa đăng nhập. | E38: Hệ thống chặn hành động và hiển thị Pop-up yêu cầu Đăng nhập. | F38: Hiển thị thông báo/Pop-up đăng nhập. | G38: passed | H38: 46125
A39: TC_POST_12 | B39: Xác nhận hệ thống chặn mở khung nhập "Bình luận" khi chưa đăng nhập | C39: 1. Nhấn vào "Bình luận" | D39: Người dùng chưa đăng nhập. | E39: Hệ thống hiển thị popup xem chi tiết nhưng chặn không cho mở khung nhập liệu, yêu cầu Đăng nhập. | F39: Chỉ xem được bình luận cũ, không thấy ô nhập. | G39: passed | H39: 46125
A40: TC_POST_13 | B40: Xác nhận hệ thống chặn "Đăng lại" khi chưa đăng nhập | C40: 1. Nhấn vào chức năng "Đăng lại" | D40: Người dùng chưa đăng nhập. | E40: Hệ thống chặn hành động và hiển thị Pop-up yêu cầu Đăng nhập. | F40: Hiển thị Pop-up đăng nhập. | G40: passed | H40: 46125
A41: TC_POST_14 | B41: Xác nhận hệ thống chặn "Chia sẻ" khi chưa đăng nhập | C41: 1. Nhấn vào "Chia sẻ" | D41: Người dùng chưa đăng nhập. | E41: Hệ thống chặn hành động và hiển thị Pop-up yêu cầu Đăng nhập. | F41: Hiển thị Pop-up đăng nhập. | G41: passed | H41: 46125
A42: TC_POST_15 | B42: Xác nhận hệ thống chặn "Đặt món" khi chưa đăng nhập | C42: 1. Nhấn vào nút "Đặt món" | D42: Người dùng chưa đăng nhập. | E42: Hệ thống chặn không cho vào giỏ hàng, yêu cầu Đăng nhập để xác thực người mua. | F42: Chuyển hướng hoặc hiện Pop-up đăng nhập. | G42: passed | H42: 46125
A43: TC_POST_16 | B43: Xác nhận hệ thống chặn thêm món vào giỏ từ Menu khi chưa đăng nhập | C43: 1. Nhấn "Xem menu" 2. Thử thêm món vào giỏ hàng | D43: Người dùng chưa đăng nhập. | E43: Hiển thị popup thực đơn nhưng chặn không cho thêm vào giỏ hàng, yêu cầu Đăng nhập. | F43: Chặn thao tác thêm vào giỏ. | G43: passed | H43: 46125
A44: TC_POST_17 | B44: Xác nhận tự động thực hiện lại hành động sau khi Login từ Pop-up | C44: 1. Nhấn "Yêu thích" (khi chưa login) 2. Thực hiện Đăng nhập ngay tại Pop-up vừa hiện | D44: Hệ thống đang hiển thị Pop-up yêu cầu đăng nhập. | E44: Sau khi Login thành công, hệ thống phải tự động thực hiện lại hành động (ví dụ: tự Like bài). | F44: Hành động được thực thi tự động. | G44: passed | H44: 46125
A45: TC_POST_18 | B45: Xác nhận yêu cầu đăng nhập khi nhấn "Follow" | C45: 1. Nhấn vào nút "Follow +" | D45: Người dùng chưa đăng nhập. | E45: Hệ thống yêu cầu người dùng phải Đăng nhập. | F45: Hiển thị Pop-up đăng nhập. | G45: passed | H45: 46125
A46: TC_POST_19 | B46: Xác nhận chuyển hướng trang cá nhân khi click Avatar/Username | C46: 1. Click vào ảnh đại diện hoặc tên người dùng trên bài viết | D46: N/A | E46: Hệ thống chuyển hướng sang trang cá nhân của người dùng đó. | F46: Trang cá nhân hiển thị đúng. | G46: passed | H46: 46125
A47: TC_POST_20 | B47: Xác nhận tương tác "Yêu thích" khi đã đăng nhập | C47: 1. Nhấn vào icon "Yêu thích" | D47: Người dùng đã đăng nhập. | E47: Icon đổi màu và số lượng Like tăng lên ngay lập tức. | F47: Màu icon thay đổi, số Like tăng +1. | G47: passed | H47: 46125
A48: TC_POST_21 | B48: Xác nhận gửi "Bình luận" thành công khi đã đăng nhập | C48: 1. Nhấn "Bình luận" 2. Gõ nội dung và nhấn gửi | D48: Người dùng đã đăng nhập. | E48: Hệ thống hiển thị khung nhập liệu, cho phép gõ và gửi bình luận thành công. | F48: Bình luận xuất hiện trong danh sách. | G48: passed | H48: 46125
A49: TC_POST_22 | B49: Xác nhận chuyển hướng thanh toán khi nhấn "Đặt món" | C49: 1. Nhấn vào nút "Đặt món" | D49: Người dùng đã đăng nhập. | E49: Chuyển hướng thành công sang trang thanh toán/giỏ hàng của quán. | F49: Trang thanh toán hiển thị đúng đơn hàng. | G49: passed | H49: 46125
... A74: TC_POST_47 | B74: Kiểm tra nút Đặt món đối với tài khoản bị khóa tính năng mua hàng | C74: 1. Đăng nhập bằng tài khoản bị khóa tính năng đặt hàng 2. Quan sát và nhấn thử nút "Đặt món" | D74: Tài khoản bị khóa quyền tạo đơn hàng. | E74: Nút "Đặt món" không được sáng hoặc không được cho phép bấm thực hiện hành động. | F74: Nút bị vô hiệu hóa đối với tài khoản bị hạn chế. | G74: passed | H74: 46125
D252: tương tác bài viết | E252: Gui | F252: Giao diện hiển thị ở trang chủ : - Hiển thị đầy đủ thông tin Header: Ảnh đại diện , Username , Badge , Ngày đăng bài, Điểm đánh giá , Nút Follow - Hiển thị đúng nội dung Body: Đoạn văn bản review, các ảnh bài viết , các Tag đặc điểm (Ngon, Nên thử, Đậm vị). - Hiển thị đúng Footer tương tác: Icon Yêu thích, Bình luận, Nút Xem menu, Nút Đặt món. - Layout: Các thành phần không bị chồng chéo, font chữ đồng nhất, icon hiển thị rõ nét không bị vỡ ảnh.
E253: Hapycase | F253: Chưa đăng nhập + Click "Yêu thích" -> Hệ thống chặn hành động và hiển thị Pop-up yêu cầu Đăng nhập. + Click "Bình luận" -> hệ thống hiển thị popup xem chi tiết bình luận Hệ thống chặn không cho mở khung nhập, yêu cầu Đăng nhập. + Click "Đăng lại" -> Hệ thống chặn hành động và hiển thị Pop-up yêu cầu Đăng nhập. + Click "chia sẻ" -> Hệ thống chặn hành động và hiển thị Pop-up yêu cầu Đăng nhập. + Click "Đặt món" -> Hệ thống chặn không cho vào giỏ hàng, yêu cầu Đăng nhập để xác thực người mua. + Click "Xem menu" -> hệ thống hiển thị popup thực đơn nhưng Hệ thống chặn không cho thêm vào giỏ hàng, yêu cầu Đăng nhập để xác thực người mua. + Sau khi Login thành công từ Pop-up -> Hệ thống phải tự động thực hiện lại hành động + Click "Follow" -> yêu cầu đăng nhập + Click và ảnh đại diện hoặc username chuyển sang trang cá nhân của người dùng Đã đăng nhập + Click "Yêu thích" -> Icon đổi màu, số lượng Like tăng lên ngay lập tức. + Click "Bình luận" -> hệ thống hiển thị popup xem chi tiết bình luận chọn viết bình luận hiển thị khung nhập liệu, cho phép gõ nội dung và nhấn gửi bình luận + Click "Đặt món" -> Chuyển hướng thành công sang trang thanh toán/giỏ hàng của quán + Click "Follow" -> Trạng thái chuyển sang "Following".
E254: nút follow | F254: - Hiện nút Follow trên chính bài viết của bản thân - User bị khóa (Banned) nhưng vẫn hiện nút Follow. - Spam click Follow/Unfollow liên tục trong 1 giây (Nghẽn request) - Badge "Top Reviewer" hiển thị sai cho user mới. - Nút Follow chỉ xuất hiện khi khách không phải là chủ bài viết và chưa theo dõi người này. - Follow một Reviewer đã bị khóa tài khoản hoặc đã xóa profile. - Sau khi Login từ thông báo Follow, hệ thống không tự thực hiện lệnh Follow mà bắt user bấm lại lần nữa. - Số lượng Follower hiển thị âm hoặc không nhảy số sau khi thao tác thành công. - Hủy Follow (Unfollow) nhưng Reviewer vẫn nhận được thông báo có người mới Follow.
E255: Nội dung bài | F255: - Reviewer sửa nội dung bài viết nhưng các Tag đặc điểm cũ vẫn bị kẹt lại, không cập nhật theo ý mới. - Bài viết chứa từ khóa cấm/nhạy cảm nhưng vẫn vượt qua được bộ lọc tự động để hiển thị công khai.
E256: Icon | F256: - Thích bài viết -> Bài viết tự động lưu vào mục "Đã thích" trong trang cá nhân người dùng. - Thích xong hủy nhưng hệ thống không cập nhật trạng thái mới nhất - Đăng lại (Repost) -> Bài viết xuất hiện trên Profile người đăng lại kèm link gốc. - Chưa đăng nhập mà vẫn cho phép viết nội dung vào khung Bình luận (Dù bấm gửi mới báo lỗi). - Bình luận chứa thông tin rác hoặc nội dung vi phạm tiêu chuẩn cộng đồng mà không bị ẩn. - Xóa bài viết gốc nhưng các bản "Đăng lại" vẫn tồn tại và xem được ảnh - Người dùng bị Reviewer chặn (Block) nhưng vẫn Thích và Bình luận được vào bài viết của họ. - Một người dùng Thích một bài viết 2 lần - Chỉnh sửa bình luận thành công nhưng hệ thống vẫn hiển thị nội dung cũ cho người dùng khác.
E257: Đặt món | F257: - Quán đang "Tạm nghỉ" hoặc ngoài giờ giao hàng nhưng nút vẫn cho phép tạo đơn. - Món ăn Reviewer nhắc đến đã ngừng bán nhưng nút Đặt món vẫn dẫn tới menu có món đó. - Đặt món khi địa chỉ giao hàng của khách vượt quá bán kính phục vụ của quán. - Tài khoản người dùng bị khóa tính năng đặt hàng nhưng nút vẫn sáng và cho bấm.
