Workbook

Sheet Trường hợp kiểm thử
A1: ĐẠI HỌC DUY TÂN
A2: KHOA CÔNG NGHỆ THÔNG TIN
A3: NGÀNH: CÔNG NGHỆ PHẦN MỀM
C6: TEST CASE SYSTEM SPRINT 1
C8: Tên dự án | D8: XÂY DỰNG HỆ THỐNG DISHNET - NỀN TẢNG MẠNG XÃ HỘI KINH DOANH ẨM THỰC
C9: STT | D9: Chức năng | E9: Sheet Name | F9: Số Testcase
C10: 1 | D10: Đăng nhập | E10: Đăng nhập | F10: ='Đăng nhập'!F6 -> 44
C11: 2 | D11: Đăng ký | E11: Đăng ký | F11: ='Đăng ký'!F6 -> 66
C12: 3 | D12: Quên mật khẩu | E12: Quên mật khẩu | F12: ='Quên mật khẩu'!F6 -> 55
C13: 4 | D13: Thống kê hệ thống | E13: Thống kê hệ thống | F13: ='Thống kê hệ thống'!F6 -> 68
C14: 5 | D14: Quản lý đơn hàng hệ thống | E14: Quản lý đơn hàng hệ thống | F14: ='Quản lý đơn hàng hệ thống'!F6 -> 67
C15: 6 | D15: Kiểm duyệt yêu cầu hệ thống | E15: Kiểm duyệt yêu cầu hệ thống | F15: ='Kiểm duyệt yêu cầu hệ thống'!F6 -> 42
C16: 7 | D16: Quản lý tài khoản | E16: Quản lý tài khoản | F16: ='Quản lý tài khoản'!F6 -> 55
C17: 8 | D17: Quản lý doanh thu hệ thống | E17: Quản lý doanh thu hệ thống | F17: ='Quản lý doanh thu hệ thống'!F6 -> 66
C18: 9 | D18: Quản lý khuyến mãi hệ thống | E18: Quản lý khuyến mãi hệ thống | F18: ='Quản lý khuyến mãi hệ thống'!F6 -> 65
C19: Tổng số testcase của sprint 1 | F19: =SUM(F10:F18) -> 528

Sheet Đăng nhập
A1: Project Name | B1: XÂY DỰNG HỆ THỐNG DISHNET - NỀN TẢNG MẠNG XÃ HỘI KINH DOANH ẨM THỰC
A2: Module Code | B2: Đăng nhập
A3: Người kiểm tra | B3: Phạm Đình Vân Ly
B4: Hoàn thành | C4: Lỗi | D4: Chưa kiểm tra | E4: Bị chăn | F4: Tổng số trường hợp thử nghiệm
A5: Round 1 | B5: =COUNTIF(G23:G1035,"passed") -> 43 | C5: =COUNTIF(G32:G1035,"failed") -> 1 | D5: =COUNTIF(G32:G1035,"untest") -> 0 | E5: =COUNTIF(G32:G1035,"blocked") -> 0 | F5: =COUNTIF(A23:A1031, "*LOG*") -> 44
A6: Round 2 | B6: =COUNTIF(I33:I1036,"passed") -> 1 | C6: =COUNTIF(I32:I1035,"failed") -> 0 | D6: =COUNTIF(G32:G1035,"untest") -> 0 | E6: =COUNTIF(G32:G1035,"blocked") -> 0 | F6: =COUNTIF(A24:A1032, "*LOG*") -> 44
A23: Test Case ID | B23: Mô tả | C23: Hành động | D23: Điều kiện tiên quyết | E23: Kết quả mong đợi | F23: Kết quả thực tế | G23: Kết quả | I23: Kết quả | K23: Chú thích
G24: Vòng 1 | I24: Vòng 2
G25: Trạng thái | H25: Ngày kiểm tra | I25: Trạng thái | J25: Ngày kiểm tra
A26: GUI_SHOW Trang đăng nhập
A27: GUI_LOG_01 | B27: Kiểm tra hiển thị tiêu đề đăng nhập | C27: 1. Mở trang đăng nhập | D27: Truy cập được trang | E27: Hiển thị tiêu đề “Đăng nhập” | F27: Hiển thị đúng tiêu đề đăng nhập | G27: passed | H27: 46114
A28: GUI_LOG_02 | B28: Kiểm tra ô nhập tên đăng nhập/email | C28: 1. Mở trang đăng nhập 2. Quan sát ô Email | D28: Trang load thành công | E28: Có placeholder, text màu đen, hiển thị rõ | F28: Hiển thị đúng placeholder và màu text đen | G28: passed | H28: 46114
A29: GUI_LOG_03 | B29: Kiểm tra ô nhập mật khẩu | C29: 1. Mở trang đăng nhập 2. Quan sát ô Password | D29: Trang load thành công | E29: Có placeholder, text bị ẩn dạng *** | F29: Text nhập vào được mã hóa ẩn dưới dạng dấu *** | G29: passed | H29: 46114
A30: GUI_LOG_04 | B30: Kiểm tra icon hiển thị mật khẩu | C30: 1. Mở trang đăng nhập 2. Click icon mắt | D30: Có dữ liệu trong password | E30: Mật khẩu được hiển thị/ẩn đúng | F30: Icon mắt hoạt động chính xác, chuyển đổi được trạng thái ẩn/hiện | G30: passed | H30: 46114
A31: GUI_LOG_05 | B31: Kiểm tra checkbox “Lưu thông tin đăng nhập” | C31: 1. Mở trang đăng nhập 2. Click checkbox | D31: Trang load | E31: Có thể chọn/bỏ chọn | F31: Checkbox hoạt động nhạy, có thể tick chọn hoặc bỏ chọn | G31: passed | H31: 46114
A32: GUI_LOG_06 | B32: Kiểm tra link “Quên mật khẩu” | C32: 1. Mở trang đăng nhập 2. Click link “Quên mật khẩu” | D32: Trang load | E32: Chuyển sang màn quên mật khẩu | F32: Hệ thống điều hướng đúng về trang quên mật khẩu | G32: passed | H32: 46114
A33: GUI_LOG_07 | B33: Kiểm tra link "Bạn chưa có tài khoản" | C33: 1. Mở trang đăng nhập 2. Click link “Bạn chưa có tài khoản” | D33: Trang load | E33: Chuyển sang màn đăng ký | F33: Hệ thống điều hướng đúng về trang Đăng ký | G33: passed | H33: 46114
A34: GUI_LOG_08 | B34: Kiểm tra button “Đăng nhập” | C34: 1. Mở trang đăng nhập 2. Quan sát button | D34: Trang load | E34: Button hiển thị rõ, enable | F34: Button hiển thị đúng vị trí, có thể tương tác | G34: passed | H34: 46114
A35: GUI_LOG_09 | B35: Kiểm tra button “Google” | C35: 1. Mở trang đăng nhập 2. Quan sát button | D35: Trang load | E35: Button hiển thị đúng màu, enable | F35: Button Google hiển thị đúng màu thương hiệu và có thể click | G35: passed | H35: 46114
A36: GUI_LOG_10 | B36: Kiểm tra card dành tài khoản cho người dùng | C36: 1. Mở popup 2. Quan sát card | D36: Popup hiển thị | E36: Hiển thị đầy đủ icon, text, border xanh | F36: Card hiển thị đúng các thành phần và màu border xanh | G36: passed | H36: 46114
A37: GUI_LOG_11 | B37: Kiểm tra card dành cho tài khoản cửa hàng | C37: 1. Mở popup 2. Quan sát card | D37: Popup hiển thị | E37: Hiển thị icon, text | F37: Các thành phần của card hiển thị rõ | G37: passed | H37: 46114
A38: GUI_LOG_12 | B38: Kiểm tra button đi vào tài khoản | C38: 1. Mở popup 2. Quan sát button | D38: Popup hiển thị | E38: Button màu xanh, text trắng | F38: Màu sắc button và text hiển thị đúng như yêu cầu | G38: passed | H38: 46114
... A42: GUI_LOG_16 | B42: Kiểm tra responsive | C42: 1. Mở trang đăng nhập 2. Thay đổi kích thước màn hình | D42: Trang load | E42: UI không bị vỡ | F42: Layout tổng thể cân đối, không bị vỡ hay chồng lấn | G42: passed | H42: 46114
A43: FUNCTION_SHOW Trang đăng nhập
A44: TC_LOG_17 | B44: Xác nhận đăng nhập thành công khi nhập đúng và đủ thông tin | C44: 1. Nhập tên đăng nhập/email 2. Nhập mật khẩu 3. Click "Đăng nhập" | D44: Người dùng đã có tài khoản | E44: Hệ thống đăng nhập thành công, chuyển đến trang chủ hoặc trang thống kê | F44: Đăng nhập thành công, hệ thống chuyển hướng về Trang chủ/Thống kê đúng như mong đợi | G44: passed | H44: 46114
A45: TC_LOG_18 | B45: Xác nhận thành công khi đăng nhập bằng Google | C45: 1. Click "Đăng nhập với Google" 2. Chọn gmail hợp lệ | D45: Tài khoản Google hợp lệ | E45: Hệ thống đăng nhập thành công, chuyển đến trang chủ | F45: Hệ thống nhận diện đúng tài khoản Google và chuyển màn hình vào trang chủ | G45: passed | H45: 46114
A46: TC_LOG_19 | B46: Xác nhận đăng nhập thành công khi không tick lưu mật khẩu | C46: 1. Nhập email 2. Nhập mật khẩu 3. Không tick "Lưu mật khẩu" 4. Click "Đăng nhập" | D46: Tài khoản đăng nhập hợp lệ | E46: Hệ thống đăng nhập thành công và không lưu mật khẩu | F46: Đăng nhập thành công, sau khi tắt trình duyệt và mở lại, hệ thống yêu cầu đăng nhập lại (không lưu) | G46: passed | H46: 46114
A47: TC_LOG_20 | B47: Hiển thị lỗi khi bỏ trống trường tên đăng nhập/email | C47: 1. Không nhập tên đăng nhập/email 2. Nhập mật khẩu 3. Click "Đăng nhập" | D47: N/A | E47: Hiển thị thông báo "Vui lòng điền vào mục này" | F47: Hiển thị thông báo "Vui lòng điền vào mục này" tại trường Tên đăng nhập | G47: passed | H47: 46114
A48: TC_LOG_21 | B48: Hiển thị lỗi khi nhập tên đăng nhập hoặc email không tồn tại | C48: 1. Nhập tên đăng nhập/email không tồn tại 2. Nhập mật khẩu 3. Click "Đăng nhập" | D48: N/A | E48: Hiển thị thông báo "Tên đăng nhâp/ email không tồn tại" | F48: Thông báo lỗi "Tên đăng nhập/ email không tồn tại" hiển thị đúng định dạng và vị trí | G48: passed | H48: 46114
A49: TC_LOG_22 | B49: Hiển thị lỗi khi nhập email có chứa khoảng trắng | C49: 1. Nhập email có chứa khoảng trắng 2. Nhập mật khẩu 3. Click "Đăng nhập" | D49: N/A | E49: Hiển thị thông báo "Lỗi định dạng" | F49: Hệ thống báo lỗi định dạng khi email chứa khoảng trắng | G49: passed | H49: 46114
A50: TC_LOG_23 | B50: Hiển thị lỗi khi người dùng nhập tên đăng nhập <5 ký tự | C50: 1. Nhập tên đăng nhập/email <5 ký tự 2. Nhập mật khẩu 3. Click "Đăng nhập" | D50: N/A | E50: Hiển thị thông báo "Tên đăng nhập không đúng" | F50: Hiển thị thông báo "Tên đăng nhập không đúng" tại trường tên đăng nhập | G50: passed | H50: 46114
A51: TC_LOG_24 | B51: Hiển thị lỗi khi nhập tên đăng nhập >30 ký tự | C51: 1. Nhập tên đăng nhập/email >30 ký tự 2. Nhập mật khẩu 3. Click "Đăng nhập" | D51: N/A | E51: Hiển thị thông báo "Tên đăng nhập không đúng" | F51: Hiển thị thông báo "Tên đăng nhập không đúng" tại trường tên đăng nhập | G51: passed | H51: 46114
A52: TC_LOG_25 | B52: Hiển thị lỗi khi nhập email có chứa ký tự đặc biệt | C52: 1. Nhập email chứa ký tự đặc biệt khác (!,#,%,...) 2. Nhập mật khẩu 3. Click "Đăng nhập" | D52: N/A | E52: Hiển thị thông báo "Lỗi định dạng" | F52: Hệ thống ngăn chặn và báo lỗi định dạng khi có ký tự đặc biệt trong email | G52: passed | H52: 46114
A53: TC_LOG_26 | B53: Hiển thị lỗi khi nhập email không có user | C53: 1. Nhập email không có user 2. Nhập mật khẩu 3. Click "Đăng nhập" | D53: N/A | E53: Hiển thị thông báo "Lỗi định dạng" | F53: Thông báo "Lỗi định dạng" hiển thị khi thiếu phần định danh người dùng trong email | G53: passed | H53: 46114
A54: TC_LOG_27 | B54: Hiển thị lỗi khi nhập email không có ký tự @ | C54: 1. Nhập email không có @ 2. Nhập mật khẩu 3. Click "Đăng nhập" | D54: N/A | E54: Hiển thị thông báo "Lỗi định dạng" | F54: Báo lỗi định dạng chính xác khi thiếu ký tự "@" | G54: passed | H54: 46114
A55: TC_LOG_28 | B55: Hiển thị lỗi khi nhập email không có domain | C55: 1. Nhập email không có domain 2. Nhập mật khẩu 3. Click "Đăng nhập" | D55: N/A | E55: Hiển thị thông báo "Lỗi định dạng" | F55: Báo lỗi định dạng chính xác khi thiếu phần domain (ví dụ: @gmail.com) | G55: passed | H55: 46114
... A59: TC_LOG_32 | B59: Hiển thị lỗi khi nhập mật khẩu không chính xác | C59: 1. Nhập tên đăng nhập/email 2. Nhập mật khẩu không đúng 3. Click "Đăng nhập" | D59: Tài khoản đăng nhập tồn tại trong hệ thống | E59: Hiển thị thông báo "Sai mật khẩu" | F59: Thông báo "Sai mật khẩu" hiển thị ngay sau khi nhấn đăng nhập với mật khẩu không đúng | G59: passed | H59: 46114
A60: TC_LOG_33 | B60: Kiểm tra lỗi hiễn thị khi nhập sai mật khẩu quá 5 lần | C60: 1. Nhập tên đăng nhập/email 2. Nhập mật khẩu sai 5 lần liên tiếp 3. Click "Đăng nhập" | D60: N/A | E60: Hệ thống khóa tài khoản tạm thời | F60: Sau 5 lần sai, hệ thống vẫn cho phép tiếp tục thao tác đăng nhập | G60: failed | H60: 46114 | I60: passed | J60: 46117
A61: TC_LOG_34 | B61: Xác nhận thành công khi tick vào lưu mật khẩu | C61: 1. Nhập email 2. Nhập mật khẩu 3. Tick "Lưu mật khẩu" 4. Click "Đăng nhập" | D61: N/A | E61: Hệ thống lưu thông tin đăng nhập cho lần sau | F61: Đăng nhập thành công, hệ thống tự động điền thông tin đăng nhập trong lần truy cập sau | G61: passed | H61: 46114
A62: TC_LOG_35 | B62: Kiểm tra lỗi hiển thị khi đăng nhập bằng google account chưa đăng ký | C62: 1. Click "Đăng nhập với Google" 2. Chọn gmail chưa đăng ký | D62: N/A | E62: Hiển thị thông báo "Không tìm thấy tài khoản Google của bạn" | F62: Hiển thị đúng thông báo không tìm thấy tài khoản đối với email Google chưa đăng ký hệ thống | G62: passed | H62: 46114
A63: TC_LOG_36 | B63: Kiểm tra khi click vào đăng nhập nhiều lần liên tiếp | C63: 1. Nhập tên đăng nhập/email 2. Nhập mật khẩu 3. Click "Đăng nhập" nhiều lần liên tiếp | D63: N/A | E63: Hệ thống chỉ xử lý 1 yêu cầu đầu tiên | F63: Hệ thống chỉ gửi 01 request đăng nhập, các click thừa sau đó không gây ra lỗi chồng chéo | G63: passed | H63: 46114
A64: TC_LOG_37 | B64: Xác nhận hiển thị đúng khi nhấn enter để đăng nhập | C64: 1. Nhập tên đăng nhập/email 2. Nhập mật khẩu 3. Nhấn enter | D64: N/A | E64: Hệ thống thực hiện đăng nhập | F64: Hệ thống thực hiện lệnh đăng nhập ngay sau khi nhấn phím "Enter" trên bàn phím | G64: passed | H64: 46114
A65: TC_LOG_38 | B65: Xác nhận hiển thị đúng khi chỉ có 1 tài khoản người dùng | C65: 1. Đăng nhập tài khoản người dùng | D65: N/A | E65: Chuyển đến trang chủ | F65: Hệ thống nhận diện tài khoản có 1 vai trò và chuyển thẳng vào trang chủ thành công | G65: passed | H65: 46114
A66: Pop-up chọn vai trò
A67: TC_LOG_39 | B67: Xác nhận hiển thị đúng khi người dùng có 2 vai trò | C67: 1. Đăng nhập tài khoản có nhiều role | D67: Người dùng có tài khoản người dùng và tài khoản cửa hàng | E67: Hệ thống hiển thị màn hình chọn vai trò | F67: Popup chọn vai trò (Người dùng/Cửa hàng) hiển thị ngay sau khi xác thực thông tin thành công | G67: passed | H67: 46114
A68: TC_LOG_40 | B68: Xác nhận hiển thị đúng khi chọn tài khoản người dùng | C68: 1. Nhập tên đăng nhập/email 2. Nhập mật khẩu 3. Click "Đăng nhập" 4. Chọn tài khoản người dùng | D68: Người dùng có tài khoản người dùng và tài khoản cửa hàng | E68: Chuyển đến trang chủ | F68: Hệ thống chuyển hướng chính xác đến giao diện trang chủ dành cho "Người dùng" | G68: passed | H68: 46114
A69: TC_LOG_41 | B69: Xác nhận hiển thị đúng khi chọn tài khoản cửa hàng | C69: 1. Nhập tên đăng nhập/email 2. Nhập mật khẩu 3. Click "Đăng nhập" 4. Chọn tài khoản cửa hàng | D69: Người dùng có tài khoản người dùng và tài khoản cửa hàng | E69: Chuyển đến trang quản lý cửa hàng | F69: Hệ thống chuyển hướng chính xác đến trang "Tổng quan cửa hàng" | G69: passed | H69: 46114
A70: TC_LOG_42 | B70: Kiểm tra khi người dùng không chọn vai trò | C70: 1. Nhập tên đăng nhập/email 2. Nhập mật khẩu 3. Click "Đăng nhập" 4. Không chọn vai trò | D70: Người dùng có tài khoản người dùng và tài khoản cửa hàng | E70: Không truy cập vào hệ thống | F70: Người dùng không thể vào sâu trong hệ thống nếu chưa chọn vai trò từ popup | G70: passed | H70: 46114
A71: TC_LOG_43 | B71: Kiểm tra khi người dùng click ngoài popup chọn vai trò | C71: 1. Nhập tên đăng nhập/email 2. Nhập mật khẩu 3. Click "Đăng nhập" 4. Click ngoài pop-up | D71: Popup đang mở | E71: Popup không đóng | F71: Popup vẫn duy trì hiển thị khi click vào vùng trống bên ngoài, yêu cầu người dùng phải chọn vai trò | G71: passed | H71: 46114
A72: TC_LOG_44 | B72: Kiểm tra khi click vào nút đi vào tài khoản nhiều lần liên tiếp | C72: 1. Nhập tên đăng nhập/email 2. Nhập mật khẩu 3. Click "đi vào tài khoản" nhiều lần liên tiếp | D72: N/A | E72: Hệ thống chỉ xử lý 1 yêu cầu đầu tiên | F72: Chỉ xử lý 01 lệnh điều hướng duy nhất dù người dùng nhấn nút chọn vai trò nhiều lần | G72: passed | H72: 46114

Sheet Đăng ký
A1: Project Name | B1: XÂY DỰNG HỆ THỐNG DISHNET - NỀN TẢNG MẠNG XÃ HỘI KINH DOANH ẨM THỰC
A2: Module Code | B2: Đăng ký
A3: Người kiểm tra | B3: Phạm Đình Vân Ly
B4: Hoàn thành | C4: Lỗi | D4: Chưa kiểm tra | E4: Bị chăn | F4: Tổng số trường hợp thử nghiệm
A5: Round 1 | B5: =COUNTIF(G27:G1056,"passed") -> 66 | C5: =COUNTIF(G27:G1056,"failed") -> 0 | D5: =COUNTIF(H27:H1056,"untest") -> 0 | E5: =COUNTIF(G27:G1056,"blocked") -> 0 | F5: =COUNTIF(A23:A1052, "*REG*") -> 66
A6: Round 2 | B6: =COUNTIF(I27:I1057,"passed") -> 0 | C6: =COUNTIF(G27:G1056,"failed") -> 0 | D6: =COUNTIF(G27:G1056,"untest") -> 0 | E6: =COUNTIF(G27:G1056,"blocked") -> 0 | F6: =COUNTIF(A24:A1053, "*REG*") -> 66
A23: Test Case ID | B23: Mô tả | C23: Hành động | D23: Điều kiện tiên quyết | E23: Kết quả mong đợi | F23: Kết quả thực tế | G23: Kết quả | I23: Kết quả | K23: Chú thích
G24: Vòng 1 | I24: Vòng 2
G25: Trạng thái | H25: Ngày kiểm tra | I25: Trạng thái | J25: Ngày kiểm tra
A26: GUI_SHOW Trang đăng ký
A27: GUI_REG_01 | B27: Kiểm tra tiêu đề “Đăng ký” | C27: 1. Mở trang đăng ký | D27: Truy cập trang | E27: Hiển thị tiêu đề “Đăng ký” | F27: Tiêu đề "Đăng ký" hiển thị đúng font chữ và vị trí thiết kế | G27: passed | H27: 46114
A28: GUI_REG_02 | B28: Kiểm tra ô email | C28: 1. Mở trang đăng ký 2. Quan sát ô email | D28: Trang load | E28: Có placeholder, text màu đen | F28: Ô nhập email hiển thị đúng placeholder, text nhập vào có màu đen rõ ràng | G28: passed | H28: 46114
A29: GUI_REG_03 | B29: Kiểm tra ô số điện thoại | C29: 1. Mở trang đăng ký 2. Quan sát ô số điện thoại | D29: Trang load | E29: Có placeholder, text màu đen | F29: Ô số điện thoại hiển thị đúng placeholder và định dạng text | G29: passed | H29: 46114
A30: GUI_REG_04 | B30: Kiểm tra ô tên hiển thị | C30: 1. Mở trang đăng ký 2. Quan sát ô tên hiển thị | D30: Trang load | E30: Có placeholder, text màu đen | F30: Ô tên hiển thị hiển thị placeholder và màu chữ khớp với thiết kế | G30: passed | H30: 46114
A31: GUI_REG_05 | B31: Kiểm tra ô khu vực/địa chỉ | C31: 1. Mở trang đăng ký 2. Quan sát ô khu vực/ địa chỉ | D31: Trang load | E31: Có placeholder, text màu đen | F31: Ô khu vực/địa chỉ hiển thị đúng placeholder và màu text đen | G31: passed | H31: 46114
A32: GUI_REG_06 | B32: Kiểm tra ô mật khẩu | C32: 1. Mở trang đăng ký 2. Quan sát ô mật khẩu | D32: Trang load | E32: Có placehoder, text bị ẩn dạng *** | F32: Mật khẩu khi nhập tự động chuyển sang dạng dấu * để bảo mật | G32: passed | H32: 46114
A33: GUI_REG_07 | B33: Kiểm tra ô xác nhận mật khẩu | C33: 1. Mở trang đăng ký 2. Quan sát ô xác nhận mật khẩu | D33: Trang load | E33: Có placehoder, text bị ẩn dạng *** | F33: Xác nhận mật khẩu hiển thị đúng dạng ẩn *** như ô mật khẩu | G33: passed | H33: 46114
A34: GUI_REG_08 | B34: Kiểm tra icon hiển thị mật khẩu | C34: 1. Mở trang đăng ký 2.Click icon mắt | D34: Có dữ liệu trong password | E34: Toggle hiển thị/ẩn | F34: Icon mắt hoạt động tốt, cho phép chuyển đổi giữa ẩn và hiện mật khẩu | G34: passed | H34: 46114
A35: GUI_REG_09 | B35: Kiểm tra button “Đăng ký” | C35: 1. Mở trang đăng ký 2. Quan sát ô button | D35: Trang load | E35: Button màu xanh, enable | F35: Button "Đăng ký" hiển thị đúng màu xanh chủ đạo và có thể tương tác | G35: passed | H35: 46114
A36: GUI_REG_10 | B36: Kiểm tra link đăng nhập | C36: 1. Mở trang đăng ký 2. Click vào link đăng nhập | D36: Trang load | E36: Chuyển màn hình đến trang đăng nhập | F36: Hệ thống điều hướng chính xác về trang đăng nhập khi click vào link | G36: passed | H36: 46114
A37: GUI_REG_11 | B37: Kiểm tra ô nhập OTP | C37: 1. Mở trang xác thực OTP 2. Quan sát ô nhập mã OTP | D37: N/A | E37: Input hiển thị đúng | F37: Các ô nhập mã OTP hiển thị rõ ràng, cho phép nhập ký tự số | G37: passed | H37: 46114
A38: GUI_REG_12 | B38: Kiểm tra button “Gửi lại mã” | C38: 1. Mở trang xác thực OTP 2. Quan sát button | D38: Đã gửi OTP | E38: Button hiển thị đúng, enable | F38: Button "Gửi lại mã" hiển thị đúng vị trí và có thể nhấn được | G38: passed | H38: 46114
... A44: GUI_REG_18 | B44: Kiểm tra responsive | C44: 1. Mở trang đăng ký 2. Thay đổi kích thước màn hình | D44: Trang load | E44: Không vỡ layout | F44: Giao diện tự động co giãn, không bị vỡ hay chồng lấn khi thay đổi kích thước màn hình | G44: passed | H44: 46114
A45: FUNCTION_SHOW Trang đăng ký
A46: TC_REG_19 | B46: Xác nhận đăng ký thành công khi nhập đúng và đầy đủ thông tin | C46: 1. Nhập email hợp lệ 2. Nhập số điện thoại hợp lệ 3. Nhập tên hiển thị hợp lệ 4. Nhập khu vực 5. Nhập mật khẩu hợp lệ 6. Nhập xác nhận mật khẩu đúng 7. Click "Đăng ký" | D46: Email/ số điện thoại chưa tồn tại trong hệ thống | E46: Hệ thống đăng ký thành công, chuyển sang màn hình OTP | F46: Đăng ký thành công, hệ thống chuyển sang giao diện nhập mã OTP đúng quy trình | G46: passed | H46: 46114
A47: TC_REG_20 | B47: Xác nhận hiển thị đúng khi copy-paste email hợp lệ | C47: 1. Paste email hợp lệ 2. Nhập đầy đủ các trường còn lại 3. Click "Đăng ký" | D47: N/A | E47: Hệ thống chấp nhận | F47: Hệ thống chấp nhận email được dán vào và cho phép thực hiện các bước tiếp theo | G47: passed | H47: 46114
A48: TC_REG_21 | B48: Hiển thị lỗi khi bỏ trống trường email | C48: 1. Không nhập email 2. Nhập đầy đủ các trường còn lại 3. Click "Đăng ký" | D48: N/A | E48: Hiển thị thông báo "Vui lòng điền vào mục này" | F48: Xuất hiện thông báo "Vui lòng điền vào mục này" ngay dưới trường email còn trống | G48: passed | H48: 46114
A49: TC_REG_22 | B49: Hiển thị lỗi khi nhập email không có user | C49: 1. Nhập email thiếu user 2. Click "Đăng ký" | D49: N/A | E49: Hiển thị thông báo "Lỗi định dạng" | F49: Hiển thị thông báo "Lỗi định dạng" do thiếu phần định danh người dùng trong email | G49: passed | H49: 46114
A50: TC_REG_23 | B50: Hiển thị lỗi khi nhập email không có @ | C50: 1. Nhập email thiếu @ 2. Click "Đăng ký" | D50: N/A | E50: Hiển thị thông báo "Lỗi định dạng" | F50: Hệ thống báo "Lỗi định dạng" khi phát hiện email không có ký tự @ | G50: passed | H50: 46114
A51: TC_REG_24 | B51: Hiển thị lỗi khi nhập email không có domain | C51: 1. Nhập email thiếu domain 2. Click "Đăng ký" | D51: N/A | E51: Hiển thị thông báo "Lỗi định dạng" | F51: Hệ thống báo "Lỗi định dạng" khi phát hiện thiếu phần domain (ví dụ: @gmail.com) | G51: passed | H51: 46114
A52: TC_REG_25 | B52: Hiển thị lỗi khi nhập email đã tồn tại | C52: 1. Nhập email đã đăng ký 2. Click "Đăng ký" | D52: Email đã tồn tại | E52: Hiển thị thông báo "Email đã tồn tại" | F52: Hệ thống báo lỗi "Email đã tồn tại" và ngăn chặn việc tạo tài khoản trùng lặp | G52: passed | H52: 46114
A53: TC_REG_26 | B53: Hiển thị lỗi khi nhập email có khoảng trắng | C53: 1. Nhập email có khoảng trắng 2. Click "Đăng ký" | D53: N/A | E53: Hiển thị thông báo "Lỗi định dạng" | F53: Hiển thị thông báo lỗi định dạng khi email có chứa khoảng trắng giữa các ký tự | G53: passed | H53: 46114
A54: TC_REG_27 | B54: Hiển thị lỗi khi nhập email có chứa ký tự đặc biệt khác | C54: 1. Nhập email chứa ký tự đặc biệt khác (!,#,%,...) 2. Click "Đăng ký" | D54: N/A | E54: Hiển thị thông báo "Lỗi định dạng" | F54: Hệ thống ngăn chặn đăng ký và báo lỗi khi email chứa các ký tự đặc biệt không hợp lệ | G54: passed | H54: 46114
A55: TC_REG_28 | B55: Hiển thị lỗi khi bỏ trống trường số điện thoại | C55: 1. Không nhập số điện thoại 2. Nhập đầy đủ các trường còn lại 3. Click "Đăng ký" | D55: N/A | E55: Hiển thị thông báo "Vui lòng điền vào mục này" | F55: Hiển thị thông báo "Vui lòng điền vào mục này" tại trường số điện thoại | G55: passed | H55: 46114
A56: TC_REG_29 | B56: Xác nhận hiển thị đúng khi nhập số điện thoại =10 và bắt đầu bằng số 0 | C56: 1. Nhập số điện thoại hợp lệ 2. Click "Đăng ký" | D56: N/A | E56: Hệ thống chấp nhận | F56: Hệ thống chấp nhận số điện thoại bắt đầu bằng số 0 và đủ 10 chữ số | G56: passed | H56: 46114
A57: TC_REG_30 | B57: Xác nhận hiển thị đúng khi copy-paste số điện thoại hợp lệ | C57: 1. Paste số điện thoại hợp lệ 2. Click "Đăng ký" | D57: N/A | E57: Hệ thống chấp nhận | F57: Thao tác copy-paste số điện thoại hoạt động đúng, hệ thống nhận diện đúng dữ liệu | G57: passed | H57: 46114
... A78: TC_REG_51 | B78: Kiểm tra hiển thị đúng khi nhấn enter để đăng ký | C78: 1. Nhập đầy đủ thông tin 2. Nhấn Enter | D78: N/A | E78: Hệ thống thực hiện đăng ký | F78: Lệnh đăng ký được thực thi ngay lập tức khi nhấn phím Enter trên bàn phím | G78: passed | H78: 46114
A79: FUNCTION_SHOW Trang xác thực OTP
A80: TC_REG_52 | B80: Xác nhận đăng ký thành công khi nhập OTP đúng | C80: 1. Nhập OTP đúng 2. Click "Gửi" | D80: Đã đăng ký thành công | E80: Hệ thống thông báo xác thực thành công, hiển thị nút đăng nhập | F80: Mã OTP đúng được chấp nhận, hệ thống hiển thị nút để người dùng tiếp tục đăng nhập | G80: passed | H80: 46114
A81: TC_REG_53 | B81: Hiển thị lỗi khi không nhập OTP | C81: 1. Không nhập OTP 2. Click "Gửi" | D81: Đã gửi OTP | E81: Hiển thị thông báo "Vui lòng nhập đầy đủ mã xác nhận" | F81: Thông báo lỗi hiển thị rõ ràng khi người dùng nhấn gửi mà chưa nhập mã OTP | G81: passed | H81: 46114
A82: TC_REG_54 | B82: Hiển thị lỗi khi nhập OTP sai | C82: 1. Nhập OTP sai 2. Click "Gửi" | D82: Đã gửi OTP | E82: Hiển thị thông báo "Mã xác thực không đúng" và cho phép nhập lại | F82: Thông báo "Mã xác thực không đúng" hiển thị và cho phép người dùng nhập lại | G82: passed | H82: 46114
A83: TC_REG_55 | B83: Xác nhận thành công khi nhập OTP sai sau đó nhập lại đúng | C83: 1. Nhập OTP sai 2. Nhập lại đúng 3. Click "Gửi" | D83: Đã gửi OTP | E83: Hệ thống thông báo xác thực thành công, hiển thị nút đăng nhập | F83: Sau khi nhập lại đúng mã OTP, hệ thống xác thực thành công và hiện nút đăng nhập | G83: passed | H83: 46114
A84: TC_REG_56 | B84: Hiển thị lỗi khi nhập OTP < 5 ký tự | C84: 1. Nhập OTP thiếu số 2. Click "Gửi" | D84: Đã gửi OTP | E84: Hiển thị thông báo "Vui lòng nhập đầy đủ mã xác nhận" | F84: Hệ thống báo lỗi yêu cầu nhập đầy đủ 5 chữ số của mã OTP | G84: passed | H84: 46114
A85: TC_REG_57 | B85: Hiển thị lỗi khi nhập OTP > 5 ký tự | C85: 1. Nhập OTP dư số | D85: Đã gửi OTP | E85: Hệ thống chặn không cho phép nhập thêm | F85: Hệ thống tự động chặn không cho phép nhập ký thêm ký tự vào ô OTP | G85: passed | H85: 46114
A86: TC_REG_58 | B86: Hiển thị lỗi khi nhập OTP bằng ký tự chữ | C86: 1. Nhập OTP bằng chữ 2. Click "Gửi" | D86: Đã gửi OTP | E86: Hệ thống chặn không cho phép nhập chữ | F86: Ô nhập OTP chỉ nhận ký tự số, các ký tự chữ bị hệ thống chặn hoàn toàn | G86: passed | H86: 46114
A87: TC_REG_59 | B87: Hiển thị lỗi khi nhập OTP bằng ký tự đặt biệt | C87: 1. Nhập OTP bằng ký tự đặt biệt 2. Click "Gửi" | D87: Đã gửi OTP | E87: Hệ thống chặn không cho phép nhập ký tự đặt biệt | F87: Ô nhập OTP chỉ nhận ký tự số, các ký tự đặc biệt bị hệ thống chặn hoàn toàn | G87: passed | H87: 46114
A88: TC_REG_60 | B88: Hiển thị lỗi khi nhập OTP sai 5 lần | C88: 1. Nhập sai OTP 5 lần | D88: Đã gửi OTP | E88: Hệ thống khóa tạm thời | F88: Sau 5 lần nhập sai mã, hệ thống hiển thị thông báo khóa tạm thời để bảo mật | G88: passed | H88: 46114
A89: TC_REG_61 | B89: Hiển thị lỗi khi nhập OTP hết hạn | C89: 1. Nhập OTP sau 1 phút 2. Click "Gửi" | D89: OTP hết hạn | E89: Hiển thị thông báo "Mã xác thực không đúng" | F89: Thông báo "Mã xác thực không đúng" (hoặc hết hạn) hiển thị khi nhập mã sau 1 phút | G89: passed | H89: 46114
A90: TC_REG_62 | B90: Xác nhận gửi thành công khi người dùng click gửi lại mã | C90: 1. Click gửi lại mã | D90: Đã gửi OTP | E90: Hệ thống gửi lại mã OTP mới | F90: Hệ thống gửi lại mã OTP mới về email sau khi nhấn "Gửi lại mã" | G90: passed | H90: 46114
A91: TC_REG_63 | B91: Kiểm tra hiển thị lỗi khi người dùng click "gửi lại mã" nhiều hơn 5 lần | C91: 1. Click gửi lại mã nhiều lần | D91: Đã gửi OTP | E91: Hệ thống giới hạn số lần gửi mã | F91: Hệ thống hiển thị cảnh báo khi người dùng nhấn "Gửi lại mã" quá số lần quy định. | G91: passed | H91: 46114
... A94: TC_REG_66 | B94: Xác nhận nút đăng nhập hiển thị đúng khi xác thực OTP thành công | C94: 1. Click "Đăng nhập" | D94: N/A | E94: Chuyển sang màn hình đăng nhập | F94: Sau khi xác thực thành công, nhấn nút "Đăng nhập" điều hướng đúng về trang đăng nhập | G94: passed | H94: 46114

Sheet Quên mật khẩu
A1: Project Name | B1: XÂY DỰNG HỆ THỐNG DISHNET - NỀN TẢNG MẠNG XÃ HỘI KINH DOANH ẨM THỰC
A2: Module Code | B2: Quên mật khẩu
A3: Người kiểm tra | B3: Huỳnh Thị Vy
B4: Hoàn thành | C4: Lỗi | D4: Chưa kiểm tra | E4: Bị chăn | F4: Tổng số trường hợp thử nghiệm
A5: Round 1 | B5: =COUNTIF(G27:G1033,"passed") -> 53 | C5: =COUNTIF(G27:G1033,"failed") -> 2 | D5: =COUNTIF(H27:H1033,"untest") -> 0 | E5: =COUNTIF(G27:G1033,"blocked") -> 0 | F5: =COUNTIF(A23:A1029, "*FP*") -> 55
A6: Round 2 | B6: =COUNTIF(I27:I1034,"passed") -> 2 | C6: =COUNTIF(I27:I1033,"failed") -> 0 | D6: =COUNTIF(G27:G1033,"untest") -> 0 | E6: =COUNTIF(G27:G1033,"blocked") -> 0 | F6: =COUNTIF(A24:A1030, "*FP*") -> 55
A23: Test Case ID | B23: Mô tả | C23: Hành động | D23: Điều kiện tiên quyết | E23: Kết quả mong đợi | F23: Kết quả thực tế | G23: Kết quả | I23: Kết quả | K23: Chú thích
G24: Vòng 1 | I24: Vòng 2
G25: Trạng thái | H25: Ngày kiểm tra | I25: Trạng thái | J25: Ngày kiểm tra
A26: GUI_SHOW Trang quên mật khẩu
A27: GUI_FP_01 | B27: Kiểm tra tiêu đề “Quên mật khẩu” | C27: 1. Mở màn hình quên mật khẩu | D27: Truy cập trang | E27: Hiển thị tiêu đề rõ ràng | F27: Tiêu đề "Quên mật khẩu" hiển thị đúng font chữ, vị trí và dễ quan sát | G27: passed | H27: 46114
A28: GUI_FP_02 | B28: Kiểm tra ô nhập email | C28: 1. Mở màn hình quên mật khẩu 2. Quan sát ô nhập email | D28: Trang load | E28: Có placeholder, text màu đen | F28: Ô nhập email hiển thị đúng placeholder, text nhập vào có màu đen rõ ràng | G28: passed | H28: 46114
A29: GUI_FP_03 | B29: Kiểm tra button "Gửi" email | C29: 1. Mở màn hình quên mật khẩu 2. Quan sát button | D29: Trang load | E29: Có màu xanh, enable | F29: Button hiển thị màu xanh và đúng vị trí, có thể nhấn được | G29: passed | H29: 46114
A30: GUI_FP_04 | B30: Kiểm tra link "Bạn chưa có tài khoản" | C30: 1. Mở màn hình quên mật khẩu 2. Click vào "Bạn chưa có tài khoản" | D30: Trang load | E30: Chuyển màn hình đến trang đăng ký | F30: Hệ thống điều hướng chính xác về trang đăng ký khi nhấn vào link | G30: passed | H30: 46114
A31: GUI_FP_05 | B31: Kiểm tra ô nhập OTP | C31: 1. Mở màn hình xác thực OTP 2. Quan sát ô nhập OTP | D31: Đã gửi OTP | E31: Ô input hiển thị đúng | F31: Các ô nhập mã OTP hiển thị rõ ràng, căn chỉnh đều và dễ nhìn | G31: passed | H31: 46114
A32: GUI_FP_06 | B32: Kiểm tra thời gian OTP | C32: 1. Mở màn hình xác thực OTP 2. Quan sát thời gian hiển thị | D32: Đã gửi OTP | E32: Hiển thị thời gian (01:00) | F32: Thời gian đếm ngược (60s) bắt đầu chạy ngay khi mã được gửi thành công | G32: passed | H32: 46114
A33: GUI_FP_07 | B33: Kiểm tra button “Gửi lại mã” | C33: 1. Mở trang xác thực OTP 2. Quan sát button | D33: Đã gửi OTP | E33: Button hiển thị đúng, enable | F33: Button "Gửi lại mã" hiển thị đúng vị trí và có thể tương tác | G33: passed | H33: 46114
A34: GUI_FP_08 | B34: Kiểm tra button “Gửi” OTP | C34: 1. Mở màn hình xác thực OTP 2. Quan sát button | D34: Đã nhập OTP | E34: Button màu xanh, enable | F34: Button "Gửi" tại màn hình OTP hiển thị đúng màu xanh và sẵn sàng click | G34: passed | H34: 46114
A35: GUI_FP_09 | B35: Kiểm tra ô mật khẩu mới | C35: 1. Mở màn hình đổi mật khẩu 2. Quan sát ô nhập mật khẩu mới | D35: OTP đúng | E35: Có placehoder, text bị ẩn dạng *** | F35: Ô mật khẩu mới hiển thị đúng placeholder, ký tự nhập vào tự động ẩn thành dấu * | G35: passed | H35: 46114
A36: GUI_FP_10 | B36: Kiểm tra ô xác nhận mật khẩu | C36: 1. Mở màn hình đổi mật khẩu 2. Quan sát ô nhập xác nhận mật khẩu mới | D36: OTP đúng | E36: Có placehoder, text bị ẩn dạng *** | F36: Ô xác nhận mật khẩu mới hiển thị đúng dạng ẩn để bảo mật thông tin | G36: passed | H36: 46114
A37: GUI_FP_11 | B37: Kiểm tra icon ẩn hiển mật khẩu | C37: 1. Mở màn hình đổi mật khẩu 2. Click icon mắt | D37: Có dữ liệu | E37: Toggle hiển thị/ ẩn | F37: Icon mắt hoạt động chính xác, cho phép người dùng xem hoặc ẩn mật khẩu | G37: passed | H37: 46114
A38: GUI_FP_12 | B38: Kiểm tra button “Đặt lại” | C38: 1. Mở màn hình đổi mật khẩu 2. Quan sát button | D38: Trang load | E38: Button màu xanh, enable | F38: Button "Đặt lại" hiển thị đúng màu thương hiệu và có thể nhấn được | G38: passed | H38: 46114
... A42: GUI_FP_16 | B42: Kiểm tra layout tổng thể | C42: 1. Mở màn hình 2. Thay đổi kích thước màn hình | D42: Trang load | E42: Các thành phần căn đều, không vỡ layout | F42: Layout tổng thể trang Quên mật khẩu cân đối, co giãn tốt theo kích thước màn hình | G42: passed | H42: 46114
A43: FUNCTION_SHOW Trang quên mật khẩu
A44: TC_FP_17 | B44: Xác nhận gửi email thành công khi nhập email hợp lệ | C44: 1. Nhập email đã đăng ký 2. Click "Gửi" | D44: Email tồn tại trong hệ thống | E44: Hệ thống gửi mã OTP về email | F44: Hệ thống gửi email chứa mã OTP thành công về địa chỉ đã đăng ký | G44: passed | H44: 46114
A45: TC_FP_18 | B45: Hiển thị lỗi khi bỏ trống trường email | C45: 1. Không nhập email 2. Click "Gửi" | D45: N/A | E45: Hiển thị thông báo "Vui lòng điền vào mục này" | F45: Xuất hiện thông báo "Vui lòng điền vào mục này" khi nhấn Gửi mà để trống email | G45: passed | H45: 46114
A46: TC_FP_19 | B46: Hiển thị lỗi khi nhập email không có user | C46: 1. Nhập email thiếu user 2. Click "Gửi" | D46: N/A | E46: Hiển thị thông báo "Lỗi định dạng" | F46: Hiển thị thông báo "Lỗi định dạng" do thiếu phần định danh người dùng trong email | G46: passed | H46: 46114
A47: TC_FP_20 | B47: Hiển thị lỗi khi nhập email không có @ | C47: 1. Nhập email thiếu @ 2. Click "Gửi" | D47: N/A | E47: Hiển thị thông báo "Lỗi định dạng" | F47: Báo "Lỗi định dạng" chính xác khi người dùng nhập email không có ký tự @ | G47: passed | H47: 46114
A48: TC_FP_21 | B48: Hiển thị lỗi khi nhập email không có domain | C48: 1. Nhập email thiếu domain 2. Click "Gửi" | D48: N/A | E48: Hiển thị thông báo "Lỗi định dạng" | F48: Báo "Lỗi định dạng" khi email thiếu phần tên miền (domain) | G48: passed | H48: 46114
A49: TC_FP_22 | B49: Hiển thị lỗi khi nhập email có ký tự đặc biệt khác | C49: 1. Nhập email chứa ký tự đặt biệt khác (!,#,%...) 2. Click "Gửi" | D49: N/A | E49: Hiển thị thông báo "Lỗi định dạng" | F49: Hệ thống báo lỗi khi phát hiện ký tự đặc biệt không hợp lệ trong email | G49: passed | H49: 46114
A50: TC_FP_23 | B50: Hiển thị lỗi khi nhập email có khoảng trắng | C50: 1. Nhập email có khoảng trắng 2. Click "Gửi" | D50: N/A | E50: Hiển thị thông báo "Lỗi định dạng" | F50: Hiển thị thông báo lỗi định dạng do email chứa khoảng trắng | G50: passed | H50: 46114
A51: TC_FP_24 | B51: Hiển thị lỗi khi nhập email không tồn tại | C51: 1. Nhập email chưa đăng ký 2. Click "Gửi" | D51: N/A | E51: Hiển thị thông báo "Emai không tồn tại" | F51: Thông báo "Email không tồn tại" hiển thị đúng khi nhập email chưa đăng ký | G51: passed | H51: 46114
A52: TC_FP_25 | B52: Hiển thị lỗi khi nhập sai email quá 5 lần | C52: 1. Nhập email sai quá 5 lần 2. Click "Gửi" nhiều lần | D52: N/A | E52: Hệ thống khóa tạm thời | F52: Sau 5 lần nhập sai liên tiếp, hệ thống thông báo khóa chức năng gửi mail tạm thời | G52: passed | H52: 46114
A53: TC_FP_26 | B53: Kiểm tra khi click vào nút gửi nhiều lần liên tục | C53: 1. Nhập email hợp lệ 2. Click "Gửi" liên tục | D53: N/A | E53: Hệ thống chỉ xử lý 1 yêu cầu đầu tiên | F53: Hệ thống xử lý ổn định, chỉ gửi 01 email duy nhất dù người dùng nhấn nút liên tục | G53: passed | H53: 46114
A54: TC_FP_27 | B54: Kiểm tra hiển thị đúng khi nhấn enter để gửi | C54: 1. Nhập email hợp lệ 2. Nhấn Enter | D54: N/A | E54: Hệ thống chấp nhận và gửi mã OTP về email | F54: Lệnh gửi mã OTP được thực thi ngay sau khi người dùng nhấn phím Enter | G54: passed | H54: 46114
A55: TC_FP_28 | B55: Xác nhận xác thực thành công khi nhập đúng mã OTP | C55: 1. Nhập OTP đúng 2. Click "Gửi" | D55: Đã nhận OTP | E55: Hệ thống xác thực thành công, chuyển màn hình sang trang đặt lại mật khẩu | F55: Mã OTP đúng được chấp nhận, hệ thống tự động chuyển sang trang đặt lại mật khẩu | G55: passed | H55: 46114
... A64: TC_FP_37 | B64: Hiển thị lỗi khi nhập mã OTP bằng ký tự chữ hoặc ký tự đặc biệt | C64: 1. Nhập OTP chữ 2. Click "Gửi" | D64: Đã gửi OTP | E64: Hệ thống chặn không cho phép nhập chữ hoặc ký tự đặc biệt | F64: Ô nhập mã OTP chặn hoàn toàn việc nhập ký tự chữ hoặc ký tự đặc biệt | G64: passed | H64: 46114
A65: TC_FP_38 | B65: Hiển thị lỗi khi nhập mã OTP sai quá 5 lần | C65: 1. Nhập OTP sai quá 5 lần 2. Click "Gửi" | D65: Đã gửi OTP | E65: Hệ thống khóa tạm thời | F65: Hệ thống không thực hiện khóa tài khoản/chức năng sau khi nhập sai OTP quá 5 lần | G65: failed | H65: 46114 | I65: passed | J65: 46118
A66: TC_FP_39 | B66: Kiểm tra hiển thị đúng khi nhấn enter để gửi OTP | C66: 1. Nhập OTP 2. Nhấn Enter | D66: Đã gửi OTP | E66: Hệ thống xác thực thành công, chuyển màn hình sang trang đặt lại mật khẩu | F66: Hệ thống thực hiện xác thực và chuyển trang ngay khi nhấn phím Enter | G66: passed | H66: 46114
A67: TC_FP_40 | B67: Xác nhận đổi mật khẩu thành công khi nhập mật khẩu mới hợp lệ | C67: 1. Nhập mật khẩu mới 2. Xác nhận lại mật khẩu mới 3. Click "Đặt lại" | D67: Đã xác thực OTP | E67: Hệ thống cập nhật mật khẩu mới và cho phép đăng nhập vào hệ thống | F67: Mật khẩu được cập nhật thành công, hệ thống thông báo và cho phép đăng nhập lại | G67: passed | H67: 46114
A68: TC_FP_41 | B68: Hiển thị lỗi khi bỏ trống trường mật khẩu mới | C68: 1. Không nhập mật khẩu mới 2. Click "Đặt lại" | D68: N/A | E68: Hiển thị thông báo "Vui lòng điền vào mục này" | F68: Thông báo yêu cầu điền mật khẩu mới hiển thị khi để trống trường này | G68: passed | H68: 46114
A69: TC_FP_42 | B69: Hiển thị lỗi khi nhập mật khẩu mới < 6 ký tự | C69: 1. Nhập mật khẩu ngắn 2. Click "Đặt lại" | D69: N/A | E69: Hiển thị thông báo "Lỗi định dạng" | F69: Hệ thống báo "Lỗi định dạng" khi mật khẩu mới ngắn hơn 6 ký tự | G69: passed | H69: 46114
A70: TC_FP_43 | B70: Hiển thị lỗi khi nhập mật khẩu mới > 30 ký tự | C70: 1. Nhập mật khẩu quá dài 2. Click "Đặt lại" | D70: N/A | E70: Hiển thị thông báo "Lỗi định dạng" | F70: Hệ thống ngăn chặn/báo lỗi khi mật khẩu mới vượt quá 30 ký tự | G70: passed | H70: 46114
A71: TC_FP_44 | B71: Hiển thị lỗi khi nhập mật khẩu mới không có chữ | C71: 1. Nhập mật khẩu không có chữ 2. Click "Đặt lại" | D71: N/A | E71: Hiển thị thông báo "Lỗi định dạng" | F71: Báo lỗi yêu cầu mật khẩu phải chứa ít nhất một ký tự chữ cái | G71: passed | H71: 46114
A72: TC_FP_45 | B72: Hiển thị lỗi khi nhập mật khẩu mới không có số | C72: 1. Nhập mật khẩu không có số 2. Click "Đặt lại" | D72: N/A | E72: Hiển thị thông báo "Lỗi định dạng" | F72: Báo lỗi yêu cầu mật khẩu phải chứa ít nhất một ký tự số | G72: passed | H72: 46114
A73: TC_FP_46 | B73: Hiển thị lỗi khi nhập mật khẩu mới không có ký tự đặc biệt | C73: 1. Nhập mật khẩu thiếu ký tự đặc biệt 2. Click "Đặt lại" | D73: N/A | E73: Hiển thị thông báo "Lỗi định dạng" | F73: Báo lỗi yêu cầu mật khẩu phải có ít nhất một ký tự đặc biệt để tăng tính bảo mật | G73: passed | H73: 46114
A74: TC_FP_47 | B74: Xác nhận thành công khi xác nhận đúng mật khẩu | C74: 1. Xác nhận mật khẩu mới đúng 2. Click "Đặt lại" | D74: Đã nhập mật khẩu mới | E74: Hệ thống chấp nhận | F74: Hệ thống chấp nhận mật khẩu mới hợp lệ và trùng khớp ở cả hai ô nhập | G74: passed | H74: 46114
A75: TC_FP_48 | B75: Hiển thị lỗi khi bỏ trống trường xác nhận lại mật khẩu mới | C75: 1. Không nhập xác nhận mật khẩu mới 2. Click "Đặt lại" | D75: N/A | E75: Hiển thị thông báo "Vui lòng điền vào mục này" | F75: Hiển thị thông báo nhắc nhở nhập lại mật khẩu tại ô "Xác nhận mật khẩu" | G75: passed | H75: 46114
A76: TC_FP_49 | B76: Hiển thị lỗi khi nhập xác nhận lại mật khẩu không trùng với mật khẩu mới | C76: 1. Xác nhận mật khẩu không trùng mật khẩu mới 2. Click "Đặt lại" | D76: Đã nhập mật khẩu mới | E76: Hiển thị thông báo "Mật khẩu xác nhận chưa khớp" | F76: Thông báo lỗi hiển thị khi mật khẩu ở ô xác nhận không giống với mật khẩu mới | G76: passed | H76: 46114
A77: TC_FP_50 | B77: Hiển thị lỗi khi nhập mật khẩu mới trùng mật khẩu cũ | C77: 1. Nhập mật khẩu giống mật khẩu cũ 2. Click "Đặt lại" | D77: Có mật khẩu cũ | E77: Hiển thị thông báo "Mật khẩu trùng với mật khẩu cũ" | F77: Hệ thống vẫn cho phép đặt lại mật khẩu mới trùng hoàn toàn với mật khẩu cũ | G77: failed | H77: 46114 | I77: passed | J77: 46118
A78: TC_FP_51 | B78: Kiểm tra khi click nút đặt lại | C78: 1. Nhập mật khẩu mới hợp lệ 2. Xác nhận mật khẩu mới hợp lệ 3. Click "Đặt lại" | D78: N/A | E78: Đặt lại mật khẩu thành công | F78: Màn hình thông báo đặt lại mật khẩu thành công hiển thị rõ ràng | G78: passed | H78: 46114
A79: TC_FP_52 | B79: Kiểm tra khi click nút đặt lại nhiều lần | C79: 1. Click nhiều lần nút đặt lại | D79: N/A | E79: Hệ thống chỉ xử lý yêu cầu 1 lần đầu tiên | F79: Hệ thống chỉ xử lý 01 yêu cầu đổi mật khẩu duy nhất dù nhấn nút nhiều lần | G79: passed | H79: 46114
A80: TC_FP_53 | B80: Kiểm tra khi click nút đăng nhập | C80: 1. Click "Đăng nhập" | D80: N/A | E80: Chuyển màn hình sang đăng nhập | F80: Sau khi đổi thành công, nhấn "Đăng nhập" điều hướng đúng về trang đăng nhập | G80: passed | H80: 46114
A81: TC_FP_54 | B81: Hiển thị lỗi khi đăng nhập bằng mật khẩu cũ | C81: 1. Nhập mật khẩu cũ 2. Đăng nhập | D81: Đã đổi mật khẩu | E81: Đăng nhập thất bại | F81: Hệ thống báo lỗi đăng nhập không thành công khi sử dụng mật khẩu cũ vừa đổi | G81: passed | H81: 46114
A82: TC_FP_55 | B82: Xác nhận thành công khi đăng nhập bằng mật khẩu mới | C82: 1. Nhập mật khẩu mới 2. Đăng nhập | D82: Đã đổi mật khẩu | E82: Đăng nhập thành công | F82: Người dùng đăng nhập vào hệ thống thành công bằng mật khẩu mới vừa thiết lập | G82: passed | H82: 46114

Sheet Thống kê hệ thống
A1: Project Name | B1: XÂY DỰNG HỆ THỐNG DISHNET - NỀN TẢNG MẠNG XÃ HỘI KINH DOANH ẨM THỰC
A2: Module Code | B2: Thống kê hệ thống
A3: Người kiểm tra | B3: Trần Thị Mai Yên, Phan Thị Lệ Thi
B4: Hoàn thành | C4: Lỗi | D4: Chưa kiểm tra | E4: Bị chăn | F4: Tổng số trường hợp thử nghiệm
A5: Round 1 | B5: =COUNTIF(G27:G1063,"passed") -> 63 | C5: =COUNTIF(G38:G1063,"failed") -> 5 | D5: =COUNTIF(H38:H1063,"untest") -> 0 | E5: =COUNTIF(G38:G1063,"blocked") -> 0 | F5: =COUNTIF(A23:A1059, "*DB*") -> 68
A6: Round 2 | B6: =COUNTIF(I27:I1064,"passed") -> 5 | C6: =COUNTIF(G38:G1063,"failed") -> 5 | D6: =COUNTIF(G38:G1063,"untest") -> 0 | E6: =COUNTIF(G38:G1063,"blocked") -> 0 | F6: =COUNTIF(A24:A1060, "*DB*") -> 68
A23: Test Case ID | B23: Mô tả | C23: Hành động | D23: Điều kiện tiên quyết | E23: Kết quả mong đợi | F23: Kết quả thực tế | G23: Kết quả | I23: Kết quả | K23: Chú thích
G24: Vòng 1 | I24: Vòng 2
G25: Trạng thái | H25: Ngày kiểm tra | I25: Trạng thái | J25: Ngày kiểm tra
A26: GUI_SHOW Trang thống kê hệ thống
A27: GUI_DB_01 | B27: Kiểm tra hiển thị sidebar | C27: 1. Mở trang dashboard | D27: Đã login | E27: Sidebar hiển thị | F27: Sidebar hiển thị đúng sau khi đăng nhập, không lỗi giao diện | G27: passed | H27: 46114
A28: GUI_DB_02 | B28: Kiểm tra highlight menu hiện tại | C28: 1. Mở trang dashboard 2. Quan sát menu | D28: Trang thống kê | E28: Menu "Thống kê" đổi màu | F28: Menu “Thống kê” được highlight (đổi màu) đúng khi truy cập trang | G28: passed | H28: 46114
A29: GUI_DB_03 | B29: Kiểm tra khi click menu khác | C29: 1. Mở trang dashboard 2. Click item | D29: Trang load | E29: Điều hướng đúng | F29: Click các menu khác điều hướng đúng trang, không bị reload lỗi | G29: passed | H29: 46114
A30: GUI_DB_04 | B30: Kiểm tra bộ lọc thời gian | C30: 1. Mở trang dashboard 2. Quan sát bộ lọc | D30: Trang load | E30: Có: Hôm nay, 7 ngày, 30 ngày, Tùy chọn | F30: Bộ lọc thời gian hiển thị đầy đủ các tùy chọn (Hôm nay, 7 ngày, 30 ngày, Tùy chọn) và hoạt động bình thường | G30: passed | H30: 46114
A31: GUI_DB_05 | B31: Kiểm tra highlight tab | C31: 1. Mở trang dashboard 2. Click tab | D31: Trang load | E31: Tab được chọn highlight | F31: Tab được chọn hiển thị highlight rõ ràng, đúng trạng thái active | G31: passed | H31: 46114
A32: GUI_DB_06 | B32: Kiểm tra dropdown tùy chọn | C32: 1. Mở trang dashboard 2. Click "tùy chọn" | D32: Trang load | E32: Hiển thị date picker | F32: Dropdown “Tùy chọn” mở và hiển thị date picker chính xác | G32: passed | H32: 46114
A33: GUI_DB_07 | B33: Kiểm tra input ngày | C33: 1. Click "Tùy chọn" 2. Chọn ngày | D33: Date picker mở | E33: Hiển thị ngày đúng format | F33: Date picker hoạt động, chọn ngày và hiển thị đúng định dạng | G33: passed | H33: 46114
A34: GUI_DB_08 | B34: Kiểm tra button "Áp dụng" | C34: 1. Mở trang dashboard 2. Quan sát button | D34: Date picker | E34: Có màu xanh, enable | F34: Button “Áp dụng” hiển thị màu xanh, trạng thái enable và click hoạt động | G34: passed | H34: 46114
A35: GUI_DB_09 | B35: Kiểm tra button "Hủy" | C35: 1. Mở trang dashboard 2. Quan sát button | D35: Date picker | E35: Có màu trắng, enable | F35: Button “Hủy” hiển thị màu trắng, trạng thái enable và click hoạt động | G35: passed | H35: 46114
A36: GUI_DB_10 | B36: Kiểm tra hiển thị card | C36: 1. Mở trang dashboard 2. Quan sát card | D36: Trang load | E36: có 4 card thông kê dữ liệu | F36: Hiển thị đầy đủ 4 card thống kê, dữ liệu load thành công | G36: passed | H36: 46114
A37: GUI_DB_11 | B37: Kiểm tra giá trị số | C37: 1. Mở trang dashboard 2. Quan sát | D37: Có data | E37: Hiển thị rõ, dữ liệu không chồng nhau | F37: Giá trị số hiển thị rõ ràng, không bị chồng lấp hoặc sai định dạng | G37: passed | H37: 46114
A38: GUI_DB_12 | B38: Kiểm tra link “Xem tất cả” | C38: 1. Mở trang dashboard 2. Quan sát | D38: Trang load | E38: Điều hường đúng trang | F38: Link “Xem tất cả” điều hướng đúng trang mong đợi | G38: passed | H38: 46114
... A40: GUI_DB_14 | B40: Responsive card | C40: Resize màn hình | D40: Trang load | E40: Không vỡ layout | F40: Giao diện responsive tốt khi resize màn hình, không vỡ layout | G40: passed | H40: 46114
A41: FUNCTION_SHOW Trang thống kê hệ thống
A42: TC_DB_15 | B42: Xác nhận đăng nhập thành công khi truy cập bằng tài khoản admin | C42: 1. Đăng nhập bằng tài khoản admin | D42: Admin đăng nhập hợp lệ | E42: Đăng nhập thành công vào hệ thống, chuyển màn hình đến trang thống kê | F42: Đăng nhập admin thành công, hệ thống chuyển đúng đến trang thống kê | G42: passed | H42: 46114
A43: TC_DB_16 | B43: Xác nhận thành công chặn các truy cập khi vào trực tiếp mà không đăng nhập | C43: 1. Truy cập URL thống kê 2. Không đăng nhập | D43: Chưa đăng nhập | E43: Hệ thống chuyển màn hình về trang đăng nhập | F43: Khi chưa đăng nhập, truy cập URL bị chuyển về trang đăng nhập | G43: passed | H43: 46114
A44: TC_DB_17 | B44: Xác nhận hiển thị đúng các số liệu trong box thống kê về số người dùng, cửa hàng, đơn hàng và doanh thu trong ngày | C44: 1. Đăng nhập bằng tài khoản admin 2. Quan sát trang thống kê | D44: Admin đăng nhập hợp lệ | E44: Hệ thống hiển thị đúng và đủ dữ liệu thống kê | F44: Hiển thị đầy đủ dữ liệu thống kê ( người dùng, cửa hàng, đơn hàng và doanh thu trong ngày) | G44: passed | H44: 46114
A45: TC_DB_18 | B45: Hiển thị lỗi khi người dùng không phải admin truy cập | C45: 1. Đăng nhập user thường 2. Truy cập trang thống kê | D45: User thường | E45: Không có quyền truy cập | F45: User thường không thể truy cập, hệ thống chặn đúng | G45: passed | H45: 46114
A46: TC_DB_19 | B46: Xác nhận hiển thị đúng khi lọc hôm nay | C46: 1. Chọn "Hôm nay" 2. Kiểm tra dữ liệu | D46: Có dữ liệu | E46: Hiển thị dữ liệu ngày hiện tại | F46: Bộ lọc “Hôm nay” hiển thị đúng dữ liệu ngày hiện tại | G46: passed | H46: 46114
A47: TC_DB_20 | B47: Xác nhận hiển thị đúng khi lọc 7 ngày | C47: 1. Chọn "7 ngày" 2. Kiểm tra dữ liệu | D47: Có dữ liệu | E47: Hiển thị dữ liệu 7 ngày gần nhất | F47: Bộ lọc “7 ngày” hiển thị đúng dữ liệu 7 ngày gần nhất | G47: passed | H47: 46114
A48: TC_DB_21 | B48: Xác nhận hiển thị đúng khi lọc 30 ngày | C48: 1. Chọn "30 ngày" 2. Kiểm tra dữ liệu | D48: Có dữ liệu | E48: Hiển thị dữ liệu 30 ngày gần nhất | F48: Bộ lọc “30 ngày” hiển thị đúng dữ liệu 30 ngày gần nhất | G48: passed | H48: 46114
A49: TC_DB_22 | B49: Xác nhận hiển thị đúng khi lọc tùy chọn | C49: 1. Chọn từ ngày 2. Chọn đến ngày 3. Áp dụng | D49: N/A | E49: Hiển thị đúng dữ liệu khoảng ngày đã chọn | F49: Bộ lọc tùy chọn hiển thị đúng dữ liệu theo khoảng ngày đã chọn | G49: passed | H49: 46114
A50: TC_DB_23 | B50: Hiển thị lỗi khi chọn ngày bắt đầu > ngày hiện tại | C50: 1. Chọn ngày bắt đầu > hôm nay 2. Áp dụng | D50: N/A | E50: Hệ thống chặn không cho phép chọn | F50: Hệ thống chặn đúng, không cho phép chọn ngày bắt đầu > ngày hiện tạ | G50: passed | H50: 46114
A51: TC_DB_24 | B51: Hiển thị lỗi khi ngày kết thúc > hiện tại | C51: 1. Chọn ngày kết thúc tương lai 2. Áp dụng | D51: N/A | E51: Hệ thống chặn không cho phép chọn | F51: Hệ thống chặn đúng, không cho phép chọn ngày kết thúc > ngày hiện tạ | G51: passed | H51: 46114
A52: TC_DB_25 | B52: Hiển thị lỗi khi ngày bắt đầu > ngày kết thúc | C52: 1. Chọn ngày bắt đầu sau ngày kết thúc 2. Áp dụng | D52: N/A | E52: Hệ thống chặn không cho phép chọn | F52: Hệ thống chặn đúng, không cho phép chọn ngày bắt đầu > ngày kết thúc | G52: passed | H52: 46114
A53: TC_DB_26 | B53: Hiển thị lỗi khi không chọn ngày | C53: 1. Không chọn ngày 2. Áp dụng | D53: N/A | E53: Hệ thống áp dụng lựa chọn | F53: Không chọn ngày nhưng vẫn áp dụng, hệ thống xử lý không lỗi code | G53: passed | H53: 46114
... A59: TC_DB_32 | B59: Xác nhận hiển thị đúng % tăng giảm của tổng đơn hàng | C59: 1. Vào dashboard 2, Kiểm tra % tăng giảm đơn hàng | D59: Có dữ liệu | E59: Hiển thị đúng dữ liệu thống kê | F59: % tăng/giảm đơn hàng hiển thị chính xác | G59: passed | H59: 46114
A60: TC_DB_33 | B60: Xác nhận hiển thị đúng biểu đồ tăng giảm số lượng đơn hàng theo ngày | C60: 1. Vào dashboard 2. Quan sát biểu đồ | D60: Có dữ liệu | E60: Hiển thị đúng số đơn từng ngày | F60: Biểu đồ số đơn hàng theo ngày hiển thị không đúng dữ liệu database | G60: failed | H60: 46114 | I60: passed | J60: 46118
A61: TC_DB_34 | B61: Xác nhận trục X hiển thị đúng số ngày | C61: 1. Vào dashboard 2. Quan sát trục ngang biểu đồ | D61: N/A | E61: Hiển thị đúng các ngày gàn nhất | F61: Trục X hiển thị đúng các ngày gần nhất | G61: passed | H61: 46114
A62: TC_DB_35 | B62: Xác nhận trục Y hiển thị đúng số đơn hàng | C62: 1. Vào dashboard 2. Quan sát trục dọc biểu đồ | D62: N/A | E62: Hiển thị đúng theo số đơn hàng | F62: Trục Y hiển thị đúng theo số đơn hàng | G62: passed | H62: 46114
A63: TC_DB_36 | B63: Xác nhận hiển thị đúng khi dữ liệu = 0 | C63: 1. Có ngày không đơn | E63: Hiển thị đường giá trị của biểu đồ =0 | F63: Khi dữ liệu = 0, biểu đồ hiển thị đúng giá trị 0 | G63: passed | H63: 46114
A64: TC_DB_37 | B64: Xác nhận hiển thị đúng tooltip | C64: 1. Hover vào điểm | D64: Có dữ liệu | E64: Hiển thị ngày + số đơn | F64: Tooltip không hiển thị ngày + số đơn | G64: failed | H64: 46114 | I64: passed | J64: 46118
A65: TC_DB_38 | B65: Xác nhận hiển thị đúng khi hệ thống xử lý dữ liệu lớn | C65: 1. Vào dashboard 2. Quan sát biểu đồ | D65: Có dữ liệu lớn | E65: Biểu đồ hiển thị đúng dữ liệu, không sai lệch | F65: Biểu đồ hiển thị đúng, không lỗi | G65: passed | H65: 46114
A66: TC_DB_39 | B66: Xác nhận hiển thị đầy đủ các ngày liên tục nhau | C66: 1. Vào dashboard 2. Quan sát biểu đồ | D66: N/A | E66: Các ngày được hiển thị liên tục theo timeline | F66: Các ngày hiển thị liên tục theo đúng timeline | G66: passed | H66: 46114
A67: TC_DB_40 | B67: Xác nhận hiển thị đúng biểu đồ doanh thu tháng | C67: 1. Vào dashboard 2. Quan sát biểu đồ doanh thu | D67: Có dữ liệu | E67: Hiển thị đúng dữ liệu thống kê | F67: Biểu đồ doanh thu hiển thị đúng dữ liệu | G67: passed | H67: 46114
A68: TC_DB_41 | B68: Xác nhận trục X hiển thị đủ 12 tháng | C68: 1. Quan sát trục ngang biểu đồ doanh thu | D68: N/A | E68: Hiển thị đủ 12 tháng | F68: Trục X hiển thị đủ 12 tháng | G68: passed | H68: 46114
A69: TC_DB_42 | B69: Xác nhận trục Y hiển thị đúng giá trị doanh thu | C69: 1. Quan sát trục dọc biểu đồ doanh thu | D69: N/A | E69: Hiển thị đúng giá trị doanh thu đã thống kê | F69: Trục Y hiển thị đúng giá trị doanh thu | G69: passed | H69: 46114
A70: TC_DB_43 | B70: Xác nhận hiển thị đúng khi doanh thu = 0 | C70: 1. Có tháng không doanh thu | D70: N/A | E70: Cột giá trị của biểu đồ =0 | F70: Khi không có dữ liệu, biểu đồ hiển thị = 0 | G70: passed | H70: 46114
A71: TC_DB_44 | B71: Xác nhận hiển thị đúng khi hệ thống xử lý dữ liệu doanh thu lớn | C71: 1. Vào dashboard 2. Quan sát biểu đồ doanh thu | D71: Có dữ liệu lớn | E71: Biểu đồ hiển thị đúng dữ liệu, không sai lệch | F71: Dữ liệu lớn hiển thị chính xác, không sai lệch | G71: passed | H71: 46114
A72: TC_DB_45 | B72: Xác nhận hiển thị đúng giá trị tăng giảm giữa các tháng | C72: 1. Vào dashboard 2. Kiểm tra doanh thu | D72: Có dữ liệu | E72: Giá trị tăng giảm đúng với doanh thu | F72: Giá trị tăng/giảm doanh thu hiển thị đúng | G72: passed | H72: 46114
A73: TC_DB_46 | B73: Xác nhận hiển thị đúng tooltip | C73: 1. Hover vào cột biểu đồ | D73: Có dữ liệu | E73: Hiển thị tháng + tiền | F73: Tooltip hiển thị đúng thông tin | G73: passed | H73: 46114
A74: TC_DB_47 | B74: Xác nhận hiển thị đúng top cửa hàng có nhiều đơn hàng nhất | C74: 1. Vào dashboard 2. Kiểm tra danh sách | D74: Có dữ liệu | E74: Hiển thị top 3 cửa hàng có nhiều đơn nhất lên đầu | F74: Hiển thị đúng top 3 cửa hàng có nhiều đơn nhất | G74: passed | H74: 46114
A75: TC_DB_48 | B75: Xác nhận hiển thị đúng sắp xếp danh sách cửa hàng giảm dần | C75: 1. Kiểm tra thứ tự | D75: N/A | E75: Danh sách hiển thị theo thứ tự giảm dần | F75: Danh sách sắp xếp đúng thứ tự giảm dần | G75: passed | H75: 46114
A76: TC_DB_49 | B76: Xác nhận hiển thị đúng số lượng đơn hàng của từng cửa hàng | C76: 1. Kiểm tra số đơn | D76: N/A | E76: Hiển thị đúng số lượng của từng cửa hàng | F76: Số lượng đơn theo cửa hàng hiển thị đúng | G76: passed | H76: 46114
A77: TC_DB_50 | B77: Xác nhận hiển thị đúng khi không có dữ liệu | C77: 1. Không có data | D77: N/A | E77: Hiển thị rỗng | F77: Không có dữ liệu, hiển thị rỗng | G77: passed | H77: 46114
A78: TC_DB_51 | B78: Kiểm tra khi click vào tên cửa hàng | C78: 1. Click vào tên cửa hàng bất kỳ trong danh sách | D78: N/A | E78: Chuyển màn đến trang cửa hàng | F78: Click tên cửa hàng không chuyển đúng trang | G78: failed | H78: 46114 | I78: passed | J78: 46118
A79: TC_DB_52 | B79: Xác nhận hiển thị đúng top món ăn được đặt nhiều nhất trong ngày | C79: 1. Vào dashboard 2. Kiểm tra danh sách | D79: Có dữ liệu | E79: Hiển thị top 3 món ăn được đặt nhiều nhất lên đầu | F79: Hiển thị đúng top 3 món ăn được đặt nhiều nhất | G79: passed | H79: 46114
A80: TC_DB_53 | B80: Kiểm tra sắp xếp danh sách món ăn được đặt nhiều nhất | C80: 1. Kiểm tra thứ tự | D80: N/A | E80: Danh sách hiển thị theo thứ tự giảm dần | F80: Danh sách món ăn sắp xếp đúng thứ tự | G80: passed | H80: 46114
A81: TC_DB_54 | B81: Xác nhận hiển thị đúng số lượng đơn hàng của từng món ăn | C81: 1. Kiểm tra số đơn | D81: N/A | E81: Hiển thị đúng số lượng của từng món | F81: Số lượng đơn theo từng món hiển thị đúng | G81: passed | H81: 46114
A82: TC_DB_55 | B82: Xác nhận hiển thị đúng khi không có dữ liệu | C82: 1. Không có data | D82: N/A | E82: Hiển thị rỗng | F82: Biểu đồ không có dữ liệu | G82: passed | H82: 46114
A83: TC_DB_56 | B83: Kiểm tra khi click "xem tất cả" | C83: 1. Click "Xem tất cả" | D83: N/A | E83: Hiển thị danh sách tất cả cửa hàng | F83: Hiển thị đúng danh sách tất cả cửa hàng | G83: passed | H83: 46114
A84: TC_DB_57 | B84: Kiểm tra khi click vào tên món ăn bất kỳ | C84: 1. Click vào tên cửa hàng bất kỳ trong danh sách | D84: N/A | E84: Chuyển màn đến trang cửa hàng | G84: passed | H84: 46114
A85: TC_DB_58 | B85: Xác nhận hiển thị đúng danh sách yêu cầu nâng cấp tài khoản | C85: 1. Vào dashboard 2. Kiểm tra danh sách | D85: Có dữ liệu | E85: Hiển thị đúng danh sách yêu cầu nâng cấp tài khoản | F85: Hiển thị đúng danh sách yêu cầu nâng cấp tài khoản | G85: passed | H85: 46114
A86: TC_DB_59 | B86: Xác nhận hiển thị đúng loại yêu cầu nâng cấp tài khoản | C86: 1. Vào dashboard 2. Kiểm tra loại yêu cầu | D86: N/A | E86: Hiển thị đúng theo loại yêu cầu | F86: Hệ thống hiển thị đúng loại yêu cầu | G86: passed | H86: 46114
A87: TC_DB_60 | B87: Xác nhận hiển thị số lượng tương ứng với từng loại yêu cầu | C87: 1. Kiểm tra số lượng loại yêu cầu | D87: N/A | E87: Hiển thị đúng số lượng tương ứng từng loại | F87: Hệ thống hiển thị đúng số lượng yêu cầu theo từng loại | G87: passed | H87: 46114
A88: TC_DB_61 | B88: Xác nhận hiển thị đúng khi không có yêu cầu nâng cấp | C88: 1. Kiểm tra số lượng loại yêu cầu | D88: N/A | E88: Hiển thị số lượng =0 | F88: Khi không có yêu cầu, hệ thống hiển thị số lượng = 0 | G88: passed | H88: 46114
A89: TC_DB_62 | B89: Xác nhận chuyển trang xử lý | C89: 1. Click "Xử lý ngay" | D89: N/A | E89: Chuyển Màn hình đế trang xử lý | F89: Hệ thống điều hướng đúng chuyển sang màn hình để xử lý | G89: passed | H89: 46114
A90: TC_DB_63 | B90: Xác nhận hiển thị đúng sau khi đã xử lý yêu cầu | C90: 1. Click "Xử lý ngay" 2. Xử lý yêu cầu | D90: N/A | E90: Số lượng yêu cầu giảm | F90: Hệ thống giảm số lượng yêu cầu tương ứng | G90: passed | H90: 46114
A91: TC_DB_64 | B91: Xác nhận hiển thị đúng danh sách hoạt động gần đây của người dùng và cửa hàng | C91: 1. Vào dashboard 2. Kiểm tra danh sách | D91: Có dữ liệu | E91: Hiển thị top 3 danh sách hoạt động gần nhất lên đầu | F91: Không hiển thị đúng top 3 hoạt động gần nhất theo dữ liệu | G91: failed | H91: 46114 | I91: passed | J91: 46118
A92: TC_DB_65 | B92: Xác nhận hiển thị đúng nội dung hoạt động | C92: 1. Kiểm tra nội dung | D92: N/A | E92: Hiển thị đúng nội dung hoạt động của tài khoản | F92: Hiển thị đúng nội dung hoạt động của tài khoản | G92: passed | H92: 46114
A93: TC_DB_66 | B93: Xác nhận hiển thị đúng thời gian hoạt động | C93: 1. Kiểm tra thời gian | D93: N/A | E93: Hiển thị đúng thời gian hoạt động của tài khoản | F93: Hiển thị đúng thời gian hoạt động của tài khoản | G93: passed | H93: 46114
A94: TC_DB_67 | B94: Xác nhận hiển thị đúng thứ tự hoạt động mới nhất | C94: 1. Kiểm tra danh sách | D94: N/A | E94: Hoạt động mới nhất đẩy lên trước | F94: Thứ tự hoạt động chưa đúng, chưa hiển thị hoạt động mới nhất lên trước | G94: failed | H94: 46114 | I94: passed | J94: 46118
A95: TC_DB_68 | B95: Xác nhận cập nhật realtime | C95: 1. Tạo hoạt động mới 2. Kiểm tra | D95: Có dữ liệu mới | E95: Hiển thị hoạt động mới nhất | F95: Hiển thị được hoạt động mới nhất theo thời gian thực | G95: passed | H95: 46114

Sheet Quản lý đơn hàng hệ thống
A1: Project Name | B1: XÂY DỰNG HỆ THỐNG DISHNET - NỀN TẢNG MẠNG XÃ HỘI KINH DOANH ẨM THỰC
A2: Module Code | B2: Xem đánh giá món ăn
A3: Người kiểm tra | B3: Lê Văn Cường
B4: Hoàn thành | C4: Lỗi | D4: Chưa kiểm tra | E4: Bị chăn | F4: Tổng số trường hợp thử nghiệm
A5: Round 1 | B5: =COUNTIF(G27:G1057,"passed") -> 62 | C5: =COUNTIF(G27:G1057,"failed") -> 5 | D5: =COUNTIF(H27:H1057,"untest") -> 0 | E5: =COUNTIF(G27:G1057,"blocked") -> 0 | F5: =COUNTIF(A23:A1053, "*ORD*") -> 67
A6: Round 2 | B6: =COUNTIF(I27:I1058,"passed") -> 5 | C6: =COUNTIF(I27:I1057,"failed") -> 0 | D6: =COUNTIF(G27:G1057,"untest") -> 0 | E6: =COUNTIF(G27:G1057,"blocked") -> 0 | F6: =COUNTIF(A24:A1054, "*ORD*") -> 67
A23: Test Case ID | B23: Mô tả | C23: Hành động | D23: Điều kiện tiên quyết | E23: Kết quả mong đợi | F23: Kết quả thực tế | G23: Kết quả | I23: Kết quả | K23: Chú thích
G24: Vòng 1 | I24: Vòng 2
G25: Trạng thái | H25: Ngày kiểm tra | I25: Trạng thái | J25: Ngày kiểm tra
A26: GUI_SHOW Trang quản lý đơn hàng hệ thống
A27: GUI_ORD_01 | B27: Kiểm tra hiển thị sidebar | C27: 1. Mở trang quản lý đơn hàng hệ thống | D27: Đã login | E27: Sidebar hiển thị | F27: Sidebar hiển thị đầy đủ sau khi đăng nhập | G27: passed | H27: 46114
A28: GUI_ORD_02 | B28: Kiểm tra highlight menu hiện tại | C28: 1. Mở trang quản lý đơn hàng hệ thống 2. Quan sát menu | D28: Trang thống kê | E28: Menu "Thống kê" đổi màu | F28: Menu “Thống kê” được highlight đúng khi đang ở trang tương ứng | G28: passed | H28: 46114
A29: GUI_ORD_03 | B29: Kiểm tra khi click menu khác | C29: 1. Mở trang quản lý đơn hàng hệ thống 2. Click item | D29: Trang load | E29: Điều hướng đúng | F29: Khi click menu khác, hệ thống điều hướng đúng trang | G29: passed | H29: 46114
A30: GUI_ORD_04 | B30: Kiểm tra bộ lọc thời gian | C30: 1. Mở trang quản lý đơn hàng hệ thống 2. Quan sát bộ lọc | D30: Trang load | E30: Có: Hôm nay, 7 ngày, 30 ngày, Tùy chọn | F30: Bộ lọc thời gian hiển thị đầy đủ các tùy chọn (Hôm nay, 7 ngày, 30 ngày, Tùy chọn) | G30: passed | H30: 46114
A31: GUI_ORD_05 | B31: Kiểm tra highlight tab | C31: 1. Mở trang quản lý đơn hàng hệ thống 2. Click tab | D31: Trang load | E31: Tab được chọn highlight | F31: Tab được chọn hiển thị highlight đúng | G31: passed | H31: 46114
A32: GUI_ORD_06 | B32: Kiểm tra dropdown tùy chọn | C32: 1. Mở trang quản lý đơn hàng hệ thống 2. Click "tùy chọn" | D32: Trang load | E32: Hiển thị date picker | F32: Khi chọn “Tùy chọn”, hệ thống hiển thị date picker | G32: passed | H32: 46114
A33: GUI_ORD_07 | B33: Kiểm tra input ngày | C33: 1. Click "Tùy chọn" 2. Chọn ngày | D33: Date picker mở | E33: Hiển thị ngày đúng format | F33: Date picker hiển thị ngày đúng định dạng | G33: passed | H33: 46114
A34: GUI_ORD_08 | B34: Kiểm tra button "Áp dụng" | C34: 1. Mở trang quản lý đơn hàng hệ thống 2. Quan sát button | D34: Date picker | E34: Có màu xanh, enable | F34: Button “Áp dụng” hiển thị màu xanh, trạng thái enable | G34: passed | H34: 46114
A35: GUI_ORD_09 | B35: Kiểm tra button "Hủy" | C35: 1. Mở trang quản lý đơn hàng hệ thống 2. Quan sát button | D35: Date picker | E35: Có màu trắng, enable | F35: Button “Hủy” hiển thị đúng giao diện, trạng thái enable | G35: passed | H35: 46114
A36: GUI_ORD_10 | B36: kiểm tra textbox search bar | C36: 1. Mở trang quản lý đơn hàng hệ thống 2. Quan sát textbox | D36: Trang load | E36: Hiển thị textbox, cho phép nhập | F36: Textbox search hiển thị đúng và cho phép nhập dữ liệu | G36: passed | H36: 46114
A37: GUI_ORD_11 | B37: Kiểm tra dropdown cửa hàng, trạng thái | C37: 1. Mở trang quản lý đơn hàng hệ thống 2. Click item | D37: Trang load | E37: Hiển thị danh sách | F37: Dropdown cửa hàng/trạng thái hiển thị danh sách đầy đủ | G37: passed | H37: 46114
A38: GUI_ORD_12 | B38: Kiểm tra khi click vào button xem | C38: 1. Mở trang quản lý đơn hàng hệ thống 2. Click "Xem" | D38: Trang load | E38: Điều hướng đúng | F38: Khi click “Xem”, hệ thống điều hướng đúng | G38: passed | H38: 46114
... A40: GUI_ORD_14 | B40: Kiểm tra responsive | C40: 1. Mở màn hình 2. Thay đổi kích thước màn hình | D40: Trang load | E40: Không vỡ layout | F40: Giao diện responsive tốt, không bị vỡ layout khi thay đổi kích thước màn hình | G40: passed | H40: 46114
A41: FUNCTION_SHOW Trang quản lý đơn hàng hệ thống
A42: TC_ORD_15 | B42: Xác nhận đăng nhập thành công khi truy cập bằng tài khoản admin | C42: 1. Đăng nhập tài khoản admin | D42: Admin đăng nhập hợp lệ | E42: Đăng nhập thành công vào hệ thống, chuyển màn hình đến trang thống kê | F42: Admin đăng nhập thành công và được chuyển đến màn hình thống kê | G42: passed | H42: 46114
A43: TC_ORD_16 | B43: Xác nhận thành công chặn các truy cập khi vào trực tiếp mà không đăng nhập | C43: 1. Truy cập URL quản lý đơn hàng 2. Không đăng nhập | D43: Chưa đăng nhập | E43: Hệ thống chuyển màn hình về trang đăng nhập | F43: Khi chưa đăng nhập truy cập URL, hệ thống chuyển về trang đăng nhập | G43: passed | H43: 46114
A44: TC_ORD_17 | B44: Hiển thị lỗi khi người dùng không phải admin truy cập | C44: 1. Đăng nhập user thường 2. Truy cập trang | D44: User thường | E44: Không cho phép truy cập | F44: User thường không thể truy cập trang admin (bị chặn đúng) | G44: passed | H44: 46114
A45: TC_ORD_18 | B45: Xác nhận hiển thị danh sách đơn hàng khi admin truy cập thành công vào trang quản lý đơn hàng hệ thống | C45: 1. Đăng nhập tài khoản admin 2. Truy cập trang quản lý đơn hàng | D45: Admin đã đăng nhập | E45: Hiển thị danh sách đơn hàng của người dùng | F45: Admin đăng nhập hợp lệ có thể truy cập và xem danh sách đơn hàng | G45: passed | H45: 46114
A46: TC_ORD_19 | B46: Xác nhận hiển thị đúng khi lọc hôm nay | C46: 1. Chọn "Hôm nay" 2. Kiểm tra dữ liệu | D46: Có dữ liệu | E46: Hiển thị dữ liệu ngày hiện tại | F46: Bộ lọc “Hôm nay” hiển thị đúng dữ liệu ngày hiện tại | G46: passed | H46: 46114
A47: TC_ORD_20 | B47: Xác nhận hiển thị đúng khi lọc 7 ngày | C47: 1. Chọn "7 ngày" 2. Kiểm tra dữ liệu | D47: Có dữ liệu | E47: Hiển thị dữ liệu 7 ngày gần nhất | F47: Bộ lọc “7 ngày” hiển thị đúng dữ liệu 7 ngày gần nhất | G47: passed | H47: 46114
A48: TC_ORD_21 | B48: Xác nhận hiển thị đúng khi lọc 30 ngày | C48: 1. Chọn "30 ngày" 2. Kiểm tra dữ liệu | D48: Có dữ liệu | E48: Hiển thị dữ liệu 30 ngày gần nhất | F48: Bộ lọc “30 ngày” hiển thị đúng dữ liệu 30 ngày gần nhất | G48: passed | H48: 46114
A49: TC_ORD_22 | B49: Xác nhận hiển thị đúng khi lọc tùy chọn | C49: 1. Chọn từ ngày 2. Chọn đến ngày 3. Áp dụng | D49: N/A | E49: Hiển thị đúng dữ liệu khoảng ngày đã chọn | F49: Bộ lọc tùy chọn hiển thị đúng dữ liệu theo khoảng ngày đã chọn | G49: passed | H49: 46114
A50: TC_ORD_23 | B50: Hiển thị lỗi khi chọn ngày bắt đầu > ngày hiện tại | C50: 1. Chọn ngày bắt đầu > hôm nay 2. Áp dụng | D50: N/A | E50: Hệ thống chặn không cho phép chọn | F50: Khi chọn ngày bắt đầu > hôm nay, hệ thống chặn và không cho áp dụng | G50: passed | H50: 46114
A51: TC_ORD_24 | B51: Hiển thị lỗi khi ngày kết thúc > hiện tại | C51: 1. Chọn ngày kết thúc tương lai 2. Áp dụng | D51: N/A | E51: Hệ thống chặn không cho phép chọn | F51: Khi chọn ngày kết thúc trong tương lai, hệ thống chặn không cho chọn | G51: passed | H51: 46114
A52: TC_ORD_25 | B52: Hiển thị lỗi khi ngày bắt đầu > ngày kết thúc | C52: 1. Chọn ngày bắt đầu sau ngày kết thúc 2. Áp dụng | D52: N/A | E52: Hệ thống chặn không cho phép chọn | F52: Khi ngày bắt đầu > ngày kết thúc, hệ thống hiển thị lỗi và không cho áp dụng | G52: passed | H52: 46114
A53: TC_ORD_26 | B53: Hiển thị lỗi khi không chọn ngày | C53: 1. Không chọn ngày 2. Áp dụng | D53: N/A | E53: Hệ thống áp dụng lựa chọn | F53: Khi không chọn ngày mà vẫn áp dụng, hệ thống hiển thị thông báo yêu cầu chọn ngày | G53: passed | H53: 46114
... A70: TC_ORD_43 | B70: Xác nhận hiển thị đúng trạng thái của đơn hàng | C70: 1. Quan sát trạng thái | D70: N/A | E70: Hiển thị đúng trạng thái đang thực hiện | F70: Trạng thái đơn hàng hiển thị đúng với trạng thái thực tế | G70: passed | H70: 46114
A71: TC_ORD_44 | B71: Xác nhận hiển thị đúng thời gian | C71: 1. Quan sát timestamp | D71: N/A | E71: Format dd/mm/yyyy hh:mm | F71: Thời gian chỉ hiển thị dd/mm/yy, không đúng định dạng dd/mm/yyyy hh:mm | G71: failed | H71: 46114 | I71: passed | J71: 46118
A72: TC_ORD_45 | B72: Xác nhận hiển thị đúng nhấn phân trang | C72: 1. Click trang tiếp theo | D72: Có nhiều dữ liệu | E72: Hiển thị dữ liệu trang tiếp theo | F72: Click trang tiếp theo, dữ liệu được hiển thị đúng | G72: passed | H72: 46114
A73: TC_ORD_46 | B73: Xác nhận hệ thống hiển thị đúng chi tiết đơn hàng khi nhấn vào nút "Xem" | C73: 1. Click "Xem" | D73: Có dữ liệu | E73: Hiển thị chi tiết đơn hàng | F73: Click “Xem”, hệ thống hiển thị đầy đủ chi tiết đơn hàng | G73: passed | H73: 46114
A74: TC_ORD_47 | B74: Xác nhận hệ thống thực hiện cuộc gọi khi nhấn gọi ngay | C74: 1. Click "Gọi ngay" | D74: Có SĐT | E74: Thực hiện gọi | F74: Hệ thống đứng im khổng sang trạng thái gọi | G74: failed | H74: 46114 | I74: passed | J74: 46118
A75: TC_ORD_48 | B75: Xác nhận hiển thị đúng giá tiền từng món ăn | C75: 1. Quan sát danh sách món | D75: N/A | E75: Hiển thị đúng giá tiền từng món | F75: Giá từng món hiển thị chính xác | G75: passed | H75: 46114
A76: TC_ORD_49 | B76: Xác nhận hiển thị đúng giá tiền phí tạm tính | C76: 1. Kiểm tra phí tạm tính | D76: N/A | E76: Tạm tính = tổng tiền các món | F76: Tạm tính được hiển thị đúng bằng tổng giá các món | G76: passed | H76: 46114
A77: TC_ORD_50 | B77: Xác nhận hiển thị đúng phí vận chuyển | C77: 1. Kiểm tra phí vận chuyển | D77: N/A | E77: Hiển thị đúng logic tính phí vận chuyển | F77: Phí vận chuyển hiển thị đúng theo logic tính toán | G77: passed | H77: 46114
A78: TC_ORD_51 | B78: Xác nhận hệ thống hiển thị đúng khi đơn hàng có giảm giá | C78: 1. Kiểm tra mã giảm giá | D78: Sử dụng mã giảm giá hợp lệ | E78: Số tiền giảm đúng giá trị của mã giảm giá | F78: Số tiền giảm giá hiển thị không đúng với giá trị của mã giảm giá đã áp dụng | G78: failed | H78: 46114 | I78: passed | J78: 46118
A79: TC_ORD_52 | B79: Xác nhận hệ thống hiển thị đúng khi đơn hàng không có giảm giá | C79: 1. Kiểm tra mã giảm giá | D79: N/A | E79: Số tiền giảm =0 | F79: Khi không có mã giảm giá, hệ thống hiển thị giảm giá = 0 | G79: passed | H79: 46114
A80: TC_ORD_53 | B80: Xác nhận hệ thống tính toán đúng tổng tiền đơn hàng | C80: 1. Kiểm tra tổng tiền | D80: N/A | E80: Tổng tiền = tạm tính + ship - giảm giá | F80: Tổng tiền hiển thị đúng theo công thức (tạm tính + phí ship - giảm giá) | G80: passed | H80: 46114
A81: TC_ORD_54 | B81: Xác nhận hệ thống tính toán đúng thu nhập thực nhận của đơn hàng | C81: 1. Kiểm tra thu nhập thực nhận | D81: N/A | E81: Hệ thống tính toán đúng logic | F81: Thành tiền hiển thị đúng với số tiền thực tế | G81: passed | H81: 46114
A82: TC_ORD_55 | B82: Xác nhận hệ thống hiển thị đúng timeline | C82: 1. Quan sát timeline | D82: N/A | E82: Hiển thị đúng trình tự các bước | F82: Timeline hiển thị đầy đủ các bước theo đúng trình tự | G82: passed | H82: 46114
A83: TC_ORD_56 | B83: Xác nhận hệ thống chặn khi cố bỏ qua bước | C83: 1. Thao tác skip | D83: Đang ở trạng thái hiện tại | E83: Không cho phép | F83: Hệ thống vẫn cho phép người dùng bỏ qua bước dù đang ở trạng thái hiện tại | G83: failed | H83: 46114 | I83: passed | J83: 46118
A84: TC_ORD_57 | B84: Xác nhận hệ thống chặn khi cố quay lại trạng thái trước đó | C84: 1. Thao tác quay về trạng thái cũ | D84: Đang ở trạng thái hiện tại | E84: Không cho phép | F84: Người dùng vẫn có thể quay lại bước trước khi đang ở trạng thái hiện tại | G84: failed | H84: 46114 | I84: passed | J84: 46118
A85: TC_ORD_58 | B85: Xác nhận hệ thống hiển thị đúng trạng thái đơn hàng ban đầu | C85: 1. Mở đơn mới | D85: N/A | E85: Trạng thái "Đã đặt" | F85: Đơn hàng mới hiển thị trạng thái “Đã đặt” đúng | G85: passed | H85: 46114
A86: TC_ORD_59 | B86: Xác nhận hệ thổng hiển thị đúng trạng thái của đơn hàng thực hiện | C86: 1. Kiểm tra đơn | D86: N/A | E86: Trạng thái "Đang chuẩn bị", "Đang giao", "Hoàn thành" | F86: Trạng thái đơn hàng hiển thị đúng: “Đang chuẩn bị”, “Đang giao”, “Hoàn thành” | G86: passed | H86: 46114
A87: TC_ORD_60 | B87: Xác nhận hệ thống hiển thị đánh giá của khách hàng khi đã hoàn thành đơn hàng | C87: 1. Kiểm tra đánh giá | D87: Người dùng đã nhấn hoàn thành | E87: Hiển thị đánh giá của người dùng gồm số sao, nội dung, tên tài khoản đánh giá | F87: Sau khi đánh giá, hệ thống hiển thị đầy đủ nội dung đánh giá (số sao, nội dung, tên tài khoản) | G87: passed | H87: 46114
A88: TC_ORD_61 | B88: Xác nhận hệ thống hiển thị đúng khi đơn đã hoàn thành mà người dùng chưa đánh giá | C88: 1. Kiểm tra đánh giá | D88: N/A | E88: Box đánh giá hiễn thị rỗng | F88: Khi chưa đánh giá, box đánh giá hiển thị trống | G88: passed | H88: 46114
A89: TC_ORD_62 | B89: Xác nhận người dùng đã nhấn yêu cầu hoàn tiền | C89: 1. Kiểm tra trạng thái | D89: Đơn hàng đã được giao | E89: Hiển thị trạng thái "Khách yêu cầu hoàn tiền" | F89: Khi đơn hàng đã giao, hệ thống hiển thị trạng thái “Khách yêu cầu hoàn tiền” | G89: passed | H89: 46114
A90: TC_ORD_63 | B90: Xác nhận rằng yêu cầu hợp lý và hoàn tiền | C90: 1. Mở đơn hoàn tiền | D90: N/A | E90: Hiển thị "Đã hoàn tiền" | F90: Sau khi hoàn tiền, hệ thống hiển thị trạng thái “Đã hoàn tiền” | G90: passed | H90: 46114
A91: TC_ORD_64 | B91: Xác nhận hệ thống hiển thị đúng kết quả xử lý | C91: 1. Kiểm tra xử lý khiếu nại | D91: N/A | E91: Hiển thị đúng kết quả xử lý | F91: Kết quả xử lý yêu cầu hiển thị đúng | G91: passed | H91: 46114
A92: TC_ORD_65 | B92: Xác nhận hệ thống hiển thị đúng thời gian hoàn tiền | C92: 1. Kiểm tra thời gian | D92: N/A | E92: Hiển thị đúng timestamp | F92: Thời gian hoàn tiền hiển thị đúng timestamp | G92: passed | H92: 46114
A93: TC_ORD_66 | B93: Xác nhận hệ thống hoàn đúng số tiền của tổng đơn hàng | C93: 1. So sánh tiền hàng với tổng đơn | D93: N/A | E93: Hoàn đúng số tiền | F93: Số tiền hoàn hiển thị đúng với số tiền đơn hàng | G93: passed | H93: 46114
A94: TC_ORD_67 | B94: Xác nhận rằng yêu cầu không hợp lý và từ chối hoàn tiền | C94: 1. Mở đơn bị từ chối | D94: N/A | E94: Hiển thị "Từ chối hoàn tiền" | F94: Khi yêu cầu không hợp lệ, hệ thống hiển thị “Từ chối hoàn tiền” | G94: passed | H94: 46114

Sheet Kiểm duyệt yêu cầu hệ thống
A1: Project Name | B1: XÂY DỰNG HỆ THỐNG DISHNET - NỀN TẢNG MẠNG XÃ HỘI KINH DOANH ẨM THỰC
A2: Module Code | B2: Kiểm duyệt yêu cầu hệ thống
A3: Người kiểm tra | B3: Trần Thị Mai Yên
B4: Hoàn thành | C4: Lỗi | D4: Chưa kiểm tra | E4: Bị chăn | F4: Tổng số trường hợp thử nghiệm
A5: Round 1 | B5: =COUNTIF(G25:G972,"passed") -> 23 | C5: =COUNTIF(G25:G972,"failed") -> 19 | D5: =COUNTIF(H25:I972,"untest") -> 0 | E5: =COUNTIF(G25:G972,"blocked") -> 0 | F5: =COUNTIF(A22:A968, "*REQ*") -> 42
A6: Round 2 | B6: =COUNTIF(I25:I973,"passed") -> 19 | C6: =COUNTIF(I25:I972,"failed") -> 0 | D6: =COUNTIF(G25:G972,"untest") -> 0 | E6: =COUNTIF(G25:G972,"blocked") -> 0 | F6: =COUNTIF(A23:A969, "*REQ*") -> 42
A21: Test Case ID | B21: Mô tả | C21: Hành động | D21: Điều kiện tiên quyết | E21: Kết quả mong đợi | F21: Kết quả thực tế | G21: Kết quả | I21: Kết quả | K21: Chú thích
G22: Vòng 1 | I22: Vòng 2
G23: Trạng thái | H23: Ngày kiểm tra | I23: Trạng thái | J23: Ngày kiểm tra
A24: GUI
A25: GUI_REQ_01 | B25: Xác minh hệ thống hiển thị danh sách yêu cầu khi Admin truy cập trang. | C25: 1. Đăng nhập tài khoản Admin. 2. Truy cập menu "Kiểm duyệt". | D25: Tài khoản Admin hợp lệ. | E25: Chuyển đến trang Kiểm duyệt và hiển thị danh sách. | F25: Trang tải danh sách yêu cầu nhanh chóng trên nền trắng bo góc. | G25: passed | H25: 46114
A26: GUI_REQ_02 | B26: Xác minh bảng hiển thị đúng các cột: STT, Tên người dùng, Email, Loại yêu cầu, Trạng thái, Thời gian gửi. | C26: 1. Quan sát hàng tiêu đề của bảng dữ liệu. | D26: Đã truy cập vào menu "Kiểm duyệt". | E26: Hiển thị đủ 6 cột thông tin như thiết kế. | F26: Bảng hiển thị chính xác 6 cột thông tin với tiêu đề in đậm. | G26: passed | H26: 46114
A27: GUI_REQ_03 | B27: Xác minh nút "Xem" hiển thị tương ứng tại mỗi dòng yêu cầu. | C27: 1. Quan sát cột cuối cùng của bảng. | D27: Bảng có ít nhất 1 bản ghi dữ liệu yêu cầu. | E27: Mỗi dòng đều có nút "Xem" màu xanh. | F27: Nút "Xem" nền xanh dương hiển thị đồng nhất ở cuối mỗi hàng. | G27: passed | H27: 46114
A28: GUI_REQ_04 | B28: Xác minh màu sắc trạng thái hiển thị đúng quy định (Xanh/Cam/Đỏ). | C28: 1. Quan sát cột "Trạng thái". | D28: Danh sách có các yêu cầu ở các trạng thái khác nhau. | E28: Màu sắc các nhãn trạng thái hiển thị đúng quy định. | F28: Các nhãn Đã duyệt (Xanh), Chờ duyệt (Cam), Từ chối (Đỏ) hiển thị đúng màu. | G28: passed | H28: 46114
A29: GUI_REQ_05 | B29: Xác minh hiển thị bộ lọc thời gian và thanh tìm kiếm phía trên bảng. | C29: 1. Quan sát khu vực phía trên bảng danh sách. | D29: Trang đã tải xong hoàn toàn các thành phần. | E29: Các bộ lọc và thanh tìm kiếm hiển thị đầy đủ. | F29: Hiển thị đủ 4 nút lọc nhanh, ô tìm kiếm và 2 dropdown lọc Loại/Trạng thái. | G29: passed | H29: 46114
A30: GUI_REQ_06 | B30: Xác minh định dạng và màu sắc thời gian gửi yêu cầu. | C30: 1. Quan sát cột "Thời gian gửi yêu cầu". | D30: Dữ liệu yêu cầu có thông tin thời gian. | E30: Hiển thị đúng định dạng Ngày/Tháng/Năm, Giờ:Phút. | F30: Thời gian hiển thị rõ ràng (màu xanh dương), có kèm định dạng SA/CH (AM/PM). | G30: passed | H30: 46114
A31: GUI_REQ_07 | B31: Xác minh hiển thị thanh điều hướng phân trang ở cuối bảng. | C31: 1. Cuộn xuống phía dưới cùng của bảng dữ liệu. | D31: Tổng số bản ghi lớn hơn số lượng hiển thị trên 1 trang. | E31: Hiển thị các nút chuyển trang và số trang hiện tại. | F31: Nút số "1" hiển thị nổi bật với nền xanh lá cây và bo tròn. | G31: passed | H31: 46114
A32: GUI_REQ_08 | B32: Xác minh làm nổi bật menu "Kiểm duyệt" ở thanh sidebar. | C32: 1. Quan sát thanh menu bên trái màn hình. | D32: Đang ở trang Kiểm duyệt yêu cầu. | E32: Mục "Kiểm duyệt" được highlight để nhận diện. | F32: Menu "Kiểm duyệt" có nền xanh lá, giúp nhận diện vị trí trang hiện tại. | G32: passed | H32: 46114
A33: FUNCTION
A34: TC_REQ_09 | B34: Xác minh rằng chỉ hiển thị các yêu cầu gửi trong ngày hiện tại khi click vào button "Hôm nay" đối với điều kiện có yêu cầu trong ngày. | C34: 1. Click vào button "Hôm nay". | D34: Có yêu cầu trong ngày | E34: Chỉ hiển thị các yêu cầu gửi trong ngày hiện tại. | F34: Hiển thị đúng dữ liệu trong ngày. | G34: passed | H34: 46114
A35: TC_REQ_10 | B35: Xác minh rằng hiển thị danh sách yêu cầu trong vòng 7 ngày qua khi click vào button "7 ngày" đối với điều kiện có yêu cầu trong 7 ngày. | C35: 1. Click vào button "7 ngày". | D35: Có yêu cầu trong 7 ngày | E35: Hiển thị danh sách yêu cầu trong vòng 7 ngày qua. | F35: Hiển thị đúng dữ liệu 7 ngày qua. | G35: passed | H35: 46114
A36: TC_REQ_11 | B36: Xác minh rằng hiển thị danh sách yêu cầu trong vòng 30 ngày qua khi click vào button "30 ngày" đối với điều kiện có yêu cầu trong 30 ngày. | C36: 1. Click vào button "30 ngày". | D36: Có yêu cầu trong 30 ngày | E36: Hiển thị danh sách yêu cầu trong vòng 30 ngày qua. | F36: Hiển thị đúng dữ liệu 30 ngày qua. | G36: passed | H36: 46114
A37: TC_REQ_12 | B37: Xác minh rằng hiển thị đúng các yêu cầu thuộc khoảng thời gian đó khi chọn ngày bắt đầu và ngày kết thúc đối với điều kiện có dữ liệu trong khoảng chọn. | C37: 1. Chọn "Tùy chọn". 2. Chọn ngày bắt đầu và ngày kết thúc. | D37: Có dữ liệu trong khoảng chọn | E37: Hiển thị đúng các yêu cầu thuộc khoảng thời gian đó. | F37: Dữ liệu hiển thị bị lệch 1 ngày so với lựa chọn (lỗi múi giờ/timezone). | G37: passed | H37: 46114
A38: TC_REQ_13 | B38: Xác minh rằng hệ thống hiển thị thông báo lỗi ngày không hợp lệ khi nhấn Apply đối với điều kiện chọn ngày bắt đầu > ngày kết thúc. | C38: 1. Chọn ngày bắt đầu > ngày kết thúc. 2. Nhấn Apply. | D38: N/A | E38: Hệ thống hiển thị thông báo lỗi ngày không hợp lệ. | F38: Hệ thống không báo lỗi, vẫn thực hiện query và trả về danh sách rỗng. | G38: failed | H38: 46114 | I38: passed | J38: 46118
A39: TC_REQ_14 | B39: Xác minh rằng các ngày trong tương lai bị disabled (ẩn/không cho chọn) khi click vào các ngày sau ngày hiện tại | C39: 1. Mở lịch chọn ngày. 2. Click vào các ngày sau ngày hiện tại. | D39: N/A | E39: Các ngày trong tương lai bị disabled (ẩn/không cho chọn). | F39: Người dùng vẫn chọn được ngày trong tương lai. | G39: failed | H39: 46114 | I39: passed | J39: 46118
A40: TC_REQ_15 | B40: Xác minh rằng hiển thị dữ liệu của đúng ngày đã chọn khi chọn ngày bắt đầu và kết thúc trùng nhau đối với điều kiện có yêu cầu trong ngày đó. | C40: 1. Chọn ngày bắt đầu và kết thúc trùng nhau. | D40: Có yêu cầu trong ngày đó | E40: Hiển thị dữ liệu của đúng ngày đã chọn. | F40: Hiển thị đúng dữ liệu của ngày đó. | G40: passed | H40: 46114
A41: TC_REQ_16 | B41: Xác minh rằng hiển thị các yêu cầu của người dùng đó khi nhập tên vào ô tìm kiếm và nhấn Enter đối với điều kiện tên tồn tại trong danh sách. | C41: 1. Nhập tên vào ô tìm kiếm. 2. Nhấn Enter. | D41: Tên tồn tại trong danh sách | E41: Hiển thị các yêu cầu của người dùng đó. | F41: Không tìm thấy kết quả nếu nhập tên có dấu (lỗi Unicodde). | G41: failed | H41: 46114 | I41: passed | J41: 46118
A42: TC_REQ_17 | B42: Xác minh rằng hệ thống hiển thị tổng doanh thu khớp với danh sách khi Admin lọc theo thời gian đối với điều kiện có dữ liệu doanh thu. | C42: 1. Thực hiện lọc dữ liệu theo thời gian. 2. Quan sát dòng tổng cộng. | D42: Có dữ liệu doanh thu | E42: Hệ thống hiển thị tổng doanh thu khớp với danh sách. | F42: Tổng doanh thu bị sai lệch 1đ do lỗi làm tròn số thập phân. | G42: failed | H42: 46114 | I42: passed | J42: 46118
A43: TC_REQ_18 | B43: Xác minh rằng danh sách ở trang mới vẫn giữ nguyên bộ lọc ban đầu khi nhấn chuyển trang đối với điều kiện danh sách có nhiều trang. | C43: 1. Thực hiện bộ lọc bất kỳ. 2. Nhấn chuyển sang trang 2. | D43: Danh sách có nhiều trang | E43: Danh sách ở trang mới vẫn giữ nguyên bộ lọc ban đầu. | F43: Hệ thống tự động reset bộ lọc về mặc định khi chuyển trang. | G43: failed | H43: 46114 | I43: passed | J43: 46118
A44: TC_REQ_19 | B44: Xác minh rằng hệ thống hiển thị thông báo lỗi "Số dư không đủ" khi Admin nhấn phê duyệt đối với điều kiện tài khoản Merchant không đủ tiền. | C44: 1. Nhấn nút "Phê duyệt". | D44: Tài khoản Merchant không đủ tiền | E44: Hệ thống hiển thị thông báo lỗi "Số dư không đủ". | F44: Hệ thống vẫn cho phê duyệt dẫn đến số dư bị âm. | G44: failed | H44: 46114 | I44: passed | J44: 46118
A45: TC_REQ_20 | B45: Xác minh rằng hệ thống mở modal hiển thị đầy đủ thông tin chi tiết khi nhấn nút "Xem" | C45: 1. Nhấn nút "Xem". | D45: N/A | E45: Hệ thống mở modal hiển thị đầy đủ thông tin chi tiết. | F45: Hiển thị đầy đủ thông tin chi tiết. | G45: passed | H45: 46114 | J45: 46118
A46: TC_REQ_21 | B46: Xác minh rằng hệ thống ghi nhận đúng lịch sử người duyệt và thời gian thực hiện khi nhấn Phê duyệt. | C46: 1. Nhấn Phê duyệt. 2. Kiểm tra log hệ thống. | D46: N/A | E46: Ghi nhận đúng lịch sử người duyệt và thời gian thực hiện. | F46: Ghi nhận đúng thông tin. | G46: passed | H46: 46114
A47: TC_REQ_22 | B47: Xác minh rằng hệ thống hiển thị thông báo "Yêu cầu đã được xử lý bởi người khác" khi hai Admin cùng duyệt một yêu cầu đối với điều kiện yêu cầu đang mở bởi 2 người. | C47: 1. Hai Admin cùng mở 1 yêu cầu. 2. Admin 1 duyệt trước. 3. Admin 2 nhấn duyệt sau. | D47: Yêu cầu đang mở bởi 2 người | E47: Hệ thống hiển thị thông báo "Yêu cầu đã được xử lý bởi người khác". | F47: Admin 2 vẫn nhấn duyệt được và hệ thống báo thành công (Race condition). | G47: failed | H47: 46114 | I47: passed | J47: 46118
A48: TC_REQ_23 | B48: Xác minh rằng danh sách được sắp xếp theo thời gian mới nhất lên đầu khi load lại trang . | C48: 1. Nhấn F5 làm mới trang. | D48: N/A | E48: Danh sách được sắp xếp theo thời gian mới nhất lên đầu. | F48: Dữ liệu sắp xếp đúng thứ tự. | G48: passed | H48: 46114
A49: TC_REQ_24 | B49: Xác minh rằng hệ thống gửi email thông báo kết quả cho người dùng khi Admin hoàn tất xử lý . | C49: 1. Nhấn Phê duyệt hoặc Từ chối. | D49: N/A | E49: Hệ thống gửi email thông báo kết quả cho người dùng. | F49: Người dùng không nhận được email thông báo. | G49: failed | H49: 46114 | I49: passed | J49: 46118
A50: TC_REQ_25 | B50: Xác minh rằng hệ thống giải phóng bộ nhớ và đóng modal khi nhấn nút "Đóng" hoặc nhấn ra ngoài modal đối với điều kiện modal đang mở. | C50: 1. Nhấn nút "Đóng" trên modal. | D50: Modal đang mở | E50: Hệ thống giải phóng bộ nhớ và đóng modal. | F50: Modal đóng đúng quy định. | G50: passed | H50: 46114
A51: TC_REQ_26 | B51: Xác minh rằng hệ thống không cho phép để trống trường "Lý do" khi nhấn nút "Từ chối" đối với điều kiện N/A. | C51: 1. Nhấn "Từ chối". 2. Để trống ô lý do. 3. Nhấn Xác nhận. | D51: N/A | E51: Hệ thống yêu cầu nhập lý do từ chối. | F51: Hệ thống vẫn cho phép từ chối mà không cần nhập lý do. | G51: failed | H51: 46114 | I51: passed | J51: 46118
A52: TC_REQ_27 | B52: Xác minh rằng trạng thái mặc định là "Chờ duyệt" khi người dùng gửi yêu cầu đối với điều kiện N/A. | C52: 1. Thực hiện gửi một yêu cầu. | D52: N/A | E52: Trạng thái mặc định của yêu cầu là "Chờ duyệt". | F52: Hiển thị đúng trạng thái. | G52: passed | H52: 46114
A53: TC_REQ_28 | B53: Xác minh rằng không cho gửi thêm yêu cầu cùng loại khi người dùng đã có yêu cầu cùng loại đang "Chờ duyệt" đối với điều kiện có yêu cầu đang chờ duyệt. | C53: 1. Gửi thêm yêu cầu cùng loại. | D53: Có yêu cầu cùng loại đang "Chờ duyệt" | E53: Hệ thống không cho gửi thêm yêu cầu. | F53: Vẫn cho gửi trùng lặp yêu cầu. | G53: failed | H53: 46114 | I53: passed | J53: 46118
A54: TC_REQ_29 | B54: Xác minh rằng không cho gửi lại yêu cầu cùng loại khi người dùng đã có yêu cầu "Đã duyệt" đối với điều kiện có yêu cầu đã được duyệt. | C54: 1. Thao tác gửi lại yêu cầu cùng loại. | D54: Có yêu cầu "Đã duyệt" | E54: Hệ thống không cho phép gửi lại. | F54: Chặn gửi lại chính xác. | G54: passed | H54: 46114
A55: TC_REQ_30 | B55: Xác minh rằng cho phép người dùng gửi lại yêu cầu khi người dùng có yêu cầu bị "Đã từ chối" đối với điều kiện có yêu cầu bị từ chối. | C55: 1. Nhấn gửi lại yêu cầu. | D55: Có yêu cầu "Đã từ chối" | E55: Hệ thống cho phép người dùng gửi lại yêu cầu. | F55: Cho phép gửi thành công. | G55: passed | H55: 46114
A56: TC_REQ_31 | B56: Xác minh rằng không cho gửi yêu cầu khi tài khoản bị khóa đối với điều kiện tài khoản người dùng đang bị khóa. | C56: 1. Thực hiện thao tác gửi yêu cầu. | D56: Tài khoản bị khóa | E56: Hệ thống không cho phép gửi yêu cầu. | F56: Tài khoản bị khóa vẫn gửi được. | G56: failed | H56: 46114 | I56: passed | J56: 46118
A57: TC_REQ_32 | B57: Xác minh rằng không cho duyệt lại khi Admin duyệt yêu cầu đã xử lý đối với điều kiện yêu cầu đã có kết quả trước đó. | C57: 1. Admin nhấn Duyệt lần nữa. | D57: Yêu cầu đã xử lý | E57: Hệ thống không cho phép thực hiện duyệt lại. | F57: Nút duyệt vẫn hoạt động bình thường. | G57: failed | H57: 46114 | I57: passed | J57: 46118
A58: TC_REQ_33 | B58: Xác minh rằng hệ thống báo lỗi khi Admin duyệt yêu cầu không tồn tại đối với điều kiện yêu cầu đã bị xóa khỏi hệ thống. | C58: 1. Thao tác duyệt yêu cầu. | D58: Yêu cầu không tồn tại (đã xóa) | E58: Hệ thống hiển thị thông báo lỗi. | F58: Hệ thống báo lỗi 404 (Trang trắng). | G58: failed | H58: 46114 | I58: passed | J58: 46118
A59: TC_REQ_34 | B59: Xác minh rằng hệ thống cập nhật quyền kiếm tiền cho người dùng khi duyệt yêu cầu kiếm tiền . | C59: 1. Admin phê duyệt yêu cầu. | D59: Loại: Kiếm tiền nội dung | E59: Tài khoản người dùng được cấp quyền kiếm tiền. | F59: Quyền không được kích hoạt sau khi duyệt. | G59: failed | H59: 46114 | I59: passed | J59: 46118
A60: TC_REQ_35 | B60: Xác minh rằng hệ thống gửi thông báo cho người dùng khi duyệt yêu cầu kiếm tiền đối. | C60: 1. Hoàn tất duyệt yêu cầu. | D60: Loại: Kiếm tiền nội dung | E60: Hệ thống tự động gửi thông báo đến người dùng. | F60: Không có thông báo nào được gửi đi. | G60: failed | H60: 46114 | I60: passed | J60: 46118
A61: TC_REQ_36 | B61: Xác minh rằng hệ thống tạo cửa hàng mới khi duyệt yêu cầu mở cửa hàng đối với điều kiện N/A. | C61: 1. Admin phê duyệt yêu cầu. | D61: Loại: Mở cửa hàng | E61: Hệ thống tự động khởi tạo cửa hàng mới trong DB. | F61: Cửa hàng được tạo đúng. | G61: passed | H61: 46114
A62: TC_REQ_37 | B62: Xác minh rằng hệ thống cập nhật vai trò chủ cửa hàng khi duyệt yêu cầu mở cửa hàng đối với điều kiện N/A. | C62: 1. Hoàn tất phê duyệt mở shop. | D62: Loại: Mở cửa hàng | E62: Người dùng được gán role "Chủ cửa hàng". | F62: Role người dùng không đổi. | G62: failed | H62: 46114 | I62: passed | J62: 46118
A63: TC_REQ_38 | B63: Xác minh rằng hệ thống gửi thông báo cho người dùng khi duyệt yêu cầu mở cửa hàng. | C63: 1. Hoàn tất duyệt yêu cầu. | D63: Loại: Mở cửa hàng | E63: Hệ thống tự động gửi thông báo đến người dùng. | F63: Thông báo hiển thị đúng. | G63: passed | H63: 46114
A64: TC_REQ_39 | B64: Xác minh rằng chỉ cho phép 01 yêu cầu chờ duyệt khi người dùng gửi nhiều yêu cầu cùng loại . | C64: 1. Thực hiện gửi liên tục yêu cầu. | D64: N/A | E64: Hệ thống chỉ lưu duy nhất 1 bản ghi chờ duyệt. | F64: DB lưu nhiều bản ghi rác cùng lúc. | G64: failed | H64: 46114 | I64: passed | J64: 46118
A65: TC_REQ_40 | B65: Xác minh rằng không cho gửi lại yêu cầu khi người dùng đã được duyệt kiếm tiền. | C65: 1. Thao tác gửi lại đơn kiếm tiền. | D65: Đã được duyệt kiếm tiền | E65: Hệ thống không cho phép gửi lại. | F65: Chặn gửi lại thành công. | G65: passed | H65: 46114
A66: TC_REQ_41 | B66: Xác minh rằng không cho mở thêm cửa hàng khi người dùng mở tối đa 5 cửa hàng đối với điều kiện đã có đủ 5 cửa hàng. | C66: 1. Thực hiện gửi yêu cầu mở shop thứ 6. | D66: Đã mở đủ 5 cửa hàng | E66: Hệ thống từ chối cho phép mở thêm. | F66: Vẫn cho phép gửi yêu cầu mở thêm. | G66: failed | H66: 46114 | I66: passed | J66: 46118
A67: TC_REQ_42 | B67: Xác minh rằng ẩn thanh phân trang khi không có dữ liệu đối với điều kiện danh sách trả về rỗng. | C67: 1. Thực hiện bộ lọc không có kết quả. | D67: Không có dữ liệu | E67: Thanh phân trang không hiển thị trên giao diện. | F67: Thanh phân trang vẫn hiện nút ảo. | G67: failed | H67: 46114 | I67: passed | J67: 46118

Sheet Quản lý tài khoản
A1: Project Name | B1: XÂY DỰNG HỆ THỐNG DISHNET - NỀN TẢNG MẠNG XÃ HỘI KINH DOANH ẨM THỰC
A2: Module Code | B2: Quản lý tài khoản
A3: Người kiểm tra | B3: Trần Thị Mai Yên
B4: Hoàn thành | C4: Lỗi | D4: Chưa kiểm tra | E4: Bị chăn | F4: Tổng số trường hợp thử nghiệm
A5: Round 1 | B5: =COUNTIF(G27:G929,"passed") -> 54 | C5: =COUNTIF(G27:G929,"failed") -> 1 | D5: =COUNTIF(G27:G929,"untest") -> 0 | E5: =COUNTIF(G27:G929,"blocked") -> 0 | F5: =COUNTIF(A23:A925, "*ACC*") -> 55
A6: Round 2 | B6: =COUNTIF(I27:I930,"passed") -> 1 | C6: =COUNTIF(G27:G929,"failed") -> 1 | D6: =COUNTIF(G27:G929,"untest") -> 0 | E6: =COUNTIF(G27:G929,"blocked") -> 0 | F6: =COUNTIF(A24:A926, "*ACC*") -> 55
A23: Test Case ID | B23: Mô tả | C23: Hành động | D23: Điều kiện tiên quyết | E23: Kết quả mong đợi | F23: Kết quả thực tế | G23: Kết quả | I23: Kết quả | K23: Chú thích
G24: Vòng 1 | I24: Vòng 2
G25: Trạng thái | H25: Ngày kiểm tra | I25: Trạng thái | J25: Ngày kiểm tra
A26: GUI
A27: GUI_ACC_01 | B27: Xác minh hiển thị danh sách các thẻ (card) khuyến mãi. | C27: 1. Truy cập menu "Quản lý khuyến mãi". | D27: Admin đã đăng nhập hệ thống. | E27: Các mã khuyến mãi hiển thị dưới dạng thẻ lưới (grid). | F27: Danh sách khuyến mãi hiển thị trực quan theo từng ô hình chữ nhật bo góc. | G27: passed | H27: 46114
A28: GUI_ACC_02 | B28: Xác minh hiển thị nút "Thêm khuyến mãi". | C28: 1. Quan sát góc trên bên phải màn hình. | D28: Đang ở trang Quản lý khuyến mãi. | E28: Hiển thị nút "Thêm khuyến mãi" màu xanh lá. | F28: Nút "Thêm khuyến mãi" kèm icon dấu cộng hiển thị rõ ràng tại vị trí góc phải. | G28: passed | H28: 46114
A29: GUI_ACC_03 | B29: Xác minh hiển thị bộ lọc và thanh tìm kiếm. | C29: 1. Quan sát khu vực điều hướng phía trên danh sách. | D29: Trang đã tải xong giao diện. | E29: Hiển thị ô tìm kiếm, dropdown trạng thái, loại và sắp xếp. | F29: Có đầy đủ 4 công cụ lọc: Tìm kiếm, Trạng thái mã, Loại khuyến mãi và Sắp xếp. | G29: passed | H29: 46114
A30: GUI_ACC_04 | B30: Xác minh màu sắc nhãn trạng thái trên thẻ mã. | C30: 1. Quan sát nhãn ở góc trên bên phải mỗi thẻ. | D30: Hệ thống có mã "Đang diễn ra" và "Đã kết thúc". | E30: Trạng thái hiển thị đúng màu (Xanh/Đỏ). | F30: Nhãn "Đang diễn ra" màu xanh lá, nhãn "Đã kết thúc" màu đỏ nhạt hiển thị chính xác. | G30: passed | H30: 46114
A31: GUI_ACC_05 | B31: Xác minh hiển thị thông tin chi tiết trong thẻ mã. | C31: 1. Quan sát nội dung bên trong một thẻ khuyến mãi bất kỳ. | D31: Thẻ khuyến mãi có đầy đủ dữ liệu. | E31: Hiển thị đủ: Tiêu đề, Mã, Loại, Giá trị, Điều kiện, Lượt dùng, Thời gian. | F31: Các thông tin (Tên mã, SAVE10MAX, Loại giảm, Điều kiện áp dụng...) hiển thị đúng định dạng. | G31: passed | H31: 46114
A32: GUI_ACC_06 | B32: Xác minh hiển thị nhóm nút thao tác ở chân thẻ mã. | C32: 1. Quan sát hàng cuối cùng của mỗi thẻ khuyến mãi. | D32: Thẻ mã đang ở trạng thái hoạt động. | E32: Hiển thị các nút: Sửa, Tạm dừng, Xóa. | F32: Mỗi thẻ đều có đủ nút "Sửa", "Tạm dừng" (màu xám) và nút "Xóa" (màu đỏ). | G32: passed | H32: 46114
A33: GUI_ACC_07 | B33: Xác minh làm nổi bật menu "Quản lý khuyến mãi" ở sidebar. | C33: 1. Quan sát thanh menu bên trái. | D33: Đang ở trang Khuyến mãi. | E33: Mục "Quản lý khuyến mãi" được highlight màu xanh. | F33: Menu bên trái tại vị trí "Quản lý khuyến mãi" có nền xanh lá và icon nổi bật. | G33: passed | H33: 46114
A34: GUI_ACC_08 | B34: Xác minh hiển thị thanh phân trang ở cuối trang. | C34: 1. Cuộn xuống cuối danh sách thẻ khuyến mãi. | D34: Số lượng mã khuyến mãi nhiều hơn giới hạn một trang. | E34: Hiển thị nút số trang và nút điều hướng. | F34: Thanh phân trang hiển thị ở giữa phía dưới, số trang hiện tại có nền xanh. | G34: passed | H34: 46114
A35: FUNCTION
A36: TC_ACC_09 | B36: Xác minh rằng hệ thống hiển thị đúng kết quả đối với điều kiện nhập tên người dùng chính xác. | C36: 1. Nhập "Khoa Pug TV" vào ô Search. 2. Nhấn Enter. | D36: Tài khoản Admin đã đăng nhập thành công. | E36: Hệ thống lọc dữ liệu theo tên và hiển thị đúng kết quả. | F36: Danh sách chỉ hiển thị duy nhất bản ghi có tên "Khoa Pug TV". | G36: passed | H36: 46114
A37: TC_ACC_10 | B37: Xác minh rằng hệ thống hiển thị đúng kết quả đối với điều kiện nhập Email chính xác. | C37: 1. Nhập "user@dishnet.vn" vào ô Search. 2. Nhấn Enter. | D37: Dữ liệu tài khoản đã tồn tại trong database. | E37: Hệ thống lọc dữ liệu theo Email và hiển thị đúng kết quả. | F37: Hiển thị chính xác tài khoản "Người Dùng Demo" có email tương ứng. | G37: passed | H37: 46114
A38: TC_ACC_11 | B38: Xác minh rằng hệ thống vẫn tìm thấy kết quả đối với điều kiện nhập 1 phần tên. | C38: 1. Nhập "Nét" vào ô Search. | D38: Dữ liệu tài khoản đã tồn tại trong database. | E38: Hệ thống thực hiện Partial match và hiển thị các bản ghi liên quan. | F38: Hiển thị bản ghi "Nét Huế - Hàng Bông". | G38: passed | H38: 46114
A39: TC_ACC_12 | B39: Xác minh rằng hệ thống không có dữ liệu đối với điều kiện nhập từ khóa không tồn tại. | C39: 1. Nhập "XYZ123" vào ô Search. | D39: Tài khoản Admin đã đăng nhập thành công. | E39: Hệ thống xử lý logic tìm kiếm và trả về thông báo không có dữ liệu. | F39: Màn hình hiển thị thông báo "Không tìm thấy dữ liệu phù hợp". | G39: passed | H39: 46114
A40: TC_ACC_13 | B40: Xác minh rằng hệ thống hiển thị toàn bộ danh sách đối với điều kiện để trống ô tìm kiếm. | C40: 1. Xóa trắng ô Search. 2. Nhấn Enter. | D40: Trang danh sách đã được tải xong. | E40: Hệ thống xử lý logic và hiển thị lại toàn bộ danh sách tài khoản. | F40: Toàn bộ 5 bản ghi ban đầu xuất hiện lại trên bảng. | G40: passed | H40: 46114
A41: TC_ACC_14 | B41: Xác minh rằng hệ thống không báo lỗi đối với điều kiện nhập ký tự đặc biệt. | C41: 1. Nhập "@#$%" vào ô Search. | D41: Trang danh sách đã được tải xong. | E41: Hệ thống xử lý chuỗi đầu vào và không gây ra lỗi hệ thống (crash). | F41: Hệ thống load bình thường và báo không có dữ liệu thỏa mãn. | G41: passed | H41: 46114
A42: TC_ACC_15 | B42: Xác minh rằng hệ thống tự xử lý đối với điều kiện nhập từ khóa có khoảng trắng đầu/cuối. | C42: 1. Nhập " Khoa Pug " vào ô Search. | D42: Dữ liệu tài khoản đã tồn tại trong database. | E42: Hệ thống thực hiện hàm trim() và hiển thị đúng kết quả tìm kiếm. | F42: Khoảng trắng bị loại bỏ, hiển thị kết quả của "Khoa Pug TV". | G42: passed | H42: 46114
A43: TC_ACC_16 | B43: Xác minh rằng hệ thống hiển thị đúng danh sách đối với điều kiện lọc theo "Người dùng". | C43: 1. Chọn loại "Người dùng" tại dropdown. | D43: Dữ liệu phân loại đã tồn tại. | E43: Hệ thống lọc theo role_id và hiển thị đúng danh sách người dùng. | F43: Bảng chỉ hiện các dòng có tag "Người dùng" màu xanh lá. | G43: passed | H43: 46114
A44: TC_ACC_17 | B44: Xác minh rằng hệ thống hiển thị đúng danh sách đối với điều kiện lọc theo "Cửa hàng". | C44: 1. Chọn loại "Cửa hàng" tại dropdown. | D44: Dữ liệu phân loại đã tồn tại. | E44: Hệ thống lọc theo role_id và hiển thị đúng danh sách cửa hàng. | F44: Bảng chỉ hiện bản ghi "Nét Huế" và "Vừa Review Vừa Bán". | G44: passed | H44: 46114
A45: TC_ACC_18 | B45: Xác minh rằng hệ thống hiển thị đúng danh sách đối với điều kiện lọc theo "Nhà sáng tạo". | C45: 1. Chọn loại "Nhà sáng tạo" tại dropdown. | D45: Dữ liệu phân loại đã tồn tại. | E45: Hệ thống lọc theo role_id và hiển thị đúng danh sách nhà sáng tạo. | F45: Chỉ hiển thị bản ghi của "Khoa Pug TV" với tag màu cam. | G45: passed | H45: 46114
A46: TC_ACC_19 | B46: Xác minh rằng hệ thống hiển thị đúng danh sách đối với điều kiện lọc trạng thái "Hoạt động". | C46: 1. Chọn trạng thái "Hoạt động". | D46: Tài khoản Admin đã đăng nhập thành công. | E46: Hệ thống lọc theo status=Active và hiển thị đúng danh sách. | F46: Bảng ẩn tài khoản "Kẻ Gây Rối" (Bị khóa) và hiện các tài khoản còn lại. | G46: passed | H46: 46114
A47: TC_ACC_20 | B47: Xác minh rằng hệ thống hiển thị đúng danh sách đối với điều kiện lọc trạng thái "Bị khóa". | C47: 1. Chọn trạng thái "Bị khóa". | D47: Có dữ liệu tài khoản bị khóa trong DB. | E47: Hệ thống lọc theo status=Locked và hiển thị đúng danh sách. | F47: Bảng chỉ hiển thị duy nhất dòng của "Kẻ Gây Rối". | G47: passed | H47: 46114
... A73: TC_ACC_46 | B73: Xác minh rằng hệ thống cho phép khóa nhanh đối với điều kiện tài khoản bị report nhiều lần. | C73: 1. Nhấn nút Khóa nhanh. | D73: Tài khoản bị > N lượt báo cáo vi phạm. | E73: Hệ thống xử lý ưu tiên lệnh khóa và chuyển trạng thái ngay lập tức. | F73: Trạng thái chuyển ngay sang Bị khóa mà không qua nhiều bước kiểm tra. | G73: passed | H73: 46114
A74: TC_ACC_47 | B74: Xác minh rằng user bị logout ngay lập tức đối với điều kiện sau khi khóa. | C74: 1. Kiểm tra màn hình người dùng. | D74: Tài khoản mục tiêu vừa bị Admin khóa. | E74: Hệ thống xử lý logic và chuyển hướng user về trang đăng nhập. | F74: Người dùng đang lướt app bị đẩy ra màn login ngay. | G74: failed | H74: 46114 | I74: passed | J74: 46118
A75: TC_ACC_48 | B75: Xác minh rằng user có thể đăng nhập lại bình thường đối với điều kiện sau khi mở khóa. | C75: 1. Admin nhấn Mở khóa. 2. User login. | D75: Tài khoản vừa được chuyển về status=Active. | E75: Hệ thống xử lý logic và cho phép user truy cập lại hệ thống. | F75: User đăng nhập thành công vào màn hình chính. | G75: passed | H75: 46114
A76: TC_ACC_49 | B76: Xác minh rằng hệ thống gửi email thông báo đối với điều kiện sau khi khóa/mở khóa. | C76: 1. Thực hiện đổi trạng thái tài khoản. | D76: Hệ thống mail server đã được cấu hình. | E76: Hệ thống thực hiện gửi thông báo đến Email đăng ký của người dùng. | F76: User nhận được mail với tiêu đề "Thông báo trạng thái tài khoản". | G76: passed | H76: 46114
A77: TC_ACC_50 | B77: Xác minh rằng hệ thống không được khóa đối với điều kiện tài khoản admin đang đăng nhập. | C77: 1. Nhấn nút Khóa tại dòng Admin. | D77: Đang xem danh sách chứa tài khoản của chính mình. | E77: Hệ thống xử lý chặn tự khóa chính mình để đảm bảo quyền quản trị. | F77: Nút khóa bị mờ hoặc hiện lỗi "Bạn không thể tự khóa mình". | G77: passed | H77: 46114
A78: TC_ACC_51 | B78: Xác minh rằng hệ thống hiển thị đúng dữ liệu đối với điều kiện click sang trang khác. | C78: 1. Nhấn vào số trang "2" tại phân trang. | D78: Tổng số bản ghi > giới hạn hiển thị (10). | E78: Hệ thống tải dữ liệu trang 2 và hiển thị đúng bản ghi tương ứng. | F78: Danh sách mới hiện ra với dữ liệu từ bản ghi thứ 11 trở đi. | G78: passed | H78: 46114
A79: TC_ACC_52 | B79: Xác minh rằng hệ thống hiển thị đúng highlight đối với điều kiện trang hiện tại được chọn. | C79: 1. Quan sát thanh phân trang. | D79: Đang ở trang số 1. | E79: Hệ thống hiển thị số "1" với nền màu xanh lá cây để nhận diện. | F79: Số 1 có khung xanh nổi bật so với các số khác. | G79: passed | H79: 46114
A80: TC_ACC_53 | B80: Xác minh rằng hệ thống không cho previous đối với điều kiện đang ở trang đầu. | C80: 1. Nhấn nút mũi tên trái (<-). | D80: Đang ở trang số 1. | E80: Hệ thống vô hiệu hóa nút hoặc không thực hiện chuyển trang. | F80: Nút mũi tên trái bị mờ đi và không thể click. | G80: passed | H80: 46114
A81: TC_ACC_54 | B81: Xác minh rằng hệ thống không cho next đối với điều kiện đang ở trang cuối. | C81: 1. Nhấn nút mũi tên phải (->). | D81: Đang ở trang cuối cùng của danh sách. | E81: Hệ thống vô hiệu hóa nút hoặc không thực hiện chuyển trang. | F81: Nút mũi tên phải không có tác dụng khi nhấn. | G81: passed | H81: 46114
A82: TC_ACC_55 | B82: Xác minh rằng hệ thống quay về trang 1 đối với điều kiện sau khi search/filter. | C82: 1. Đang ở trang 2, thực hiện tìm kiếm. | D82: Đang ở trang > 1. | E82: Hệ thống xử lý logic reset pagination và hiển thị kết quả từ trang 1. | F82: Thanh phân trang tự động nhảy về tiêu điểm là số 1. | G82: passed | H82: 46114

Sheet Quản lý doanh thu hệ thống
A1: Project Name | B1: XÂY DỰNG HỆ THỐNG DISHNET - NỀN TẢNG MẠNG XÃ HỘI KINH DOANH ẨM THỰC
A2: Module Code | B2: Quản lý doanh thu hệ thống
A3: Người kiểm tra | B3: Phạm Đình Vân Ly
B4: Hoàn thành | C4: Lỗi | D4: Chưa kiểm tra | E4: Bị chăn | F4: Tổng số trường hợp thử nghiệm
A5: Round 1 | B5: =COUNTIF(G27:G925,"passed") -> 48 | C5: =COUNTIF(G27:G925,"failed") -> 18 | D5: =COUNTIF(G27:G925,"untest") -> 0 | E5: =COUNTIF(G27:G925,"blocked") -> 0 | F5: =COUNTIF(A23:A921, "*RV*") -> 66
A6: Round 2 | B6: =COUNTIF(I27:I926,"passed") -> 18 | C6: =COUNTIF(I27:I925,"failed") -> 0 | D6: =COUNTIF(G27:G925,"untest") -> 0 | E6: =COUNTIF(G27:G925,"blocked") -> 0 | F6: =COUNTIF(A24:A922, "*RV*") -> 66
A23: Test Case ID | B23: Mô tả | C23: Hành động | D23: Điều kiện tiên quyết | E23: Kết quả mong đợi | F23: Kết quả thực tế | G23: Kết quả | I23: Kết quả | K23: Chú thích
G24: Vòng 1 | I24: Vòng 2
G25: Trạng thái | H25: Ngày kiểm tra | I25: Trạng thái | J25: Ngày kiểm tra
A26: GUI
A27: GUI_RV_01 | B27: Xác minh rằng tiêu đề trang hiển thị đúng nội dung "Quản lý doanh thu hệ thống" khi truy cập vào chức năng . | C27: 1. Quan sát góc trên bên trái màn hình. | D27: N/A | E27: Tiêu đề trang hiển thị đúng nội dung "Quản lý doanh thu hệ thống". | F27: Tiêu đề "Quản lý doanh thu hệ thống" hiển thị rõ ràng tại góc trên bên trái, font chữ đậm. | G27: passed | H27: 46115
A28: GUI_RV_02 | B28: Xác minh rằng hiển thị đầy đủ 3 thẻ thống kê tổng quan (Tổng doanh thu, Doanh thu hôm nay, Tổng số đơn hàng) khi quan sát phần trên cùng của trang . | C28: 1. Quan sát các thẻ (card) thống kê ở hàng đầu tiên. | D28: N/A | E28: Hiển thị đầy đủ 3 thẻ thống kê tổng quan. | F28: Hệ thống hiển thị đủ 3 Card thống kê theo hàng ngang, có kèm icon và số liệu bên dưới. | G28: passed | H28: 46115
A29: GUI_RV_03 | B29: Xác minh rằng biểu đồ doanh thu hiển thị đúng dạng đường (line chart) và có đầy đủ các mốc ngày khi quan sát mục "Biểu đồ doanh thu" . | C29: 1. Quan sát vùng hiển thị biểu đồ chính. | D29: N/A | E29: Biểu đồ doanh thu hiển thị đúng dạng đường và có đầy đủ các mốc ngày. | F29: Biểu đồ dạng đường hiển thị trực quan, các mốc ngày hiển thị đầy đủ trên trục hoành. | G29: passed | H29: 46115
A30: GUI_RV_04 | B30: Xác minh rằng hiển thị biểu đồ tròn/thanh ngang phân tích nguồn doanh thu kèm chú thích màu sắc khi quan sát mục "Doanh thu theo nguồn" . | C30: 1. Quan sát biểu đồ phía bên phải mục biểu đồ chính. | D30: N/A | E30: Hiển thị biểu đồ phân tích nguồn kèm chú thích màu sắc. | F30: Biểu đồ thanh ngang (progress bar) hiển thị với 3 màu sắc phân biệt cho Video review, Tìm kiếm và Khuyến mãi. | G30: passed | H30: 46115
A31: GUI_RV_05 | B31: Xác minh rằng danh sách cửa hàng và nhà sáng tạo có hiển thị thứ hạng (số 1, 2...) khi quan sát mục "Top cửa hàng" và "Top nhà sáng tạo" . | C31: 1. Quan sát các khối danh sách Top doanh thu. | D31: N/A | E31: Danh sách hiển thị đúng thứ hạng theo số thứ tự. | F31: Số thứ hạng (1, 2) được đặt trong vòng tròn màu đen, hiển thị bên trái tên cửa hàng/creator. | G31: passed | H31: 46115
A32: GUI_RV_06 | B32: Xác minh rằng bảng "Đơn hàng gần đây" hiển thị đủ 6 cột thông tin (Mã đơn hàng, Cửa hàng, Khách hàng, Tổng tiền, Trạng thái, Thời gian) khi quan sát tiêu đề bảng . | C32: 1. Quan sát hàng tiêu đề của bảng dữ liệu phía dưới. | D32: N/A | E32: Bảng hiển thị đủ 6 cột thông tin như thiết kế. | F32: Bảng dữ liệu có đủ 6 cột với tiêu đề căn lề chuẩn, dễ quan sát thông tin đơn hàng. | G32: passed | H32: 46115
A33: GUI_RV_07 | B33: Xác minh rằng các nhãn trạng thái đơn hàng (Đang chuẩn bị, Chờ xác nhận...) hiển thị đúng màu sắc tương ứng khi quan sát cột "Trạng thái đơn" . | C33: 1. Quan sát các tag màu tại cột Trạng thái. | D33: N/A | E33: Các nhãn trạng thái đơn hàng hiển thị đúng màu sắc tương ứng. | F33: Trạng thái "Đang giao" có màu xanh dương, "Đã giao" màu xanh lá, "Chờ xác nhận" màu cam... rất dễ phân biệt. | G33: passed | H33: 46115
A34: GUI_RV_08 | B34: Xác minh rằng hiển thị đầy đủ 2 dropdown lọc (Tất cả cửa hàng, Tất cả trạng thái) khi quan sát phía trên bên phải của bảng đơn hàng . | C34: 1. Quan sát khu vực bộ lọc của bảng đơn hàng. | D34: N/A | E34: Hiển thị đầy đủ 2 dropdown lọc dữ liệu. | F34: Hai bộ lọc Dropdown hiển thị đúng vị trí bên phải, có icon mũi tên trỏ xuống để chọn lựa. | G34: passed | H34: 46115
A35: GUI_RV_09 | B35: Xác minh rằng mỗi dòng đơn hàng đều có nút "Xem" màu xanh dương khi quan sát cột cuối cùng của bảng đối với điều kiện có dữ liệu đơn hàng. | C35: 1. Quan sát cột thao tác cuối cùng của bảng. | D35: Có dữ liệu đơn hàng | E35: Mỗi dòng đơn hàng đều có nút "Xem" màu xanh dương. | F35: Cuối mỗi dòng dữ liệu đều có nút "Xem" bo góc, nền màu xanh dương nổi bật. | G35: passed | H35: 46115
A36: GUI_RV_10 | B36: Xác minh rằng các icon avatar/logo cửa hàng hiển thị đúng vị trí bên cạnh tên cửa hàng khi quan sát cột "Cửa hàng" . | C36: 1. Quan sát biểu tượng đại diện tại cột Cửa hàng. | D36: N/A | E36: Các icon avatar/logo hiển thị đúng vị trí và kích thước. | F36: Logo viết tắt của cửa hàng hiển thị trong hình tròn nhỏ phía trước tên shop, kích thước cân đối. | G36: passed | H36: 46115
A37: FUNCTION
A38: TC_RV_11 | B38: Xác minh rằng hiển thị tổng doanh thu = tổng tiền tất cả các đơn "Đã giao/Hoàn thành" khi kiểm tra thẻ Tổng doanh thu . | C38: 1. Quan sát thẻ Tổng doanh thu. | D38: N/A | E38: Tổng doanh thu = SUM(total_amount) với status = COMPLETED / DELIVERED. | F38: Hiển thị đúng tổng doanh thu | G38: passed | H38: 46115
A39: TC_RV_12 | B39: Xác minh rằng hiển thị thị 0 đ khi không có đơn hàng đối với điều kiện danh sách đơn hàng rỗng. | C39: 1. Kiểm tra thẻ Tổng doanh thu. | D39: Không có đơn hàng | E39: Hiển thị 0 đ. | F39: Hiển thị đúng 0 đ. | G39: passed | H39: 46115
A40: TC_RV_13 | B40: Xác minh rằng không thực hiện tính toán vào doanh thu khi đơn hàng ở trạng thái "Đã hủy" . | C40: 1. Kiểm tra thẻ doanh thu khi có đơn hủy. | D40: Đơn "Đã hủy" | E40: Đơn "Đã hủy" không được tính. | F40: Vẫn cộng tiền đơn đã hủy vào tổng. | G40: failed | H40: 46115 | I40: passed | J40: 46118
A41: TC_RV_14 | B41: Xác minh rằng không thực hiện tính toán vào doanh thu khi đơn hàng ở trạng thái "Chờ xác nhận/Đang giao" . | C41: 1. Kiểm tra thẻ doanh thu khi có đơn chờ/giao. | D41: Đơn "Chờ xác nhận/Đang giao" | E41: Đơn "Chờ xác nhận/Đang giao" | F41: Không tính đúng quy định. | G41: passed | H41: 46115
A42: TC_RV_15 | B42: Xác minh rằng tổng doanh thu bằng SUM chính xác giá trị các đơn hợp lệ khi có nhiều đơn hàng . | C42: 1. Thực hiện cộng dồn nhiều đơn hàng. | D42: Nhiều đơn | E42: Tổng = SUM chính xác. | F42: Lệch số thập phân khi cộng nhiều đơn. | G42: failed | H42: 46115 | I42: passed | J42: 46118
A43: TC_RV_16 | B43: Xác minh rằng hiển thị đúng format (1.000.000 đ) khi doanh thu có số lớn . | C43: 1. Quan sát cách hiển thị số tiền lớn. | D43: Số lớn | E43: Hiển thị đúng format (1.000.000 đ). | F43: Hiển thị đúng định dạng. | G43: passed | H43: 46115
A44: TC_RV_17 | B44: Xác minh rằng không thực hiện thay đổi dữ liệu khi người dùng thực hiện refresh trang . | C44: 1. Nhấn refresh trang. | D44: Refresh trang | E44: Không thay đổi dữ liệu. | F44: Dữ liệu giữ nguyên. | G44: passed | H44: 46115
A45: TC_RV_18 | B45: Xác minh rằng hiển thị doanh thu trong ngày hiện tại đúng công thức SUM . | C45: 1. Kiểm tra thẻ Doanh thu hôm nay. | D45: N/A | E45: Hiển thị doanh thu trong ngày hiện tại và status hợp lệ. | F45: Tính cả đơn của ngày hôm trước vào. | G45: failed | H45: 46115 | I45: passed | J45: 46118
A46: TC_RV_19 | B46: Xác minh rằng hiển thị 0 đ khi không có đơn hàng phát sinh hôm nay . | C46: 1. Kiểm tra thẻ khi chưa có đơn mới. | D46: Không có đơn hôm nay | E46: Hiển thị 0 đ. | F46: Hiển thị đúng 0 đ. | G46: passed | H46: 46115
A47: TC_RV_20 | B47: Xác minh rằng không thực hiện tính toán đơn ngày hôm qua vào thẻ hôm nay . | C47: 1. Kiểm tra dữ liệu đơn cũ. | D47: Đơn ngày hôm qua | E47: Không tính vào hôm nay. | F47: Phân loại ngày đúng. | G47: passed | H47: 46115
A48: TC_RV_21 | B48: Xác minh rằng không thực hiện tính toán vào hôm nay khi đơn hôm nay nhưng chưa hoàn thành . | C48: 1. Kiểm tra đơn mới gửi/đang giao. | D48: Đơn chưa hoàn thành | E48: Không tính. | F48: Không tính đúng quy định. | G48: passed | H48: 46115
A49: TC_RV_22 | B49: Xác minh rằng thực hiện tính toán vào hôm nay khi đơn đã hoàn thành trong ngày . | C49: 1. Kiểm tra đơn vừa hoàn thành. | D49: Đơn hoàn thành hôm nay | E49: Được tính vào doanh thu. | F49: Cập nhật số tiền đúng. | G49: passed | H49: 46115
A50: TC_RV_23 | B50: Xác minh rằng không thực hiện tính sai do lệch múi giờ (timezone) khi ghi nhận đơn hàng . | C50: 1. Kiểm tra đơn hàng lúc 0h sáng. | D50: Không bị lệch timezone | E50: Tính đúng ngày hôm nay. | F50: Đơn lúc 0h bị tính sang ngày cũ. | G50: failed | H50: 46115 | I50: passed | J50: 46118
A51: TC_RV_24 | B51: Xác minh rằng thực hiện cộng đúng giá trị khi có nhiều đơn hàng phát sinh cùng ngày . | C51: 1. Cộng dồn các đơn trong ngày. | D51: Nhiều đơn cùng ngày | E51: Cộng đúng tổng tiền. | F51: Cộng dồn chính xác. | G51: passed | H51: 46115
A52: TC_RV_25 | B52: Xác minh rằng không thực hiện thay đổi dữ liệu khi người dùng refresh trang . | C52: 1. Nhấn refresh trang. | D52: Refresh | E52: Không thay đổi dữ liệu. | F52: Dữ liệu giữ nguyên. | G52: passed | H52: 46115
A53: TC_RV_26 | B53: Xác minh rằng hiển thị số 0 khi hệ thống không có đơn hàng nào . | C53: 1. Kiểm tra thẻ khi DB trống. | D53: Không có đơn | E53: Hiển thị 0. | F53: Hiển thị đúng số 0. | G53: passed | H53: 46115
A54: TC_RV_27 | B54: Xác minh rằng không thực hiện tính đơn bị xóa vào tổng đơn hàng . | C54: 1. Kiểm tra sau khi xóa đơn. | D54: Đơn bị xóa | E54: Không tính vào tổng. | F54: Đơn bị xóa vẫn bị đếm vào tổng. | G54: failed | H54: 46115 | I54: passed | J54: 46118
A55: TC_RV_28 | B55: Xác minh rằng số tổng đơn tăng đúng khi thực hiện thêm đơn hàng mới . | C55: 1. Tạo mới đơn hàng. | D55: Thêm đơn | E55: Số tăng đúng. | F55: Cập nhật số lượng đúng. | G55: passed | H55: 46115
A56: TC_RV_29 | B56: Xác minh rằng số tổng đơn giảm đúng khi thực hiện xóa đơn hàng . | C56: 1. Xóa đơn hàng hiện có. | D56: Xóa đơn | E56: Số giảm đúng. | F56: Cập nhật số lượng đúng. | G56: passed | H56: 46115
A57: TC_RV_30 | B57: Xác minh rằng không thực hiện đếm lặp đơn hàng (trùng lặp) khi tính tổng . | C57: 1. Kiểm tra danh sách đơn trùng. | D57: Không bị trùng đơn | E57: Mỗi mã đơn chỉ tính 1. | F57: Một mã đơn bị đếm 2 lần. | G57: failed | H57: 46115 | I57: passed | J57: 46118
A58: TC_RV_31 | B58: Xác minh rằng hiển thị doanh thu từng ngày trong 30 ngày gần nhất . | C58: 1. Quan sát các mốc trên biểu đồ. | D58: N/A | E58: Hiển thị đúng 30 ngày gần nhất. | F58: Thiếu các mốc ngày trong biểu đồ. | G58: failed | H58: 46115 | I58: passed | J58: 46118
A59: TC_RV_32 | B59: Xác minh rằng biểu đồ rỗng khi hệ thống không có dữ liệu doanh thu . | C59: 1. Kiểm tra biểu đồ khi DB trống. | D59: Không có dữ liệu | E59: Biểu đồ rỗng. | F59: Biểu đồ hiện cột lỗi. | G59: failed | H59: 46115 | I59: passed | J59: 46118
A60: TC_RV_33 | B60: Xác minh rằng hiển thị giá trị 0 tại các ngày không có đơn hàng . | C60: 1. Kiểm tra các ngày trống đơn. | D60: Ngày không có đơn | E60: Hiển thị 0. | F60: Ngày không đơn bị mất khỏi trục X. | G60: failed | H60: 46115 | I60: passed | J60: 46118
A61: TC_RV_34 | B61: Xác minh rằng hiển thị đúng số tiền khi người dùng thực hiện hover chuột vào cột biểu đồ . | C61: 1. Hover chuột vào 1 cột bất kỳ. | D61: Hover | E61: Hiển thị đúng số tiền ngày đó. | F61: Hiển thị sai số tiền hoặc không hiện. | G61: failed | H61: 46115 | I61: passed | J61: 46118
A62: TC_RV_35 | B62: Xác minh rằng không thực hiện thiếu ngày trong trục thời gian (timeline) . | C62: 1. Kiểm tra tính liên tục của các ngày. | D62: Không thiếu ngày trong timeline | E62: Đủ các ngày liên tiếp. | F62: Timeline bị nhảy cách quãng ngày. | G62: failed | H62: 46115 | I62: passed | J62: 46118
A63: TC_RV_36 | B63: Xác minh rằng hiển thị đúng tại mốc ngày có doanh thu cao nhất . | C63: 1. Kiểm tra mốc cao nhất trên biểu đồ. | D63: Có ngày doanh thu cao | E63: Hiển thị đúng. | F63: Hiển thị đúng thực tế. | G63: passed | H63: 46115
A64: TC_RV_37 | B64: Xác minh rằng không thực hiện báo lỗi khi API thiếu một vài mốc dữ liệu ngày . | C64: 1. Giả lập API thiếu dữ liệu vài ngày. | D64: API thiếu dữ liệu | E64: Không lỗi (hiển thị 0). | F64: Hệ thống báo lỗi "Undefined" và crash. | G64: failed | H64: 46115 | I64: passed | J64: 46118
A65: TC_RV_38 | B65: Xác minh rằng không thực hiện sai lệch biểu đồ khi người dùng refresh trang . | C65: 1. Nhấn refresh trang. | D65: Refresh | E65: Không sai. | F65: Biểu đồ giữ nguyên dữ liệu. | G65: passed | H65: 46115
A66: TC_RV_39 | B66: Xác minh rằng hiển thị đúng các nguồn (Video review, Tìm kiếm, Khuyến mãi) . | C66: 1. Quan sát biểu đồ nguồn. | D66: N/A | E66: Hiển thị đầy đủ các nguồn theo thiết kế. | F66: Hiển thị đúng các nguồn. | G66: passed | H66: 46115
A67: TC_RV_40 | B67: Xác minh rằng doanh thu từng nguồn bằng SUM theo source đối với điều kiện có dữ liệu. | C67: 1. Kiểm tra số liệu từng nguồn. | D67: Có dữ liệu | E67: Doanh thu khớp với tổng đơn theo nguồn. | F67: Khớp với Database. | G67: passed | H67: 46115
A68: TC_RV_41 | B68: Xác minh rằng tổng các nguồn bằng tổng doanh thu hệ thống . | C68: 1. Cộng tổng các nguồn. | D68: N/A | E68: Tổng các nguồn = Tổng doanh thu hệ thống. | F68: Số liệu bị lệch nhẹ 1đ do làm tròn decimal. | G68: failed | H68: 46115 | I68: passed | J68: 46118
A69: TC_RV_42 | B69: Xác minh rằng hiển thị giá trị 0 khi nguồn đó không có dữ liệu . | C69: 1. Kiểm tra nguồn trống. | D69: N/A | E69: Hiển thị giá trị 0. | F69: Hiển thị 0 đúng. | G69: passed | H69: 46115
A70: TC_RV_43 | B70: Xác minh rằng hiển thị thêm nguồn mới khi có nguồn doanh thu mới phát sinh . | C70: 1. Tạo đơn từ nguồn mới. | D70: N/A | E70: Biểu đồ tự cập nhật thêm nguồn. | F70: Cập nhật đúng nguồn mới. | G70: passed | H70: 46115
A71: TC_RV_44 | B71: Xác minh rằng hiển thị danh sách cửa hàng theo thứ tự doanh thu giảm dần . | C71: 1. Kiểm tra thứ tự danh sách. | D71: N/A | E71: Cửa hàng doanh thu cao hơn xếp trên. | F71: Thứ tự hiển thị đúng. | G71: passed | H71: 46115
A72: TC_RV_45 | B72: Xác minh rằng Top 1 là cửa hàng có doanh thu cao nhất hệ thống . | C72: 1. So sánh Top 1 với các Shop khác. | D72: N/A | E72: Vị trí số 1 là shop có doanh thu cao nhất. | F72: Shop Top 1 hiển thị đúng. | G72: passed | H72: 46115
A73: TC_RV_46 | B73: Xác minh rằng doanh thu cửa hàng được tính bằng SUM(total_amount) GROUP BY source . | C73: 1. Kiểm tra logic tính doanh thu shop. | D73: N/A | E73: Tính đúng theo công thức. | F73: Tính toán chính xác. | G73: passed | H73: 46115
A74: TC_RV_47 | B74: Xác minh rằng hiển thị phần trăm chính xác theo tỷ trọng doanh thu . | C74: 1. Kiểm tra tỷ lệ %. | D74: N/A | E74: Phần trăm hiển thị đúng thực tế. | F74: Tính phần trăm bị sai lệch khi tổng bằng 0. | G74: failed | H74: 46115 | I74: passed | J74: 46118
A75: TC_RV_48 | B75: Xác minh rằng hiển thị thị rỗng khi không có dữ liệu cửa hàng đối với điều kiện DB trống. | C75: 1. Kiểm tra Card khi chưa có shop. | D75: Không có dữ liệu | E75: Hiển thị trạng thái rỗng. | F75: Hiển thị rỗng đúng. | G75: passed | H75: 46115
A76: TC_RV_49 | B76: Xác minh rằng hiển thị danh sách creator theo doanh thu giảm dần . | C76: 1. Kiểm tra thứ tự creator. | D76: N/A | E76: Doanh thu cao xếp trên. | F76: Hiển thị đúng thứ tự. | G76: passed | H76: 46115
A77: TC_RV_50 | B77: Xác minh rằng doanh thu bằng SUM(total_amount) GROUP BY store_id . | C77: 1. Kiểm tra số tiền hiển thị. | D77: N/A | E77: Doanh thu khớp với công thức. | F77: Cộng thiếu các đơn chưa thanh toán. | G77: failed | H77: 46115 | I77: passed | J77: 46118
A78: TC_RV_51 | B78: Xác minh rằng không hiển thị creator khi họ không có đơn hàng . | C78: 1. Kiểm tra creator doanh thu 0. | D78: Creator không có đơn | E78: Không hiện trong danh sách Top. | F78: Không hiển thị đúng. | G78: passed | H78: 46115
A79: TC_RV_52 | B79: Xác minh rằng hiển thị trạng thái rỗng khi không có dữ liệu creator . | C79: 1. Kiểm tra Card khi DB trống. | D79: Không có dữ liệu | E79: Hiển thị rỗng. | F79: Hiển thị rỗng đúng. | G79: passed | H79: 46115
A80: TC_RV_53 | B80: Xác minh rằng không hiển thị trùng lặp creator trong danh sách . | C80: 1. Kiểm tra trùng lặp. | D80: N/A | E80: Mỗi creator hiện duy nhất 1 lần. | F80: Hiển thị duy nhất, không trùng. | G80: passed | H80: 46115
A81: TC_RV_54 | B81: Xác minh rằng tính % tăng trưởng hôm nay so với hôm qua đúng . | C81: 1. Kiểm tra số % tăng trưởng. | D81: N/A | E81: Tính theo công thức tăng trưởng. | F81: Tính toán chính xác. | G81: passed | H81: 46115
A82: TC_RV_55 | B82: Xác minh rằng không bị lỗi chia cho 0 khi hôm qua không có doanh thu đối với điều kiện doanh thu hôm qua = 0. | C82: 1. Kiểm tra khi hôm qua doanh thu 0. | D82: Hôm qua = 0 | E82: Hệ thống hiển thị -- hoặc 0% thay vì lỗi. | F82: Hệ thống báo lỗi "Infinity" trên giao diện. | G82: failed | H82: 46115 | I82: passed | J82: 46118
A83: TC_RV_56 | B83: Xác minh rằng điều hướng đúng trang chi tiết khi click vào các Card . | C83: 1. Click vào các thẻ Card. | D83: N/A | E83: Chuyển hướng đúng trang đích. | F83: Chuyển hướng chính xác. | G83: passed | H83: 46115
A84: TC_RV_57 | B84: Xác minh rằng giới hạn số lượng hiển thị 8 đơn gần nhất (LIMIT 8) đối với điều kiện có nhiều đơn. | C84: 1. Đếm số dòng đơn hàng. | D84: Có > 8 đơn | E84: Hiển thị đúng 8 đơn. | F84: Hiển thị đúng 8 dòng. | G84: passed | H84: 46115
A85: TC_RV_58 | B85: Xác minh rằng mỗi order_id hiển thị là duy nhất khi quan sát bảng . | C85: 1. Kiểm tra trùng mã đơn. | D85: N/A | E85: Không có đơn bị lặp. | F85: Hiển thị duy nhất. | G85: passed | H85: 46115
A86: TC_RV_59 | B86: Xác minh rằng tổng tiền đơn hàng = SUM(price * quantity) . | C86: 1. Tính thử tổng tiền 1 đơn. | D86: N/A | E86: Tổng tiền khớp với các item. | F86: Tính toán chính xác. | G86: passed | H86: 46115
A87: TC_RV_60 | B87: Xác minh rằng tổng tiền khớp dữ liệu chi tiết, không tính item lỗi/xóa . | C87: 1. Đối chiếu item và tổng đơn. | D87: N/A | E87: Khớp dữ liệu thực tế. | F87: Vẫn tính tiền các sản phẩm đã bị xóa. | G87: failed | H87: 46115 | I87: passed | J87: 46118
A88: TC_RV_61 | B88: Xác minh rằng hiển thị 0 khi đơn hàng không có item nào đối với điều kiện đơn trống. | C88: 1. Kiểm tra đơn không có item. | D88: Đơn rỗng | E88: Tổng tiền bằng 0. | F88: Hiển thị 0 đúng. | G88: passed | H88: 46115
A89: TC_RV_62 | B89: Xác minh rằng liên kết đúng 1 cửa hàng và 1 khách hàng cho mỗi đơn . | C89: 1. Kiểm tra store_id và user_id. | D89: N/A | E89: Hiển thị đúng tên shop/khách. | F89: Hiển thị chính xác thông tin. | G89: passed | H89: 46115
A90: TC_RV_63 | B90: Xác minh rằng dữ liệu join orders - store - user phải nhất quán . | C90: 1. Đối chiếu thông tin liên kết. | D90: N/A | E90: Dữ liệu đồng bộ, không sai tên. | F90: Dữ liệu nhất quán. | G90: passed | H90: 46115
A91: TC_RV_64 | B91: Xác minh rằng không hiển thị đơn thiếu dữ liệu liên kết đối với điều kiện đơn lỗi DB. | C91: 1. Kiểm tra đơn mất user/store. | D91: Thiếu liên kết | E91: Tự động lọc bỏ không hiện. | F91: Vẫn hiện đơn lỗi gây vỡ giao diện. | G91: failed | H91: 46115 | I91: passed | J91: 46118
A92: TC_RV_65 | B92: Xác minh rằng trạng thái đơn hàng lấy đúng từ orders.status . | C92: 1. Quan sát cột trạng thái. | D92: N/A | E92: Hiển thị đúng trạng thái hợp lệ. | F92: Hiển thị đúng trạng thái. | G92: passed | H92: 46115
A93: TC_RV_66 | B93: Xác minh rằng dữ liệu cập nhật tương ứng khi trạng thái thay đổi . | C93: 1. Đổi trạng thái đơn ở backend. | D93: Khi có thay đổi | E93: Dashboard cập nhật trạng thái mới. | F93: Trạng thái cập nhật đúng. | G93: passed | H93: 46115

Sheet Quản lý khuyến mãi hệ thống
A1: Project Name | B1: XÂY DỰNG HỆ THỐNG DISHNET - NỀN TẢNG MẠNG XÃ HỘI KINH DOANH ẨM THỰC
A2: Module Code | B2: Quản lý khuyến mãi hệ thống
A3: Người kiểm tra | B3: Huỳnh Thị Vy
B4: Hoàn thành | C4: Lỗi | D4: Chưa kiểm tra | E4: Bị chăn | F4: Tổng số trường hợp thử nghiệm
A5: Round 1 | B5: =COUNTIF(G27:G938,"passed") -> 58 | C5: =COUNTIF(G27:G938,"failed") -> 7 | D5: =COUNTIF(G27:G938,"untest") -> 0 | E5: =COUNTIF(G27:G938,"blocked") -> 0 | F5: =COUNTIF(A23:A934, "*PROM*") -> 65
A6: Round 2 | B6: =COUNTIF(I27:I939,"passed") -> 7 | C6: =COUNTIF(I27:I938,"failed") -> 0 | D6: =COUNTIF(G27:G938,"untest") -> 0 | E6: =COUNTIF(G27:G938,"blocked") -> 0 | F6: =COUNTIF(A24:A935, "*PROM*") -> 65
A23: Test Case ID | B23: Mô tả | C23: Hành động | D23: Điều kiện tiên quyết | E23: Kết quả mong đợi | F23: Kết quả thực tế | G23: Kết quả | I23: Kết quả | K23: Chú thích
G24: Vòng 1 | I24: Vòng 2
G25: Trạng thái | H25: Ngày kiểm tra | I25: Trạng thái | J25: Ngày kiểm tra
A26: GUI
A27: GUI_PROM_01 | B27: Xác minh rằng tiêu đề trang hiển thị đúng nội dung "QUẢN LÝ KHUYẾN MÃI" khi truy cập vào chức năng . | C27: 1. Quan sát phía trên bên trái vùng nội dung chính. | D27: N/A | E27: Tiêu đề trang hiển thị đúng chữ in hoa "QUẢN LÝ KHUYẾN MÃI". | F27: Hệ thống hiển thị đúng tiêu đề "QUẢN LÝ KHUYẾN MÃI" với cỡ chữ lớn. | G27: passed | H27: 46085
A28: GUI_PROM_02 | B28: Xác minh rằng hiển thị nút "Thêm khuyến mãi" màu xanh lá kèm icon dấu cộng khi quan sát góc trên bên phải . | C28: 1. Quan sát khu vực phía trên bên phải màn hình. | D28: N/A | E28: Nút "Thêm khuyến mãi" hiển thị rõ ràng với nền màu xanh và icon (+). | F28: Nút bấm hiển thị đúng vị trí, màu xanh lá nổi bật và có icon đi kèm. | G28: passed | H28: 46085
A29: GUI_PROM_03 | B29: Xác minh rằng thanh tìm kiếm có hiển thị placeholder "Tìm kiếm theo tên hoặc mã khuyến mãi" khi quan sát khu vực bộ lọc . | C29: 1. Quan sát ô nhập liệu tìm kiếm. | D29: N/A | E29: Ô tìm kiếm có gợi ý nội dung tìm kiếm mờ bên trong. | F29: Placeholder hiển thị đúng nội dung hướng dẫn cho người dùng. | G29: passed | H29: 46085
A30: GUI_PROM_04 | B30: Xác minh rằng hiển thị đầy đủ 3 dropdown lọc (Trạng thái mã, Loại khuyến mãi, Sắp xếp) khi quan sát thanh công cụ . | C30: 1. Quan sát các ô chọn cạnh thanh tìm kiếm. | D30: N/A | E30: Hiển thị đủ 3 bộ lọc với các lựa chọn mặc định tương ứng. | F30: Các dropdown hiển thị đúng vị trí, nhãn tên rõ ràng và dễ thao tác. | G30: passed | H30: 46085
A31: GUI_PROM_05 | B31: Xác minh rằng các thẻ khuyến mãi được phân biệt màu sắc dựa trên trạng thái (Xanh lá: Đang diễn ra, Đỏ mờ: Đã kết thúc) khi quan sát danh sách . | C31: 1. Quan sát màu sắc của các card khuyến mãi. | D31: N/A | E31: Màu nền của tiêu đề card thay đổi đúng theo trạng thái khuyến mãi. | F31: Các khuyến mãi đang chạy có màu xanh, các mã hết hạn có màu đỏ rất dễ phân biệt. | G31: passed | H31: 46085
A32: GUI_PROM_06 | B32: Xác minh rằng mỗi thẻ khuyến mãi hiển thị đầy đủ 8 trường thông tin chi tiết (Tên, Mã, Loại, Giá trị, Điều kiện, Lượt dùng, Bắt đầu, Kết thúc) khi quan sát nội dung card . | C32: 1. Kiểm tra các dòng văn bản bên trong một card khuyến mãi. | D32: N/A | E32: Card hiển thị đầy đủ các thông số cấu hình của mã giảm giá. | F32: Mọi thông tin từ mã code đến thời hạn đều hiển thị chi tiết và dễ đọc. | G32: passed | H32: 46085
A33: GUI_PROM_07 | B33: Xác minh rằng nhãn trạng thái (Đang diễn ra/Đã kết thúc) hiển thị ở góc trên bên phải của mỗi card khi quan sát thẻ khuyến mãi . | C33: 1. Quan sát vị trí các tag trạng thái trên card. | D33: N/A | E33: Tag trạng thái hiển thị đúng vị trí góc phải phía trên card. | F33: Nhãn trạng thái hiển thị bo góc nhẹ, nằm đúng vị trí bên cạnh tiêu đề. | G33: passed | H33: 46085
A34: GUI_PROM_08 | B34: Xác minh rằng mỗi thẻ khuyến mãi có đầy đủ 2 hoặc 3 nút thao tác (Sửa, Tạm dừng, Xóa) khi quan sát phần chân của card . | C34: 1. Quan sát các nút bấm ở hàng dưới cùng của mỗi thẻ. | D34: N/A | E34: Các nút bấm thao tác hiển thị rõ ràng với màu sắc tương ứng (Xóa màu đỏ). | F34: Các nút chức năng hiển thị đầy đủ, nút Xóa có màu đỏ cảnh báo đặc trưng. | G34: passed | H34: 46085
A35: GUI_PROM_09 | B35: Xác minh rằng thanh phân trang hiển thị ở chính giữa phía dưới danh sách khi quan sát cuối trang đối với điều kiện có nhiều dữ liệu. | C35: 1. Cuộn xuống cuối danh sách khuyến mãi. | D35: Có nhiều mã khuyến mãi | E35: Hiển thị các nút số trang và nút điều hướng ( < 1 > ). | F35: Thanh phân trang hiển thị đúng vị trí trung tâm, số trang hiện tại được tô đậm. | G35: passed | H35: 46085
A36: GUI_PROM_10 | B36: Xác minh rằng các biểu tượng (chuông thông báo, avatar admin) hiển thị đúng ở thanh tiêu đề trên cùng khi quan sát góc phải đối với điều kiện đã đăng nhập. | C36: 1. Quan sát khu vực header của trang web. | D36: Đã đăng nhập Admin | E36: Hiển thị đúng icon thông báo và thông tin tài khoản Admin. | F36: Các icon hiển thị sắc nét, vị trí sắp xếp cân đối trên thanh điều hướng. | G36: passed | H36: 46085
A37: FUNCTION
A38: TC_PROM_11 | B38: Xác minh rằng hiển thị danh sách rỗng khi không có dữ liệu khuyến mãi trả về từ hệ thống đối với điều kiện database trống. | C38: 1. Truy cập trang Quản lý khuyến mãi khi chưa tạo mã nào. | D38: Không có dữ liệu | E38: Hệ thống hiển thị thông báo "Không có dữ liệu" hoặc danh sách trống. | F38: Giao diện hiển thị bảng trống kèm dòng thông báo chưa có khuyến mãi. | G38: passed | H38: 46085
A39: TC_PROM_12 | B39: Xác minh rằng không thực hiện lưu bản ghi trùng lặp khi kiểm tra tính duy nhất của promotion_id . | C39: 1. Kiểm tra danh sách khuyến mãi hiện có. | D39: N/A | E39: Mỗi khuyến mãi chỉ xuất hiện duy nhất một lần với ID riêng biệt. | F39: Danh sách không có hiện tượng lặp lại bản ghi, ID là duy nhất. | G39: passed | H39: 46085
A40: TC_PROM_13 | B40: Xác minh rằng thực hiện sắp xếp danh sách theo các tiêu chí (created_at, start_date, end_date) khi người dùng chọn bộ lọc . | C40: 1. Chọn tiêu chí sắp xếp trong dropdown "Sắp xếp". | D40: N/A | E40: Danh sách các card khuyến mãi thay đổi thứ tự theo tiêu chí đã chọn. | F40: Dữ liệu được sắp xếp lại đúng theo thời gian bắt đầu hoặc kết thúc. | G40: passed | H40: 46085
A41: TC_PROM_14 | B41: Xác minh rằng không thực hiện làm sai lệch tổng số bản ghi khi người dùng thay đổi page_size (số lượng hiển thị mỗi trang) . | C41: 1. Thay đổi số lượng khuyến mãi hiển thị trên một trang. | D41: N/A | E41: Tổng số lượng mã khuyến mãi quản lý không bị thay đổi. | F41: Tổng số bản ghi vẫn chính xác dù thay đổi cách hiển thị. | G41: passed | H41: 46085
A42: TC_PROM_15 | B42: Xác minh rằng thực hiện tìm đúng mã hoặc tên khuyến mãi khi người dùng nhập từ khóa vào ô tìm kiếm . | C42: 1. Nhập mã "SAVE10" vào ô tìm kiếm. | D42: N/A | E42: Hệ thống chỉ hiển thị mã khuyến mãi khớp với từ khóa. | F42: Kết quả trả về chính xác mã khuyến mãi cần tìm. | G42: passed | H42: 46085
A43: TC_PROM_16 | B43: Xác minh rằng thực hiện trả về kết quả khi từ khóa chỉ khớp một phần khi tìm kiếm . | C43: 1. Nhập một phần tên khuyến mãi (ví dụ: "giảm"). | D43: N/A | E43: Hệ thống hiển thị tất cả các mã có chứa từ "giảm" trong tên. | F43: Trả về danh sách các mã có tên chứa từ khóa tìm kiếm. | G43: passed | H43: 46085
A44: TC_PROM_17 | B44: Xác minh rằng không thực hiện phân biệt hoa thường (case-insensitive) khi người dùng nhập từ khóa tìm kiếm . | C44: 1. Nhập từ khóa bằng chữ thường "weekend". | D44: N/A | E44: Hệ thống vẫn trả về mã "WEEKEND30" tương ứng. | F44: Tìm kiếm hoạt động tốt với cả chữ hoa và chữ thường. | G44: passed | H44: 46085
A45: TC_PROM_18 | B45: Xác minh rằng thực hiện xử lý đúng bằng cách loại bỏ khoảng trắng thừa (trim) khi người dùng nhập từ khóa tìm kiếm . | C45: 1. Nhập " SAVE10 " (có khoảng trắng đầu/cuối). | D45: N/A | E45: Hệ thống tự động trim và tìm ra mã "SAVE10". | F45: Khoảng trắng được xử lý tự động, kết quả vẫn chính xác. | G45: passed | H45: 46085
A46: TC_PROM_19 | B46: Xác minh rằng thực hiện trả về toàn bộ danh sách khi để trống ô tìm kiếm . | C46: 1. Để trống ô tìm kiếm và nhấn Enter. | D46: N/A | E46: Hệ thống hiển thị đầy đủ danh sách khuyến mãi đang có. | F46: Danh sách được reset về trạng thái đầy đủ. | G46: passed | H46: 46085
A47: TC_PROM_20 | B47: Xác minh rằng thực hiện trả về danh sách rỗng khi từ khóa tìm kiếm không tồn tại trong hệ thống . | C47: 1. Nhập một chuỗi ký tự ngẫu nhiên không có thực. | D47: N/A | E47: Hệ thống báo không tìm thấy kết quả phù hợp. | F47: Thông báo không tìm thấy dữ liệu hiển thị đúng quy định. | G47: passed | H47: 46085
A48: TC_PROM_21 | B48: Xác minh rằng không thực hiện gây lỗi hệ thống khi người dùng nhập các ký tự đặc biệt (%, _, &) vào ô tìm kiếm . | C48: 1. Nhập các ký tự đặc biệt vào ô tìm kiếm. | D48: N/A | E48: Hệ thống xử lý an toàn, không xảy ra crash hoặc lỗi SQL. | F48: Một số ký tự đặc biệt khiến hệ thống báo lỗi 500 từ phía server. | G48: failed | H48: 46085 | I48: passed | J48: 46177
A49: TC_PROM_22 | B49: Xác minh rằng thực hiện tìm được kết quả nếu từ khóa dạng số trùng với giá trị giảm giá hoặc mã . | C49: 1. Nhập số "50" vào ô tìm kiếm. | D49: N/A | E49: Hiển thị các mã có số 50 trong tên hoặc giá trị giảm 50k. | F49: Trả về đúng các khuyến mãi có liên quan đến con số đã nhập. | G49: passed | H49: 46085
A50: TC_PROM_23 | B50: Xác minh rằng vẫn thực hiện áp dụng phân trang (page, page_size) đối với kết quả sau khi tìm kiếm . | C50: 1. Thực hiện tìm kiếm từ khóa có nhiều kết quả. | D50: N/A | E50: Kết quả tìm kiếm được chia trang đúng quy định. | F50: Phân trang hoạt động bình thường trên tập dữ liệu tìm kiếm. | G50: passed | H50: 46085
A51: TC_PROM_24 | B51: Xác minh rằng thực hiện kết hợp đúng với bộ lọc (status, loại khuyến mãi) sau khi đã có kết quả tìm kiếm . | C51: 1. Tìm kiếm theo tên và chọn thêm lọc "Đã kết thúc". | D51: N/A | E51: Chỉ hiển thị mã khớp tên và có trạng thái đã kết thúc. | F51: Dữ liệu được lọc kép chính xác theo cả tên và trạng thái. | G51: passed | H51: 46085
A52: TC_PROM_25 | B52: Xác minh rằng không thực hiện trùng lặp dữ liệu trong kết quả tìm kiếm . | C52: 1. Thực hiện tìm kiếm và quan sát danh sách. | D52: N/A | E52: Các bản ghi trả về không bị lặp lại. | F52: Kết quả trả về duy nhất, không có bản ghi trùng lặp. | G52: passed | H52: 46085
A53: TC_PROM_26 | B53: Xác minh rằng hiển thị trạng thái "Đang diễn ra" khi thời gian hiện tại nằm trong khoảng bắt đầu và kết thúc đối với điều kiện NOW ≥ start_date AND NOW ≤ end_date. | C53: 1. Kiểm tra mã "SAVE10MAX" (Hạn đến 30/04/2026). | D53: Ngày hiện tại 20/04/2026 | E53: Nhãn trạng thái hiển thị màu xanh "Đang diễn ra". | F53: Hệ thống hiển thị đúng trạng thái đang hoạt động. | G53: passed | H53: 46085
A54: TC_PROM_27 | B54: Xác minh rằng hiển thị trạng thái "Đã kết thúc" khi thời gian hiện tại đã vượt quá thời gian kết thúc đối với điều kiện NOW > end_date. | C54: 1. Kiểm tra mã "WEEKEND30" (Hết hạn 05/04/2026). | D54: Ngày hiện tại 20/04/2026 | E54: Nhãn trạng thái hiển thị màu đỏ "Đã kết thúc". | F54: Trạng thái tự động chuyển sang đã kết thúc chính xác. | G54: passed | H54: 46085
A55: TC_PROM_28 | B55: Xác minh rằng hiển thị trạng thái "Chưa bắt đầu" khi thời gian hiện tại nhỏ hơn thời gian bắt đầu đối với điều kiện NOW < start_date. | C55: 1. Kiểm tra mã có ngày bắt đầu trong tương lai. | D55: N/A | E55: Nhãn trạng thái hiển thị là chưa bắt đầu. | F55: Mã khuyến mãi được gắn nhãn chờ đến ngày hoạt động. | G55: passed | H55: 46085
A56: TC_PROM_29 | B56: Xác minh rằng trạng thái thực hiện thay đổi tự động theo thời gian hệ thống . | C56: 1. Theo dõi trạng thái mã khi đến thời điểm giao thoa. | D56: N/A | E56: Mã tự động đổi từ Đang diễn ra sang Đã kết thúc khi hết giờ. | F56: Mã vẫn giữ trạng thái Đang diễn ra dù đã quá giờ (phải reload). | G56: failed | H56: 46085 | I56: passed | J56: 46177
A57: TC_PROM_30 | B57: Xác minh rằng giá trị khuyến mãi phải nằm trong khoảng hợp lệ (0 < value ≤ 100) đối với loại PERCENT (Giảm theo %). | C57: 1. Kiểm tra cấu hình mã "Giảm 10%". | D57: Loại PERCENT | E57: Hệ thống tính toán mức giảm dựa trên % hóa đơn. | F57: Giá trị % được áp dụng chính xác vào đơn hàng. | G57: passed | H57: 46085
A58: TC_PROM_31 | B58: Xác minh rằng giá trị khuyến mãi phải lớn hơn 0 đối với loại FIXED_AMOUNT (Giảm theo số tiền). | C58: 1. Kiểm tra mã "Giảm 30k". | D58: Loại FIXED_AMOUNT | E58: Hệ thống trừ trực tiếp số tiền tương ứng vào tổng đơn. | F58: Số tiền giảm được trừ đúng theo cấu hình của mã. | G58: passed | H58: 46085
A59: TC_PROM_32 | B59: Xác minh rằng thực hiện miễn phí vận chuyển khi áp dụng mã loại FREESHIP đối với điều kiện value = shipping_fee hoặc flag freeship. | C59: 1. Áp dụng mã "FREESHIPDN". | D59: Loại FREESHIP | E59: Phí vận chuyển trong đơn hàng được đưa về giá trị 0. | F59: Đơn hàng được miễn phí vận chuyển thành công. | G59: passed | H59: 46085
A60: TC_PROM_33 | B60: Xác minh rằng không thực hiện cho phép giá trị khuyến mãi là số âm đối với mọi loại khuyến mãi khi cấu hình . | C60: 1. Kiểm tra dữ liệu giá trị của các mã. | D60: N/A | E60: Giá trị khuyến mãi luôn phải là số dương. | F60: Không có mã nào có giá trị âm trong danh sách. | G60: passed | H60: 46085
A61: TC_PROM_34 | B61: Xác minh rằng không thực hiện cho phép giá trị khuyến mãi bằng 0 đối với các loại giảm giá (tiền/%) . | C61: 1. Kiểm tra các mã giảm giá hiện có. | D61: N/A | E61: Giá trị giảm phải khác 0 để có hiệu lực. | F61: Hệ thống cho phép lưu mã giảm giá với giá trị bằng 0. | G61: failed | H61: 46085 | I61: passed | J61: 46177
A62: TC_PROM_35 | B62: Xác minh rằng hệ thống cho phép lưu khi thời gian bắt đầu nhỏ hơn thời gian kết thúc đối với điều kiện start_date < end_date. | C62: 1. Nhập ngày bắt đầu trước ngày kết thúc và lưu. | D62: N/A | E62: Khuyến mãi được tạo thành công. | F62: Hệ thống ghi nhận và lưu thông tin chính xác. | G62: passed | H62: 46085
A63: TC_PROM_36 | B63: Xác minh rằng không cho phép tạo khuyến mãi khi ngày bắt đầu và kết thúc trùng nhau đối với điều kiện start_date = end_date. | C63: 1. Chọn cùng một ngày và giờ cho cả hai mục. | D63: N/A | E63: Hệ thống hiển thị thông báo lỗi yêu cầu chọn khoảng thời gian hợp lệ. | F63: Báo lỗi "Ngày kết thúc phải sau ngày bắt đầu" hiển thị đúng lúc. | G63: passed | H63: 46085
A64: TC_PROM_37 | B64: Xác minh rằng không cho phép chọn ngày kết thúc trong quá khứ khi tạo mới đối với điều kiện tạo mới khuyến mãi. | C64: 1. Chọn ngày kết thúc là ngày hôm qua. | D64: N/A | E64: Hệ thống ngăn chặn hành động lưu và báo lỗi thời gian. | F64: Hệ thống vẫn cho phép lưu mã có ngày kết thúc ở quá khứ. | G64: failed | H64: 46085 | I64: passed | J64: 46177
A65: TC_PROM_38 | B65: Xác minh rằng cho phép chỉnh sửa ngày kết thúc nếu mã khuyến mãi chưa hết hạn đối với điều kiện khuyến mãi đang diễn ra. | C65: 1. Thay đổi end_date của một mã đang chạy. | D65: Mã chưa hết hạn | E65: Ngày kết thúc mới được cập nhật thành công. | F65: Cập nhật thời hạn mới vào database chính xác. | G65: passed | H65: 46085
A66: TC_PROM_39 | B66: Xác minh rằng mỗi promotion_code là duy nhất trong hệ thống khi thực hiện kiểm tra . | C66: 1. Đối chiếu toàn bộ mã code trong danh sách. | D66: N/A | E66: Không có hai mã khuyến mãi nào trùng tên code. | F66: Các mã code hiển thị đều là duy nhất. | G66: passed | H66: 46085
A67: TC_PROM_40 | B67: Xác minh rằng không thực hiện tạo được khuyến mãi nếu mã code đã tồn tại đối với điều kiện promotion_code đã có trong DB. | C67: 1. Nhập mã code trùng với mã đang có và nhấn Lưu. | D67: Code đã tồn tại | E67: Hệ thống báo lỗi mã code bị trùng lặp. | F67: Thông báo "Mã khuyến mãi đã tồn tại" hiển thị đúng quy định. | G67: passed | H67: 46085
A68: TC_PROM_41 | B68: Xác minh rằng chỉ chấp nhận các loại khuyến mãi hợp lệ (PERCENT, FIXED_AMOUNT, FREESHIP) . | C68: 1. Kiểm tra trường "Loại khuyến mãi" trên giao diện. | D68: N/A | E68: Chỉ hiển thị các lựa chọn thuộc tập hợp hợp lệ. | F68: Các loại mã hiển thị đúng theo cấu hình hệ thống. | G68: passed | H68: 46085
A69: TC_PROM_42 | B69: Xác minh rằng giá trị giảm (discount) không được vượt quá giá trị đơn hàng đối với điều kiện discount ≤ order_total. | C69: 1. Áp dụng mã giảm 100k cho đơn hàng 50k. | D69: Đơn hàng thấp hơn mã | E69: Số tiền giảm tối đa bằng giá trị đơn hàng. | F69: Hệ thống trừ hết tiền đơn nhưng không hiện số âm. | G69: passed | H69: 46085
A70: TC_PROM_43 | B70: Xác minh rằng tổng tiền sau khi giảm không được nhỏ hơn 0 . | C70: 1. Kiểm tra đơn hàng có mã giảm giá lớn. | D70: N/A | E70: Tổng tiền đơn hàng tối thiểu là 0đ. | F70: Tổng tiền hiển thị chính xác, không bị âm. | G70: passed | H70: 46085
A71: TC_PROM_44 | B71: Xác minh rằng mã chỉ có hiệu lực khi đơn hàng đạt giá trị tối thiểu đối với điều kiện order_total ≥ min_order_value. | C71: 1. Áp dụng mã cho đơn hàng chưa đủ giá trị tối thiểu. | D71: Đơn < min_value | E71: Hệ thống báo lỗi đơn hàng không đủ điều kiện áp dụng. | F71: Thông báo "Đơn hàng chưa đạt giá trị tối thiểu" hiển thị đúng. | G71: passed | H71: 46085
A72: TC_PROM_45 | B72: Xác minh rằng usage_count (số lần dùng) tăng lên 1 khi người dùng áp dụng mã thành công đối với điều kiện đơn hàng hoàn tất. | C72: 1. Thực hiện đặt đơn có dùng mã. | D72: Áp dụng thành công | E72: usage_count trong Card tăng thêm 1 đơn vị. | F72: Số lượt dùng được cập nhật ngay lập tức sau khi đặt đơn. | G72: passed | H72: 46085
A73: TC_PROM_46 | B73: Xác minh rằng usage_count không thay đổi khi áp dụng mã thất bại hoặc hủy đơn . | C73: 1. Áp dụng mã nhưng không đặt hàng. | D73: Áp dụng thất bại | E73: usage_count giữ nguyên giá trị cũ. | F73: Số lượt dùng không bị thay đổi ảo. | G73: passed | H73: 46085
A74: TC_PROM_47 | B74: Xác minh rằng không thực hiện cho phép dùng mã khi đã vượt quá giới hạn số lượng đối với điều kiện usage_count > usage_limit. | C74: 1. Áp dụng mã đã hết lượt sử dụng. | D74: Đã hết lượt | E74: Hệ thống báo lỗi mã đã hết lượt dùng. | F74: Mã vẫn cho phép áp dụng dù lượt dùng đã đạt giới hạn. | G74: failed | H74: 46085 | I74: passed | J74: 46177
A75: TC_PROM_48 | B75: Xác minh rằng không giới hạn số lần sử dụng khi giá trị usage_limit được thiết lập là null . | C75: 1. Kiểm tra mã có giới hạn dùng là N/A hoặc vô hạn. | D75: usage_limit = null | E75: Người dùng có thể dùng mã không giới hạn số lần. | F75: Mã cho phép áp dụng liên tục không bị chặn. | G75: passed | H75: 46085
A76: TC_PROM_49 | B76: Xác minh rằng không cho phép xóa khuyến mãi đã được áp dụng vào đơn hàng đối với điều kiện mã đã có lịch sử dùng. | C76: 1. Nhấn nút Xóa trên mã đã có lượt dùng > 0. | D76: Đã áp dụng vào đơn | E76: Hệ thống báo lỗi không thể xóa mã này. | F76: Hệ thống ngăn chặn việc xóa mã để bảo vệ lịch sử đơn hàng. | G76: passed | H76: 46085
A77: TC_PROM_50 | B77: Xác minh rằng không cho phép xóa mã đang ở trạng thái "Đang diễn ra" đối với điều kiện mã đang hoạt động. | C77: 1. Nhấn nút Xóa trên mã đang diễn ra. | D77: Mã đang diễn ra | E77: Yêu cầu phải tạm dừng hoặc kết thúc trước khi xóa. | F77: Nút Xóa bị vô hiệu hóa hoặc có thông báo chặn. | G77: passed | H77: 46085
A78: TC_PROM_51 | B78: Xác minh rằng thực hiện cập nhật lại dữ liệu ngay lập tức sau khi nhấn Tạm dừng . | C78: 1. Nhấn nút Tạm dừng một mã đang chạy. | D78: N/A | E78: Trạng thái chuyển sang "Tạm dừng" và mã không dùng được nữa. | F78: Giao diện cập nhật trạng thái mới ngay sau thao tác. | G78: passed | H78: 46085
A79: POPUP THÊM KHUYẾN MÃI
A80: TC_PROM_52 | B80: Xác minh rằng thực hiện tạo thành công và lưu vào hệ thống khi nhập dữ liệu hợp lệ đối với điều kiện đầy đủ thông tin. | C80: 1. Nhập đầy đủ thông tin hợp lệ và nhấn "Lưu". | D80: N/A | E80: Khuyến mãi mới xuất hiện trong danh sách và lưu vào DB. | F80: Khuyến mãi mới được tạo thành công và hiển thị ngay. | G80: passed | H80: 46085
A81: TC_PROM_53 | B81: Xác minh rằng không thực hiện tạo khi thiếu dữ liệu bắt buộc (code, type, value, thời gian) đối với điều kiện để trống trường bắt buộc. | C81: 1. Để trống trường "Mã khuyến mãi" và nhấn Lưu. | D81: N/A | E81: Hệ thống báo lỗi và yêu cầu nhập đầy đủ thông tin. | F81: Thông báo lỗi "Vui lòng không để trống" hiển thị đúng. | G81: passed | H81: 46085
A82: TC_PROM_54 | B82: Xác minh rằng không thực hiện tạo khi giá trị khuyến mãi không hợp lệ theo loại (PERCENT > 100 hoặc FIXED ≤ 0) . | C82: 1. Nhập giá trị 150 cho loại PERCENT. | D82: Loại PERCENT | E82: Hệ thống báo lỗi giá trị không hợp lệ. | F82: Hệ thống vẫn cho phép lưu mã PERCENT với giá trị 150%. | G82: failed | H82: 46085 | I82: passed | J82: 46177
A83: TC_PROM_55 | B83: Xác minh rằng không thực hiện tạo khuyến mãi đã hết hạn ngay từ lúc tạo đối với điều kiện end_date < NOW. | C83: 1. Chọn ngày kết thúc là một ngày trong quá khứ. | D83: N/A | E83: Hệ thống ngăn chặn và báo lỗi thời gian không hợp lệ. | F83: Báo lỗi thời gian kết thúc không được nhỏ hơn hiện tại. | G83: passed | H83: 46085
A84: TC_PROM_56 | B84: Xác minh rằng thực hiện thiết lập không giới hạn lượt dùng khi usage_limit để trống hoặc null . | C84: 1. Để trống trường giới hạn lượt dùng và lưu. | D84: N/A | E84: Mã khuyến mãi có thể sử dụng vô hạn lần. | F84: Hệ thống mặc định hiểu là không giới hạn lượt dùng. | G84: passed | H84: 46085
A85: TC_PROM_57 | B85: Xác minh rằng thực hiện cập nhật thành công khi mã khuyến mãi tồn tại và dữ liệu hợp lệ . | C85: 1. Thay đổi tên khuyến mãi và nhấn Cập nhật. | D85: Khuyến mãi tồn tại | E85: Dữ liệu mới được ghi đè và hiển thị chính xác. | F85: Thông tin tên mới được cập nhật ngay lập tức. | G85: passed | H85: 46085
A86: TC_PROM_58 | B86: Xác minh rằng không thực hiện cập nhật nếu mã khuyến mãi không còn tồn tại trong hệ thống đối với điều kiện mã bị xóa bởi người khác. | C86: 1. Nhấn cập nhật một mã vừa bị xóa ở tab khác. | D86: Khuyến mãi không tồn tại | E86: Hệ thống báo lỗi "Khuyến mãi không tồn tại". | F86: Báo lỗi chính xác khi dữ liệu nguồn đã bị mất. | G86: passed | H86: 46085
A87: TC_PROM_59 | B87: Xác minh rằng thực hiện giữ tính duy nhất cho promotion_code (không trùng mã khác) khi cập nhật . | C87: 1. Đổi mã code thành một mã đã tồn tại khác. | D87: N/A | E87: Hệ thống ngăn chặn và báo trùng mã code. | F87: Thông báo trùng mã hiển thị, không cho phép lưu trùng. | G87: passed | H87: 46085
A88: TC_PROM_60 | B88: Xác minh rằng thực hiện giữ nguyên usage_count (lượt đã dùng) sau khi update thông tin đối với điều kiện mã đã có lượt dùng. | C88: 1. Cập nhật ngày kết thúc của mã đã dùng 10 lần. | D88: usage_count > 0 | E88: usage_count vẫn giữ nguyên là 10 sau khi lưu. | F88: Số lượt đã dùng không bị reset về 0 sau khi cập nhật. | G88: passed | H88: 46085
A89: TC_PROM_61 | B89: Xác minh rằng thực hiện xóa thành công khi khuyến mãi tồn tại và chưa được sử dụng đối với điều kiện usage_count = 0. | C89: 1. Chọn xóa một mã mới tạo chưa ai dùng. | D89: Chưa được sử dụng | E89: Khuyến mãi biến mất khỏi danh sách và database. | F89: Mã bị xóa sạch khỏi hệ thống thành công. | G89: passed | H89: 46085
A90: TC_PROM_62 | B90: Xác minh rằng không thực hiện xóa nếu khuyến mãi đã được áp dụng vào đơn hàng đối với điều kiện usage_count > 0. | C90: 1. Nhấn xóa mã đã có khách hàng sử dụng. | D90: Đã áp dụng đơn hàng | E90: Hệ thống báo lỗi và không cho phép xóa để giữ lịch sử. | F90: Hệ thống vẫn cho phép xóa mã dù đã có người sử dụng. | G90: failed | H90: 46085 | I90: passed | J90: 46177
A91: TC_PROM_63 | B91: Xác minh rằng thực hiện xóa khuyến mãi đang ở trạng thái tạm dừng đối với điều kiện khuyến mãi chưa có đơn. | C91: 1. Nhấn xóa mã đang tạm dừng. | D91: Chưa có đơn | E91: Mã được xóa thành công. | F91: Thao tác xóa hoạt động đúng với mã tạm dừng. | G91: passed | H91: 46085
A92: TC_PROM_64 | B92: Xác minh rằng không thực hiện tạo hoặc cập nhật trùng promotion_code khi nhiều người thao tác cùng lúc . | C92: 1. Giả lập 2 admin cùng nhấn lưu 1 mã code. | D92: Race condition | E92: Chỉ 1 người thành công, người kia báo lỗi trùng. | F92: Hệ thống xử lý đồng bộ tốt, không bị trùng mã. | G92: passed | H92: 46085
A93: TC_PROM_65 | B93: Xác minh rằng thực hiện bảo đảm tính nhất quán giữa khuyến mãi và các đơn đã sử dụng . | C93: 1. Kiểm tra mối quan hệ dữ liệu trong DB. | D93: N/A | E93: Không xảy ra lỗi ràng buộc dữ liệu (Foreign Key). | F93: Ràng buộc dữ liệu được duy trì chặt chẽ. | G93: passed | H93: 46085
