Workbook

Sheet Trường hợp kiểm thử
A1: ĐẠI HỌC DUY TÂN
A2: KHOA CÔNG NGHỆ THÔNG TIN
A3: NGÀNH: CÔNG NGHỆ PHẦN MỀM
C6: TEST CASE SYSTEM SPRINT 3
C8: Tên dự án | D8: XÂY DỰNG HỆ THỐNG DISHNET - NỀN TẢNG MẠNG XÃ HỘI KINH DOANH ẨM THỰC
C9: STT | D9: Chức năng | E9: Sheet Name | F9: Số Testcase
C10: 1 | D10: Tương tác người dùng | E10: =HYPERLINK("#'" & D10 & "'!A1", "Tương tác người dùng") -> Tương tác người dùng | F10: ='Tương tác người dùng'!F5 -> 34
C11: 2 | D11: Bảng xếp hạng | E11: =HYPERLINK("#'" & D11 & "'!A1", "Bảng xếp hạng") -> Bảng xếp hạng | F11: ='Bảng xếp hạng'!F6 -> 54
C12: 3 | D12: Trò chuyện | E12: =HYPERLINK("#'" & D12 & "'!A1", "Trò chuyện") -> Trò chuyện | F12: ='Trò chuyện'!F5 -> 39
C13: 4 | D13: Gửi yêu cầu hỗ trợ | E13: =HYPERLINK("#'" & D13 & "'!A1", "Gửi yêu cầu hỗ trợ") -> Gửi yêu cầu hỗ trợ | F13: ='Gửi yêu cầu hỗ trợ'!F5 -> 44
C14: 5 | D14: Kiếm tiền từ nội dung | E14: =HYPERLINK("#'" & D14 & "'!A1", "Kiếm tiền từ nội dung") -> Kiếm tiền từ nội dung | F14: ='Kiếm tiền từ nội dung'!F5 -> 41
C15: 6 | D15: Đăng ký mở cửa hàng | E15: =HYPERLINK("#'" & D15 & "'!A1", "Đăng ký mở cửa hàng") -> Đăng ký mở cửa hàng | F15: ='Đăng ký mở cửa hàng'!F5 -> 65
C16: 7 | D16: Giỏ hàng | E16: =HYPERLINK("#'" & D16 & "'!A1", "Giỏ hàng") -> Giỏ hàng | F16: ='Giỏ hàng'!F6 -> 59
C17: 8 | D17: Thanh toán | E17: =HYPERLINK("#'" & D17 & "'!A1", "Thanh toán") -> Thanh toán | F17: ='Thanh toán'!F6 -> 69
C18: 9 | D18: Đơn hàng của tôi | E18: =HYPERLINK("#'" & D18 & "'!A1", "Đơn hàng của tôi") -> Đơn hàng của tôi | F18: ='Đơn hàng của tôi'!F6 -> 55
C19: 10 | D19: Đánh giá đơn hàng | E19: =HYPERLINK("#'" & D19 & "'!A1", "Đánh giá đơn hàng") -> Đánh giá đơn hàng | F19: ='Đánh giá đơn hàng'!F6 -> 48
C20: Tổng số testcase của sprint 3 | F20: =SUM(F10:F19) -> 508

Sheet Tương tác người dùng
A1: Project Name | B1: XÂY DỰNG HỆ THỐNG DISHNET - NỀN TẢNG MẠNG XÃ HỘI KINH DOANH ẨM THỰC
A2: Module Code | B2: Tương tác người dùng
A3: Người kiểm tra | B3: Phạm Đình Vân Ly
B4: Hoàn thành | C4: Lỗi | D4: Chưa kiểm tra | E4: Bị chăn | F4: Tổng số trường hợp thử nghiệm
A5: Round 1 | B5: =COUNTIF(G22:G991,"passed") -> 32 | C5: =COUNTIF(G22:G991,"failed") -> 2 | D5: =COUNTIF(G22:G991,"untest") -> 0 | E5: =COUNTIF(G22:G991,"blocked") -> 0 | F5: =COUNTIF(A18:A987, "*TT*") -> 34
A6: Round 2 | B6: =COUNTIF(I22:I992,"passed") -> 2 | C6: =COUNTIF(I22:I991,"failed") -> 0 | D6: =COUNTIF(G22:G991,"untest") -> 0 | E6: =COUNTIF(G22:G991,"blocked") -> 0 | F6: =COUNTIF(A19:A988, "*TT*") -> 34
A18: Test Case ID | B18: Mô tả | C18: Hành động | D18: Điều kiện tiên quyết | E18: Kết quả mong đợi | F18: Kết quả thực tế | G18: Kết quả | I18: Kết quả | K18: Chú thích
G19: Vòng 1 | I19: Vòng 2
G20: Trạng thái | H20: Ngày kiểm tra | I20: Trạng thái | J20: Ngày kiểm tra
A21: GUI
A22: GUI_TT_01 | B22: Xác nhận hiển thị nút “Theo dõi” | C22: 1. Truy cập trang cá nhân user khác | D22: Chưa follow user | E22: Hiển thị nút “Theo dõi” rõ ràng, đúng vị trí | F22: Nút “Theo dõi” hiển thị đúng vị trí, rõ ràng khi truy cập trang cá nhân user khác | G22: passed | H22: 46143
A23: GUI_TT_02 | B23: Xác nhận hiển thị nút “Nhắn tin” | C23: 1. Truy cập trang cá nhân | D23: User tồn tại | E23: Hiển thị nút “Nhắn tin” đúng UI | F23: Nút “Nhắn tin” hiển thị đúng UI khi user tồn tại | G23: passed | H23: 46143
A24: GUI_TT_03 | B24: Xác nhận hiển thị menu “…” | C24: 1. Quan sát icon | D24: Trang load | E24: Hiển thị icon menu ba chấm | F24: Icon menu ba chấm hiển thị đúng sau khi trang load | G24: passed | H24: 46143
A25: GUI_TT_04 | B25: Xác nhận layout các nút tương tác | C25: 1. Quan sát toàn bộ khu vực | D25: Trang load | E25: Các nút hiển thị đúng vị trí, không lệch | F25: Các nút tương tác hiển thị đúng layout, không bị lệch | G25: passed | H25: 46143
A26: GUI_TT_05 | B26: Xác nhận responsive UI | C26: 1. Resize màn hình | D26: Trang đang mở | E26: Các nút không bị vỡ layout | F26: UI responsive tốt, không bị vỡ layout khi resize màn hình | G26: passed | H26: 46143
A27: FUNCTION
A28: TC_TT_06 | B28: Xác nhận người dùng có thể truy cập và hiển thị đầy đủ thông tin trang cá nhân của người dùng khác | C28: 1. Click vào avatar / username | D28: Tài khoản cần truy cập tồn tại | E28: Điều hướng đúng đến trang cá nhân của người dùng khác | F28: Click vào avatar/username điều hướng đúng đến trang cá nhân của user khác, hiển thị đầy đủ thông tin | G28: passed | H28: 46143
A29: TC_TT_07 | B29: Xác nhận hiển thị đúng username khi truy cập trang cá nhân | C29: 1. Truy cập trang cá nhân user | D29: User tồn tại trong hệ thống | E29: Hiển thị username đúng với dữ liệu DB | F29: Username hiển thị đúng và khớp với dữ liệu trong DB | G29: passed | H29: 46143
A30: TC_TT_08 | B30: Xác nhận hiển thị ID tài khoản dưới username | C30: 1. Truy cập trang cá nhân | D30: Có dữ liệu ID | E30: Hiển thị ID/handle đúng định dạng | F30: ID/handle hiển thị đúng định dạng dưới username | G30: passed | H30: 46143
A31: TC_TT_09 | B31: Xác nhận hiển thị đúng số bài viết trên trang cá nhân | C31: 1. Truy cập trang cá nhân | D31: User có bài viết | E31: Hiển thị đúng số lượng bài viết | F31: Số lượng bài viết hiển thị đúng theo dữ liệu hiện có | G31: passed | H31: 46143
A32: TC_TT_10 | B32: Xác nhận hiển thị đúng số người theo dõi trên trang cá nhân | C32: 1. Truy cập trang cá nhân | D32: Có dữ liệu followers | E32: Hiển thị đúng số lượng người theo dõi | F32: Số lượng followers hiển thị chính xác | G32: passed | H32: 46143
A33: TC_TT_11 | B33: Xác nhận hiển thị số người đang theo dõi | C33: 1. Truy cập trang cá nhân | D33: Có dữ liệu following | E33: Hiển thị đúng số lượng đang theo dõi | F33: Số lượng following hiển thị chính xác | G33: passed | H33: 46143
A34: TC_TT_12 | B34: Xác nhận format hiển thị số bài viết, người theo dõi, đang theo dõi lớn (k, M) | C34: 1. Truy cập user có nhiều followers | D34: Followers > 1000 | E34: Hiển thị dạng rút gọn (1.2k, 1M), không hiển thị số thô | F34: Số lượng followers >1000 không được format rút gọn (hiển thị dạng số đầy đủ thay vì 1.2k, 1M) | G34: failed | H34: 46143 | I34: passed | J34: 46147
A35: TC_TT_13 | B35: Xác nhận hiển thị đúng khi giá trị =0 | C35: 1. Truy cập user mới | D35: Không có dữ liệu | E35: Hiển thị “0 bài viết”, “0 người theo dõi”, “0 đang theo dõi” | F35: Với user không có dữ liệu, hiển thị “0 bài viết”, “0 người theo dõi”, “0 đang theo dõi” đúng | G35: passed | H35: 46143
A36: TC_TT_14 | B36: Xác nhận cập nhật dữ liệu khi có thay đổi | C36: 1. Theo dõi/ hủy theo dõi 2. Reload trang | D36: Có thay đổi dữ liệu | E36: Số followers/following được cập nhật đúng | F36: Sau khi follow/unfollow và reload trang, số followers/following được cập nhật đúng | G36: passed | H36: 46143
A37: TC_TT_15 | B37: Xác nhận điều hướng đúng khi người dùng chưa đăng nhập mà nhấn nút "Theo dõi" | C37: 1. Truy cập vào trang cá nhân của đối phương 2. Click "Đang theo dõi" | D37: Tài khoản chưa đăng nhập | E37: Điều hướng về trang đăng nhập khi người dùng nhấn "Theo dõi" mà chưa đăng nhập | F37: Khi chưa đăng nhập và nhấn “Theo dõi”, hệ thống điều hướng đến trang đăng nhập | G37: passed | H37: 46143
A38: TC_TT_16 | B38: Xác nhận hệ thống hiển thị trạng thái đã theo dõi sau khi nhấn nút Theo dõi thành công | C38: 1. Truy cập vào trang cá nhân của đối phương 2. Click nút "Theo dõi" | D38: Tài khoản đang ở trạng thái "Chưa theo dõi" | E38: Nút chuyển thành "Đang theo dõi", số theo dõi +1 | F38: Sau khi nhấn “Theo dõi”, nút chuyển thành “Đang theo dõi”, số followers tăng +1 | G38: passed | H38: 46143
A39: TC_TT_17 | B39: Xác nhận hệ thống cập nhật trạng thái hủy theo dõi sau khi nhấn nút Hủy theo dõi | C39: 1. Truy cập vào trang cá nhân của đối phương 2. Click "Đang theo dõi" 3. Nhấn "Hủy theo dõi" | D39: Tài khoản đang ở trạng thái "Đã theo dõi" | E39: Nút chuyển về "Theo dõi", số người theo dõi -1 | F39: Sau khi nhấn “Hủy theo dõi”, nút chuyển về “Theo dõi”, số followers giảm -1 | G39: passed | H39: 46143
A40: TC_TT_18 | B40: Xác nhận hệ thống xử lý phản hồi chính xác khi nhấn nút Theo dõi liên tục nhiều lần | C40: 1. Spam click "Theo dõi" | D40: User chưa follow | E40: Không gửi request trùng, trạng thái đúng | F40: Spam click “Theo dõi” không gửi request trùng, trạng thái hiển thị đúng | G40: passed | H40: 46143
A41: TC_TT_19 | B41: Xác nhận hệ thống tự động cập nhật trạng thái "Bạn bè" khi Follow lại | C41: 1. Truy cập vào trang cá nhân của đối phương 2. Nhấn nút "Follow lại" | D41: Tài khoản B đã theo dõi tài khoản A | E41: Sau khi người dùng thực hiện Follow lại, hệ thống tự động cập nhật trạng thái từ “Đã theo dõi” sang “Bạn bè" | F41: Sau khi follow lại, trạng thái chuyển từ “Đã theo dõi” sang “Bạn bè” | G41: passed | H41: 46143
A42: TC_TT_20 | B42: Xác nhận hệ thống mở màn hình chat khi nhấn vào Nhắn tin | C42: 1. Click "Nhắn tin" | D42: Tài khoản đã đăng nhập | E42: Điều hướng tới màn hình chat đúng user | F42: Nhấn “Nhắn tin” điều hướng đúng đến màn hình chat của user | G42: passed | H42: 46143
A43: TC_TT_21 | B43: Xác nhận hiển thị menu khi nhấn nút (...) | C43: 1. Nhấn vào nút "..." trên trang cá nhân | D43: Đang ở trang cá nhân người dùng khác | E43: Hiển thị dropdown menu gồm "Báo cáo tài khoản" và "Chặn tài khoản" | F43: Nhấn menu “...” hiển thị dropdown gồm “Báo cáo tài khoản” và “Chặn tài khoản” | G43: passed | H43: 46143
A44: TC_TT_22 | B44: Xác nhận hệ thống mở form báo cáo tài khoản khi chọn "Báo cáo" | C44: 1. Nhấn menu (...) 2. Chọn "Báo cáo" từ menu | D44: Menu "..." đang hiển thị | E44: Hiển thị form báo cáo gồm ô nhập lý do và nút "Gửi" | F44: Chọn “Báo cáo” hiển thị form báo cáo gồm ô nhập lý do và nút “Gửi” | G44: passed | H44: 46143
A45: TC_TT_23 | B45: Xác nhận hệ thống gửi báo cáo thành công khi người dùng đã chọn lý do | C45: 1. Nhấn menu (...) 2. Chọn "Báo cáo" từ menu" 3. Chọn lý do 4. Nhấn "Gửi" | D45: Form báo cáo đang mở | E45: Báo cáo được gửi thành công đến hệ thống | F45: Sau khi chọn lý do và nhấn “Gửi”, báo cáo được gửi thành công | G45: passed | H45: 46143
A46: TC_TT_24 | B46: Xác nhận hệ thống mở form chặn tài khoản khi chọn "Chặn" | C46: 1. Nhấn menu (...) 2. Chọn "Chặn" từ menu" | D46: Menu "..." đang hiển thị | E46: Hiển thị popup xác nhận gồm "Xác nhận" và "Hủy" | F46: Chọn “Chặn” hiển thị popup xác nhận gồm “Xác nhận” và “Hủy” | G46: passed | H46: 46143
... A53: TC_TT_31 | B53: Xác nhận hiển thị độ uy tín khi truy cập trang cá nhân của người dùng đã đăng ký chế độ kiếm tiền | C53: 1. Truy cập trang cá nhân | D53: User đã bật chế độ kiếm tiền | E53: Hiển thị “Độ uy tín” + điểm, hiển thị đúng vị trí UI | F53: Khi user bật kiếm tiền, hiển thị “Độ uy tín” + điểm đúng vị trí | G53: passed | H53: 46143
A54: TC_TT_32 | B54: Xác nhận không hiển thị độ uy tín khi truy cập trang cá nhân của người dùng chưa đăng ký kiếm tiền | C54: 1. Truy cập trang cá nhân | D54: User chưa bật kiếm tiền | E54: Không hiển thị phần “Độ uy tín” | F54: Vẫn hiển thị phần “Độ uy tín” dù user chưa bật kiếm tiền | G54: failed | H54: 46143 | I54: passed | J54: 46147
A55: TC_TT_33 | B55: Xác nhận hiển thị đúng độ uy tín | C55: 1. Truy cập trang cá nhân | D55: Có dữ liệu hợp lệ | E55: Giá trị hiển thị dạng số thập phân, không hiển thị quá nhiều số lẻ | F55: Giá trị độ uy tín hiển thị dạng số thập phân hợp lý, không quá nhiều số lẻ | G55: passed | H55: 46143
A56: TC_TT_34 | B56: Xác nhận cập nhật độ uy tín khi có thay đổi dữ liệu | C56: 1. Thay đổi rating backend 2. Reload trang | D56: API cập nhật thành công | E56: Giá trị độ uy tín được cập nhật đúng theo dữ liệu mới | F56: Sau khi thay đổi dữ liệu backend và reload, độ uy tín được cập nhật đúng | G56: passed | H56: 46143

Sheet Bảng xếp hạng
A1: Project Name | B1: XÂY DỰNG HỆ THỐNG DISHNET - NỀN TẢNG MẠNG XÃ HỘI KINH DOANH ẨM THỰC
A2: Module Code | B2: Bảng xếp hạng
A3: Người kiểm tra | B3: Phan Thị Lệ Thi
B4: Hoàn thành | C4: Lỗi | D4: Chưa kiểm tra | E4: Bị chăn | F4: Tổng số trường hợp thử nghiệm
A5: Round 1 | B5: =COUNTIF(G27:G973,"passed") -> 54 | C5: =COUNTIF(G27:G973,"failed") -> 0 | D5: =COUNTIF(G27:G973,"untest") -> 0 | E5: =COUNTIF(G27:G973,"blocked") -> 0 | F5: =COUNTIF(A23:A969, "*RANK*") -> 54
A6: Round 2 | B6: =COUNTIF(I27:I974,"passed") -> 0 | C6: =COUNTIF(I27:I973,"failed") -> 0 | D6: =COUNTIF(G27:G973,"untest") -> 0 | E6: =COUNTIF(G27:G973,"blocked") -> 0 | F6: =COUNTIF(A24:A970, "*RANK*") -> 54
A23: Test Case ID | B23: Mô tả | C23: Hành động | D23: Điều kiện tiên quyết | E23: Kết quả mong đợi | F23: Kết quả thực tế | G23: Kết quả | I23: Kết quả | K23: Chú thích
G24: Vòng 1 | I24: Vòng 2
G25: Trạng thái | H25: Ngày kiểm tra | I25: Trạng thái | J25: Ngày kiểm tra
A26: GUI
A27: GUI_RANK_01 | B27: Kiểm tra tiêu đề "BẢNG XẾP HẠNG" | C27: 1. Truy cập trang Bảng xếp hạng 2. Quan sát tiêu đề trang | D27: N/A | E27: Tiêu đề hiển thị đúng chữ in hoa, in đậm và căn lề trái như thiết kế. | F27: Hiển thị đúng tiêu đề. | G27: passed | H27: 46143
A28: GUI_RANK_02 | B28: Kiểm tra thanh Tab điều hướng (Cửa hàng, Reviewer, Món ăn) | C28: 1. Quan sát khu vực thanh tab 2. Kiểm tra màu sắc tab đang chọn | D28: N/A | E28: Hiển thị đủ 3 tab; tab "Cửa hàng" có màu nền xanh lá (Active) khác với các tab còn lại. | F28: Hiển thị đúng thanh tab. | G28: passed | H28: 46143
A29: GUI_RANK_03 | B29: Kiểm tra ô tìm kiếm trên bảng xếp hạng | C29: 1. Quan sát ô input bên phải 2. Kiểm tra placeholder | D29: N/A | E29: Ô tìm kiếm hiển thị placeholder: "Tìm kiếm trên bảng xếp hạng". | F29: Hiển thị đúng ô tìm kiếm. | G29: passed | H29: 46143
A30: GUI_RANK_04 | B30: Kiểm tra nhóm các bộ lọc (Khu vực, Số đơn hàng, Đánh giá,...) | C30: 1. Quan sát dòng "Lọc theo" 2. Kiểm tra các dropdown list | D30: N/A | E30: Hiển thị đầy đủ 5 bộ lọc: Khu vực, Số đơn hàng, Đánh giá, Trạng thái, Tỷ lệ hủy. | F30: Hiển thị đúng bộ lọc. | G30: passed | H30: 46143
A31: GUI_RANK_05 | B31: Kiểm tra Header của bảng danh sách | C31: 1. Quan sát hàng tiêu đề bảng 2. Kiểm tra các cột | D31: N/A | E31: Hiển thị đúng các cột: Cửa hàng, Đánh giá, Số đơn hàng, Tỷ lệ hủy. | F31: Hiển thị đúng header bảng. | G31: passed | H31: 46143
A32: GUI_RANK_06 | B32: Kiểm tra hiển thị icon thứ hạng (Top 1, 2, 3) | C32: 1. Quan sát cột số thứ tự 2. Kiểm tra màu sắc các vòng tròn | D32: N/A | E32: Các hạng 1, 2, 3 được highlight màu cam/vàng để nổi bật hơn các hạng sau. | F32: Hiển thị đúng icon thứ hạng. | G32: passed | H32: 46143
A33: GUI_RANK_07 | B33: Kiểm tra hiển thị thông tin Cửa hàng (Logo, Tên) | C33: 1. Quan sát cột Cửa hàng 2. Kiểm tra hình ảnh và chữ | D33: N/A | E33: Logo cửa hàng hiển thị trong khung bo góc, tên cửa hàng hiển thị ngay bên cạnh. | F33: Hiển thị đúng thông tin shop. | G33: passed | H33: 46143
A34: GUI_RANK_08 | B34: Kiểm tra hiển thị số sao và điểm đánh giá | C34: 1. Quan sát cột Đánh giá 2. Kiểm tra icon ngôi sao | D34: N/A | E34: Hiển thị số điểm (ví dụ 4.9) kèm theo các icon ngôi sao màu vàng. | F34: Hiển thị đúng đánh giá. | G34: passed | H34: 46143
A35: GUI_RANK_09 | B35: Kiểm tra hiển thị chỉ số Tỷ lệ hủy | C35: 1. Quan sát cột Tỷ lệ hủy 2. Kiểm tra màu sắc chữ | D35: N/A | E35: Tỷ lệ % hiển thị đúng định dạng (0.00%) và có màu đỏ để gây chú ý. | F35: Hiển thị đúng tỷ lệ hủy. | G35: passed | H35: 46143
A36: GUI_RANK_10 | B36: Kiểm tra hiển thị nút "Xem" | C36: 1. Quan sát cột cuối cùng của bảng 2. Kiểm tra hình dáng nút | D36: N/A | E36: Mỗi hàng có một nút "Xem" thiết kế dạng outline, bo góc mềm mại. | F36: Hiển thị đúng nút Xem. | G36: passed | H36: 46143
A37: GUI_RANK_11 | B37: Kiểm tra font chữ và màu sắc tổng thể giao diện | C37: 1. Quan sát toàn bộ trang 2. Đối chiếu với màu thương hiệu | D37: N/A | E37: Font chữ đồng nhất, dễ đọc; màu chủ đạo xanh lá và cam được sử dụng hợp lý. | F37: GUI đồng nhất. | G37: passed | H37: 46143
A38: GUI_RANK_12 | B38: Kiểm tra hiển thị thanh Header chung của DishNet | C38: 1. Quan sát phần đầu trang 2. Kiểm tra Logo và các menu | D38: N/A | E38: Logo DishNet, ô tìm kiếm chính, menu Bảng Tin, Khám Phá,... hiển thị đúng vị trí. | F38: Header hiển thị đúng. | G38: passed | H38: 46143
A39: GUI_RANK_13 | B39: Kiểm tra hiển thị thông tin User ở góc phải | C39: 1. Quan sát khu vực tài khoản 2. Kiểm tra tên và avatar | D39: Đã đăng nhập. | E39: Hiển thị đúng tên "Người Dùng Demo" và avatar thu nhỏ. | F39: Thông tin user đúng. | G39: passed | H39: 46143
A40: FUNCTION
A41: TC_RANK_14 | B41: Xác nhận chuyển trang thành công từ Bảng xếp hạng mini tại trang chủ | C41: 1. Truy cập Trang chủ 2. Nhấn nút "Xem thêm" tại Leaderboard mini | D41: N/A | E41: Hệ thống điều hướng người dùng đến trang Bảng xếp hạng chính thức. | F41: Người dùng được chuyển hướng chính xác đến trang Bảng xếp hạng tổng thể sau khi nhấn xem thêm. | G41: passed | H41: 46143
A42: TC_RANK_15 | B42: Xác nhận truy cập trang Bảng xếp hạng từ thanh Header | C42: 1. Nhấn vào mục "Bảng xếp hạng" trên thanh Header | D42: N/A | E42: Hệ thống chuyển hướng người dùng đến trang Bảng xếp hạng thành công. | F42: Chức năng điều hướng trên thanh Header hoạt động ổn định, dẫn người dùng đến đúng trang đích. | G42: passed | H42: 46143
A43: TC_RANK_16 | B43: Xác nhận tính chính xác của vị trí Top 1 Cửa hàng | C43: 1. Kiểm tra cửa hàng đứng đầu 2. Đối chiếu công thức tính điểm tích lũy | D43: Điểm = Số sao * Số lượng bán. | E43: Cửa hàng có tổng điểm tích lũy cao nhất hệ thống phải hiển thị ở vị trí số 1. | F43: Vị trí Top 1 phản ánh đúng dữ liệu thực tế dựa trên công thức tính điểm tích lũy của hệ thống. | G43: passed | H43: 46143
A44: TC_RANK_17 | B44: Xác nhận Reviewer có độ tin cậy cao nhất đứng vị trí số 1 | C44: 1. Chuyển sang tab Reviewer 2. Kiểm tra người đứng đầu | D44: N/A | E44: Reviewer có điểm tin cậy (Trust score) cao nhất phải đứng ở vị trí đầu bảng. | F44: Hệ thống phân loại và sắp xếp đúng thứ tự Reviewer dựa trên thang điểm tin cậy của cộng đồng. | G44: passed | H44: 46143
A45: TC_RANK_18 | B45: Xác nhận tổng lượt Thích/Xem của Reviewer là tổng từ tất cả bài Post | C45: 1. Kiểm tra chỉ số Thích/Xem trên Leaderboard 2. Cộng tổng các chỉ số từ tất cả bài đăng của Reviewer đó | D45: N/A | E45: Tổng lượt Thích/Xem trên bảng xếp hạng phải bằng tổng các chỉ số cộng dồn từ toàn bộ bài viết. | F45: Chỉ số tương tác tổng hợp của Reviewer được thống kê đầy đủ và chính xác từ mọi bài đăng. | G45: passed | H45: 46143
A46: TC_RANK_19 | B46: Xác nhận tổng lượt Bình luận của Reviewer khớp với dữ liệu thực tế | C46: 1. Kiểm tra cột Bình luận 2. Đối chiếu với tổng comment thực tế trên các bài review | D46: N/A | E46: Số lượng bình luận hiển thị phải khớp với tổng số comment hiện có trên các bài của Reviewer. | F46: Hệ thống truy xuất và hiển thị đúng số lượng phản hồi từ cộng đồng cho từng Reviewer. | G46: passed | H46: 46143
A47: TC_RANK_20 | B47: Xác nhận món ăn Top Trending đứng vị trí số 1 | C47: 1. Chuyển sang tab Món ăn 2. Kiểm tra vị trí đầu tiên | D47: Chu kỳ thiết lập (Tuần/Tháng). | E47: Món ăn có tổng lượng đơn đặt thành công cao nhất trong chu kỳ phải đứng vị trí số 1. | F47: Bảng xếp hạng xu hướng (Trending) cập nhật đúng món ăn có sức mua lớn nhất trong khoảng thời gian quy định. | G47: passed | H47: 46143
A48: TC_RANK_21 | B48: Xác nhận hiển thị đúng chủ sở hữu "Food Reviewer" cho món ăn tốt nhất | C48: 1. Kiểm tra cột chủ sở hữu món ăn 2. Đối chiếu với người review món đó tốt nhất | D48: N/A | E48: Hiển thị đúng thông tin định danh của người đã có bài review xuất sắc nhất cho món ăn đó. | F48: Hệ thống xác định và hiển thị chính xác gương mặt Reviewer tiêu biểu gắn liền với món ăn đạt giải. | G48: passed | H48: 46143
A49: TC_RANK_22 | B49: Xác nhận nút "Xem" chuyển hướng đúng đến chi tiết đối tượng | C49: 1. Click nút "Xem" tại Cửa hàng/Reviewer/Món ăn | D49: N/A | E49: Hệ thống điều hướng chính xác đến trang thông tin chi tiết của đối tượng tương ứng. | F49: Chức năng chuyển hướng hoạt động mượt mà, dẫn người dùng đến đúng trang đích để xem thêm chi tiết. | G49: passed | H49: 46143
A50: TC_RANK_23 | B50: Kiểm tra tính ổn định khi click liên tục để chuyển đổi Tab | C50: 1. Click chuột liên tục giữa các Tab "Reviewer" và "Món ăn" | D50: N/A | E50: Dữ liệu hiển thị đúng tab, không bị chồng chéo hoặc load sai Schema. | F50: Giao diện và dữ liệu được làm mới chính xác, không xảy ra hiện tượng xung đột dữ liệu khi thao tác nhanh. | G50: passed | H50: 46143
A51: TC_RANK_24 | B51: Kiểm tra hiển thị khi mất kết nối mạng trong quá trình chuyển Tab | C51: 1. Ngắt kết nối mạng khi đang chuyển Tab 2. Quan sát UI | D51: Đang thực hiện load dữ liệu. | E51: Hệ thống phải hiển thị icon Loading hoặc thông báo mất kết nối tới người dùng. | F51: Người dùng nhận được phản hồi rõ ràng về tình trạng mạng, tránh việc đứng màn hình không rõ nguyên nhân. | G51: passed | H51: 46143
A52: TC_RANK_25 | B52: Xác nhận kết quả tìm kiếm hiển thị đúng với từ khóa (Search Happy Case) | C52: 1. Nhập từ khóa hợp lệ vào ô Search 2. Nhấn tìm kiếm | D52: Có dữ liệu khớp từ khóa. | E52: Hiển thị danh sách các mục có thông tin khớp hoàn toàn với từ khóa đã nhập. | F52: Chức năng tìm kiếm hoạt động chính xác, trả về kết quả liên quan mật thiết đến yêu cầu của người dùng. | G52: passed | H52: 46143
... A81: TC_RANK_54 | B81: Xác nhận số lượng "Đã bán" món ăn không tăng khi phát hiện đơn hàng ảo (Spam) | C81: 1. Thực hiện các đơn hàng ảo cho 1 món ăn 2. Kiểm tra chỉ số bán trên BXH | D81: Hệ thống phát hiện đơn hàng spam cho món ăn này. | E81: Số lượng "Đã bán" trên BXH không được phép tăng. | F81: Thuật toán bảo vệ dữ liệu hoạt động chính xác, loại bỏ các giao dịch không hợp lệ khỏi thành tích tiêu thụ của món ăn. | G81: passed | H81: 46143

Sheet Trò chuyện
A1: Project Name | B1: XÂY DỰNG HỆ THỐNG DISHNET - NỀN TẢNG MẠNG XÃ HỘI KINH DOANH ẨM THỰC
A2: Module Code | B2: Trò chuyện
A3: Người kiểm tra | B3: Phan Thị Lệ Thi
B4: Hoàn thành | C4: Lỗi | D4: Chưa kiểm tra | E4: Bị chăn | F4: Tổng số trường hợp thử nghiệm
A5: Round 1 | B5: =COUNTIF(G27:G1013,"passed") -> 38 | C5: =COUNTIF(G27:G1013,"failed") -> 1 | D5: =COUNTIF(G27:G1013,"untest") -> 0 | E5: =COUNTIF(G27:G1013,"blocked") -> 0 | F5: =COUNTIF(A23:A971, "*MSG*") -> 39
A6: Round 2 | B6: =COUNTIF(I27:I1014,"passed") -> 1 | C6: =COUNTIF(I27:I1013,"failed") -> 0 | D6: =COUNTIF(G27:G1013,"untest") -> 0 | E6: =COUNTIF(G27:G1013,"blocked") -> 0 | F6: =COUNTIF(A24:A972, "*MSG*") -> 39
A23: Test Case ID | B23: Mô tả | C23: Hành động | D23: Điều kiện tiên quyết | E23: Kết quả mong đợi | F23: Kết quả thực tế | G23: Kết quả | I23: Kết quả | K23: Chú thích
G24: Vòng 1 | I24: Vòng 2
G25: Trạng thái | H25: Ngày kiểm tra | I25: Trạng thái | J25: Ngày kiểm tra
A26: GUI
A27: GUI_MSG_01 | B27: Xác nhận hiển thị tin nhắn bên gửi và bên nhận đúng vị trí | C27: 1. Quan sát đoạn chat | D27: Có dữ liệu tin nhắn | E27: Tin nhắn người gửi hiển thị bên phải (màu khác), người nhận bên trái | F27: Hiển thị tin nhắn đúng vị trí giữa người gửi và người nhận | G27: passed | H27: 46143
A28: GUI_MSG_02 | B28: Xác nhận hiển thị nội dung tin nhắn | C28: 1. Quan sát nội dung chat | D28: Có tin nhắn | E28: Nội dung hiển thị đầy đủ, không bị cắt | F28: Nội dung tin nhắn hiển thị đầy đủ, không bị cắt | G28: passed | H28: 46143
A29: GUI_MSG_03 | B29: Xác nhận hiển thị thời gian gửi tin nhắn | C29: 1. Quan sát timestamp | D29: Có tin nhắn | E29: Thời gian hiển thị đúng định dạng | F29: Thời gian hiển thị đúng định dạng | G29: passed | H29: 46143
A30: GUI_MSG_04 | B30: Xác nhận hiển thị avatar user trong chat | C30: 1. Quan sát UI | D30: Có dữ liệu user | E30: Avatar hiển thị đúng, không bị vỡ | F30: Avatar người dùng hiển thị đúng, không bị lỗi | G30: passed | H30: 46144
A31: GUI_MSG_05 | B31: Xác nhận hiển thị ô nhập tin nhắn | C31: 1. Quan sát thanh nhập dưới cùng | D31: Mở khung chat | E31: Hiển thị input với placeholder "Gửi tin nhắn..." | F31: Ô nhập tin nhắn hiển thị đúng placeholder | G31: passed | H31: 46143
A32: GUI_MSG_06 | B32: Xác nhận hiển thị nút gửi tin nhắn | C32: 1. Quan sát icon gửi | D32: Mở khung chat | E32: Hiển thị nút gửi (icon mũi tên) rõ ràng | F32: Nút gửi tin nhắn hiển thị rõ ràng, hoạt động bình thường | G32: passed | H32: 46143
A33: GUI_MSG_07 | B33: Xác nhận giao diện rỗng khi chưa có tin nhắn | C33: 1. Chọn user chưa có tin nhắn | D33: Có user chưa chat | E33: Hiển thị trạng thái "Chưa có tin nhắn" | F33: Hiển thị trạng thái "Chưa có tin nhắn" khi chưa có chat | G33: passed | H33: 46143
A34: GUI_MSG_08 | B34: Xác nhận hiển thị preview tin nhắn ở sidebar | C34: 1. Quan sát danh sách bên trái | D34: Có dữ liệu | E34: Hiển thị nội dung tin nhắn gần nhất dạng rút gọn | F34: Preview tin nhắn hiển thị đúng ở sidebar | G34: passed | H34: 46143
A35: GUI_MSG_09 | B35: Xác nhận layout tổng thể | C35: 1. Quan sát toàn trang | D35: Trang load thành công | E35: Giao diện chia 2 cột rõ ràng, không lệch | F35: Layout giao diện rõ ràng, không bị lệch | G35: passed | H35: 46143
A36: GUI_MSG_10 | B36: Xác nhận responsive | C36: 1. Resize trình duyệt | D36: Trang đang mở | E36: UI không vỡ layout, vẫn hiển thị đầy đủ | F36: Giao diện responsive tốt trên các kích thước màn hình | G36: passed | H36: 46143
A37: GUI_MSG_11 | B37: Xác nhận scroll trong khung chat | C37: 1. Scroll khung chat | D37: Có nhiều tin nhắn | E37: Có thanh scroll, cuộn mượt, không lỗi | F37: Scroll trong khung chat hoạt động mượt | G37: passed | H37: 46143
A38: GUI_MSG_12 | B38: Xác nhận hiển thị icon chức năng sidebar | C38: 1. Quan sát thanh icon trái | D38: Trang mở | E38: Hiển thị icon (home, chat, thông báo...) đúng vị trí | F38: Các icon chức năng hiển thị đúng vị trí | G38: passed | H38: 46143
A39: GUI_MSG_13 | B39: Xác nhận hiển thị thông tin người dùng góc phải | C39: 1. Quan sát góc phải | D39: Đã đăng nhập | E39: Hiển thị avatar + tên người dùng | F39: Thông tin người dùng (avatar + tên) hiển thị đúng | G39: passed | H39: 46143
A40: FUNCTION
A41: TC_MSG_14 | B41: Xác nhận hiển thị đúng danh sách cuộc trò chuyện khi truy cập trang tin nhắn | C41: 1. Đăng nhập hệ thống 2. Truy cập trang “Tin nhắn” | D41: User đã có danh sách chat | E41: Hiển thị danh sách chat bên trái gồm avatar, tên, tin nhắn gần nhất, thời gian | F41: Danh sách cuộc trò chuyện hiển thị đầy đủ avatar, tên, tin nhắn gần nhất, thời gian | G41: passed | H41: 46143
A42: TC_MSG_15 | B42: Xác nhận hiển thị đúng cuộc trò chuyện khi click vào 1 user | C42: 1. Click vào 1 cuộc trò chuyện | D42: Có dữ liệu chat | E42: Nội dung chat hiển thị bên phải đúng user được chọn | F42: Click vào cuộc trò chuyện hiển thị đúng nội dung | G42: passed | H42: 46143
A43: TC_MSG_16 | B43: Xác nhận highlight cuộc trò chuyện đang được chọn | C43: 1. Click vào 1 user bất kỳ | D43: Có danh sách chat | E43: Item được chọn có background khác biệt | F43: Cuộc trò chuyện được chọn có highlight rõ ràng | G43: passed | H43: 46143
A44: TC_MSG_17 | B44: Xác nhận hiển thị thời gian gửi tin nhắn | C44: 1. Quan sát tin nhắn | D44: Có tin nhắn | E44: Hiển thị timestamp đúng định dạng (hh:mm) | F44: Timestamp hiển thị đúng định dạng (hh:mm) | G44: passed | H44: 46143
A45: TC_MSG_18 | B45: Xác nhận hiển thị trạng thái “đang hoạt động” của user | C45: 1. Mở cuộc trò chuyện | D45: User đang online | E45: Hiển thị text “Đang hoạt động gần đây” | F45: Hiển thị trạng thái “Đang hoạt động gần đây” đúng | G45: passed | H45: 46143
A46: TC_MSG_19 | B46: Xác nhận hệ thống hiển thị đúng nội dung đã nhập nội dung vào ô chat | C46: 1. Click vào input 2. Nhập text | D46: Input active | E46: Nội dung hiển thị đúng trong ô nhập | F46: Nội dung tin nhắn hiển thị đúng trong ô input | G46: passed | H46: 46143
A47: TC_MSG_20 | B47: Xác nhận hệ thống gửi tin nhắn khi click icon gửi | C47: 1. Nhập nội dung 2. Click nút gửi | D47: Có nội dung | E47: Tin nhắn được gửi và hiển thị ngay | F47: Tin nhắn được gửi và hiển thị ngay sau khi click nút gửi | G47: passed | H47: 46143
A48: TC_MSG_21 | B48: Xác nhận hệ thống gửi tin nhắn khi nhấn Enter | C48: 1. Nhập nội dung 2. Nhấn Enter | D48: Có nội dung | E48: Tin nhắn được gửi và hiển thị ngay | F48: Nhấn Enter không gửi được tin nhắn, nút gửi bị ẩn sau khi Enter | G48: failed | H48: 46143 | I48: passed | J48: 46147
A49: TC_MSG_22 | B49: Xác nhận hệ thống không gửi tin nhắn khi ô input rỗng | C49: 1. Không nhập nội dung 2. Click gửi | D49: Input rỗng | E49: Không gửi tin nhắn, có thể disable button hoặc không phản hồi | F49: Không gửi tin nhắn khi input rỗng | G49: passed | H49: 46143
A50: TC_MSG_23 | B50: Xác nhận hiển thị lỗi khi gửi tin nhắn thất bại | C50: 1. Ngắt mạng 2. Gửi tin nhắn | D50: Mất kết nối | E50: Hiển thị thông báo lỗi, tin nhắn không được gửi | F50: Hiển thị thông báo lỗi khi gửi tin nhắn thất bại | G50: passed | H50: 46143
A51: TC_MSG_24 | B51: Xác nhận tự động cuộn xuống tin nhắn mới | C51: 1. Gửi/nhận tin nhắn mới | D51: Có tin nhắn mới | E51: Màn hình tự cuộn xuống cuối | F51: Màn hình tự động cuộn xuống khi có tin nhắn mới | G51: passed | H51: 46143
A52: TC_MSG_25 | B52: Xác nhận hiển thị danh sách chat khi không có tin nhắn | C52: 1. Truy cập user chưa có chat | D52: Không có dữ liệu | E52: Hiển thị “Chưa có tin nhắn” hoặc danh sách rỗng | F52: Khi không có dữ liệu danh sách rỗng | G52: passed | H52: 46143
A53: TC_MSG_26 | B53: Xác nhận hiển thị đúng tin nhắn trước trong danh sách | C53: 1. Quan sát sidebar | D53: Có tin nhắn | E53: Hiển thị nội dung rút gọn tin nhắn gần nhất | F53: Hiển thị đúng nội dung tin nhắn gần nhất trong danh sách | G53: passed | H53: 46143
A54: TC_MSG_27 | B54: Xác nhận hiển thị thời gian trong danh sách chat | C54: 1. Quan sát sidebar | D54: Có dữ liệu | E54: Hiển thị đúng thời gian tin nhắn cuối | F54: Hiển thị đúng thời gian tin nhắn trong danh sách chat | G54: passed | H54: 46143
A55: TC_MSG_28 | B55: Xác nhận nhận tin nhắn realtime từ user khác | C55: 1. User B gửi tin 2. User A đang mở chat | D55: Có kết nối socket | E55: Tin nhắn hiển thị ngay không cần reload | F55: Tin nhắn realtime hiển thị ngay không cần reload | G55: passed | H55: 46143
A56: TC_MSG_29 | B56: Xác nhận hệ thống lưu tin nhắn vào database | C56: 1. Gửi tin nhắn | D56: DB hoạt động | E56: Tin nhắn được lưu với đầy đủ: sender_id, receiver_id, content, timestamp | F56: Tin nhắn được lưu đầy đủ vào database | G56: passed | H56: 46143
A57: TC_MSG_30 | B57: Xác nhận lấy danh sách cuộc trò chuyện | C57: 1. Truy cập trang chat | D57: User có dữ liệu | E57: API trả về danh sách conversation đúng | F57: API trả về danh sách cuộc trò chuyện đúng | G57: passed | H57: 46143
A58: TC_MSG_31 | B58: Xác nhận lấy nội dung chi tiết cuộc trò chuyện | C58: 1. Click vào 1 chat | D58: Có conversation | E58: API trả về list message theo đúng thứ tự thời gian | F58: API trả về nội dung chat đúng thứ tự thời gian | G58: passed | H58: 46143
A59: TC_MSG_32 | B59: Xác nhận phân biệt tin nhắn gửi và nhận | C59: 1. Load chat | D59: Có dữ liệu | E59: Backend trả đúng sender_id → FE hiển thị đúng trái/phải | F59: Hiển thị đúng tin nhắn gửi/nhận theo sender_id | G59: passed | H59: 46143
A60: TC_MSG_33 | B60: Xác nhận hệ thống cập nhật trạng thái “đã xem” | C60: 1. User mở chat | D60: Có tin chưa đọc | E60: Backend update seen = true | F60: Trạng thái “đã xem” được cập nhật đúng | G60: passed | H60: 46143
... A66: TC_MSG_39 | B66: Xác nhận dữ liệu tin nhắn vẫn hiển thị đúng khi refresh trang | C66: 1. Reload trang | D66: Có dữ liệu | E66: Tin nhắn hiển thị đúng như trước | F66: Tin nhắn dđược load lại sau khi refesh trang và không thay đổi | G66: passed | H66: 46143

Sheet Gửi yêu cầu hỗ trợ
A1: Project Name | B1: XÂY DỰNG HỆ THỐNG DISHNET - NỀN TẢNG MẠNG XÃ HỘI KINH DOANH ẨM THỰC
A2: Module Code | B2: Gửi yêu cầu hỗ trợ
A3: Người kiểm tra | B3: Huỳnh Thị Vy
B4: Hoàn thành | C4: Lỗi | D4: Chưa kiểm tra | E4: Bị chăn | F4: Tổng số trường hợp thử nghiệm
A5: Round 1 | B5: =COUNTIF(G26:G1027,"passed") -> 42 | C5: =COUNTIF(G26:G1027,"failed") -> 2 | D5: =COUNTIF(G26:G1027,"untest") -> 0 | E5: =COUNTIF(G26:G1027,"blocked") -> 0 | F5: =COUNTIF(A22:A1023, "*SP*") -> 44
A6: Round 2 | B6: =COUNTIF(I26:I1028,"passed") -> 2 | C6: =COUNTIF(I26:I1027,"failed") -> 0 | D6: =COUNTIF(G26:G1027,"untest") -> 0 | E6: =COUNTIF(G26:G1027,"blocked") -> 0 | F6: =COUNTIF(A23:A1024, "*SP*") -> 44
A22: Test Case ID | B22: Mô tả | C22: Hành động | D22: Điều kiện tiên quyết | E22: Kết quả mong đợi | F22: Kết quả thực tế | G22: Kết quả | I22: Kết quả | K22: Chú thích
G23: Vòng 1 | I23: Vòng 2
G24: Trạng thái | H24: Ngày kiểm tra | I24: Trạng thái | J24: Ngày kiểm tra
A25: GUI
A26: GUI_SP_01 | B26: Kiểm tra hiển thị tổng thể trang Trợ giúp | C26: 1. Người dùng đã đăng nhập 2. Truy cập trang gửi yêu cầu hỗ trợ | D26: Đã đăng nhập | E26: Hiển thị trang trợ giúp và hỗ trợ, khung "Liên hệ hỗ trợ". | F26: Hiển thị đúng trang “Trợ giúp & hỗ trợ”, có đầy đủ khung “Liên hệ hỗ trợ” như thiết kế | G26: passed | H26: 46143
A27: GUI_SP_02 | B27: Kiểm tra khung Liên hệ hỗ trợ bên phải | C27: Màn hình hiển thị đầy đủ các thành phần bên phải. | D27: Truy cập trang gửi yêu cầu hỗ trợ | E27: Hiển thị nút "Gửi yêu cầu" màu xanh dương có mũi tên trắng và số hotline "0123 456 789" kèm icon điện thoại phía dưới | F27: Khung “Liên hệ hỗ trợ” hiển thị đúng, bao gồm nút gửi yêu cầu và số hotline | G27: passed | H27: 46143
A28: GUI_SP_03 | B28: Kiểm tra nút "Gửi yêu cầu" | C28: 1. Người dùng đã đăng nhập 2. Truy cập trang gửi yêu cầu hỗ trợ 3. Click "Gửi yêu cầu" | D28: Truy cập trang gửi yêu cầu hỗ trợ | E28: Mở form gửi yêu cầu hỗ trợ | F28: Khi click “Gửi yêu cầu”, hệ thống mở form gửi yêu cầu hỗ trợ đúng | G28: passed | H28: 46143
A29: GUI_SP_04 | B29: Kiểm tra số điện thoại liên hệ | C29: 1. Người dùng đã đăng nhập 2. Truy cập trang gửi yêu cầu hỗ trợ 3. Click "Số điện thoại" | D29: Truy cập trang gửi yêu cầu hỗ trợ | E29: Hiển thị số hotline của hệ thống | F29: Hiển thị đúng số hotline của hệ thống, click vào có phản hồi | G29: passed | H29: 46143
A30: GUI_SP_05 | B30: Kiểm tra nút Danh sách yêu cầu đã gửi | C30: 1. Người dùng đã đăng nhập 2. Truy cập trang gửi yêu cầu hỗ trợ 3. Quan sát danh sách | D30: Quan sát thanh ngang phía dưới các thẻ danh mục. | E30: Hiển thị danh sách yêu cầu | F30: Danh sách yêu cầu đã gửi hiển thị đầy đủ và đúng dữ liệu. | G30: passed | H30: 46143
A31: GUI_SP_06 | B31: Xác nhận responsive UI | C31: 1. Resize màn hình | D31: Trang đang mở | E31: Các nút không bị vỡ layout | F31: UI responsive tốt, không bị vỡ layout khi resize màn hình | G31: passed | H31: 46143
A32: GUI_SP_07 | B32: Xác nhận layout tổng thể | C32: 1. Quan sát toàn trang | D32: Trang load thành công | E32: Giao diện chia 2 cột rõ ràng, không lệch | F32: Layout giao diện rõ ràng, không bị lệch | G32: passed | H32: 46143
A33: FUNCTION
A34: TC_SP_08 | B34: Xác nhận hiển thị đúng trang hỗ trợ khi thành viên truy cập | C34: 1. Truy cập mục “Trợ giúp & hỗ trợ” | D34: Người dùng đã đăng nhập | E34: Hiển thị đầy đủ, có nút “Gửi yêu cầu hỗ trợ”, "số điện thoại hỗ trợ" | F34: Trang hiển thị đầy đủ nội dung: nút gửi yêu cầu và thông tin liên hệ | G34: passed | H34: 46143
A35: TC_SP_09 | B35: Xác nhận hiển thị form khi nhấn “Gửi yêu cầu hỗ trợ” | C35: 1. Click “Gửi yêu cầu hỗ trợ” | D35: Trang hỗ trợ hiển thị | E35: Hiển thị form gồm: Chủ đề, Nội dung, Tệp đính kèm, Thông tin liên hệ | F35: Khi click “Gửi yêu cầu hỗ trợ”, form hiển thị đầy đủ các trường | G35: passed | H35: 46143
A36: TC_SP_10 | B36: Xác nhận gửi yêu cầu thành công khi nhập đầy đủ thông tin hợp lệ | C36: 1. Mở form 2. Nhập đầy đủ thông tin hợp lệ 3. Click “Gửi yêu cầu” | D36: Form hợp lệ | E36: Hiển thị thông báo “Gửi yêu cầu thành công”, yêu cầu xuất hiện trong danh sách | F36: Khi nhập đúng dữ liệu và submit, hệ thống hiển thị thông báo “Gửi yêu cầu thành công” và thêm vào danh sách | G36: passed | H36: 46143
A37: TC_SP_11 | B37: Xác nhận nút “Gửi yêu cầu” bị vô hiệu hóa khi bỏ trống tất cả trường | C37: 1. Mở form 2. Không nhập dữ liệu | D37: Form mở | E37: Nút “Gửi yêu cầu” bị disable, không thể click | F37: Khi chưa nhập dữ liệu, nút “Gửi yêu cầu” bị disable, không thể click | G37: passed | H37: 46143
A38: TC_SP_12 | B38: Xác nhận hiển thị danh sách chủ đề trong dropdown | C38: 1. Click dropdown Chủ đề | D38: Form mở | E38: Hiển thị danh sách chủ đề đầy đủ | F38: Dropdown “Chủ đề” hiển thị đầy đủ các lựa chọn | G38: passed | H38: 46143
A39: TC_SP_13 | B39: Xác nhận hiển thị lỗi khi nội dung >1000 ký tự | C39: 1. Nhập nội dung >1000 ký tự 2. Submit | D39: Form mở | E39: Hiển thị lỗi hoặc chặn nhập thêm | F39: Khi nhập >1000 ký tự, hệ thống hiển thị lỗi và không cho nhập thêm | G39: passed | H39: 46143
A40: TC_SP_14 | B40: Xác nhận chấp nhận nội dung từ 1–1000 ký tự | C40: 1. Nhập nội dung hợp lệ 2. Submit | D40: Form mở | E40: Hệ thống chấp nhận và cho phép gửi | F40: Khi nhập nội dung hợp lệ, hệ thống chấp nhận và cho phép gửi | G40: passed | H40: 46143
A41: TC_SP_15 | B41: Xác nhận hệ thống gửi yêu cầu khi không có tệp đính kèm | C41: 1. Nhập thông tin hợp lệ 2. Không upload file 3. Submit | D41: Form mở | E41: Gửi thành công | F41: Khi không đính kèm file, hệ thống vẫn gửi yêu cầu thành công | G41: passed | H41: 46143
A42: TC_SP_16 | B42: Xác nhận hiển thị lỗi khi file >4MB | C42: 1. Upload file >4MB | D42: Form mở | E42: Hiển thị lỗi “Vượt quá dung lượng cho phép” | F42: Hệ thống thông báo "Vượt quá dung lượng cho phép nhưng ảnh vẫn được upload lên | G42: failed | H42: 46143 | I42: passed | J42: 46147
A43: TC_SP_17 | B43: Xác nhận hiển thị lỗi khi file sai định dạng | C43: 1. Upload file không hợp lệ | D43: Form mở | E43: Hiển thị lỗi “Tệp không nằm trong danh sách cho phép” | F43: Khi upload file sai định dạng, hệ thống hiển thị lỗi đúng | G43: passed | H43: 46143
A44: TC_SP_18 | B44: Xác nhận hiển thị lỗi khi số điện thoại <10 số | C44: 1. Nhập số <10 số | D44: Form mở | E44: Hiển thị lỗi "Số điện thoại không hợp lệ" | F44: Khi nhập số điện thoại <10 số, hệ thống hiển thị lỗi “Số điện thoại không hợp lệ” | G44: passed | H44: 46143
A45: TC_SP_19 | B45: Xác nhận hiển thị lỗi khi số điện thoại >10 số | C45: 1. Nhập số >10 số | D45: Form mở | E45: Hiển thị lỗi "Số điện thoại không hợp lệ" | F45: Khi nhập số điện thoại >10 số, hệ thống hiển thị lỗi “Số điện thoại không hợp lệ” | G45: passed | H45: 46143
A46: TC_SP_20 | B46: Xác nhận chấp nhận số điện thoại =10 số | C46: 1. Nhập đúng 10 số | D46: Form mở | E46: Hệ thống chấp nhận | F46: Khi nhập đúng 10 số, hệ thống chấp nhận số điện thoại. | G46: passed | H46: 46143
A47: TC_SP_21 | B47: Xác nhận hiển thị lỗi khi số điện thoại không bắt đầu bằng 0 | C47: 1. Nhập số bắt đầu ≠0 | D47: Form mở | E47: Hiển thị lỗi "Số điện thoại không hợp lệ" | F47: Khi số điện thoại bắt đầu ≠ 0, hệ thống hiển thị lỗi. | G47: passed | H47: 46143
A48: TC_SP_22 | B48: Xác nhận hiển thị lỗi khi nhập ký tự chữ/ký tự đặc biệt | C48: 1. Nhập chữ/ký tự đặc biệt | D48: Form mở | E48: Hiển thị lỗi "Số điện thoại không hợp lệ" | F48: Khi nhập ký tự đặc biệt vào số điện thoại, hệ thống hiển thị lỗi | G48: passed | H48: 46143
A49: TC_SP_23 | B49: Xác nhận hệ thống không tạo duplicate khi click submit liên tục | C49: 1. Click “Gửi yêu cầu” nhiều lần | D49: Form hợp lệ | E49: Hệ thông không crash, chỉ xử lý 1 yêu cầu đầu tiên | F49: Khi click submit nhiều lần liên tiếp, hệ thống chỉ xử lý 1 request đầu tiên | G49: passed | H49: 46143
A50: TC_SP_24 | B50: Xác nhận hiển thị thông báo sau khi gửi thành công | C50: 1. Gửi thành công | D50: Form hợp lệ | E50: Hiển thị toast/message thành công | F50: Sau khi gửi thành công, hệ thống hiển thị toast message “Gửi yêu cầu thành công” | G50: passed | H50: 46143
A51: TC_SP_25 | B51: Xác nhận hiển thị yêu cầu trong danh sách sau khi gửi | C51: 1. Gửi yêu cầu 2. Xem danh sách | D51: Có dữ liệu | E51: Yêu cầu hiển thị trong “Danh sách các yêu cầu đã gửi” | F51: Yêu cầu sau khi gửi xuất hiện trong danh sách “Danh sách các yêu cầu đã gửi” | G51: passed | H51: 46143
A52: TC_SP_26 | B52: Xác nhận trạng thái mặc định của yêu cầu mới | C52: 1. Gửi yêu cầu | D52: Có dữ liệu | E52: Trạng thái = “Chưa phản hồi” | F52: Trạng thái mặc định của yêu cầu mới là “Chưa phản hồi" | G52: passed | H52: 46143
A53: TC_SP_27 | B53: Xác nhận lưu đúng thời gian gửi yêu cầu | C53: 1. Gửi yêu cầu | D53: Hệ thống hoạt động | E53: Lưu đúng timestamp theo thời gian thực | F53: Thời gian gửi yêu cầu được lưu đúng theo timestamp thực tế. | G53: passed | H53: 46143
A54: TC_SP_28 | B54: Xác nhận hiển thị yêu cầu sau khi refresh trang | C54: 1. Gửi yêu cầu 2. Refresh | D54: Có dữ liệu | E54: Yêu cầu vẫn hiển thị | F54: Sau khi refresh trang, yêu cầu vẫn hiển thị đúng | G54: passed | H54: 46143
A55: TC_SP_29 | B55: Xác nhận hiển thị lỗi khi vượt quá số lượng yêu cầu tối đa | C55: 1. Gửi >50 yêu cầu | D55: Đã đạt limit | E55: Hiển thị “Số lượng yêu cầu không được vượt quá 50” | F55: Khi vượt quá 50 yêu cầu, hệ thống hiển thị thông báo lỗi đúng | G55: passed | H55: 46143
A56: TC_SP_30 | B56: Xác nhận chuyển hướng khi gọi hỗ trợ qua số điện thoại | C56: 1. Click số điện thoại | D56: Có hiển thị số | E56: Mở chức năng gọi điện | F56: Khi click số điện thoại, không mở chức năng gọi điện | G56: failed | H56: 46143 | I56: passed | J56: 46147
A57: TC_SP_31 | B57: Xác nhận hệ thống không bị crash khi thao tác nhanh | C57: 1. Click liên tục các action | D57: Form mở | E57: Hệ thống hoạt động ổn định | F57: Khi thao tác liên tục, hệ thống vẫn hoạt động ổn định, không bị crash | G57: passed | H57: 46143
A58: TC_SP_32 | B58: Xác nhận hiển thị trạng thái “Đang xử lý” khi yêu cầu chưa được giải quyết | C58: 1. Truy cập danh sách yêu cầu đã gửi | D58: Có yêu cầu ở trạng thái đang xử lý | E58: Hiển thị đúng trạng thái “Đang xử lý” tại từng yêu cầu | F58: Hiển thị đúng trạng thái “Đang xử lý” cho yêu cầu đang xử lý | G58: passed | H58: 46143
A59: TC_SP_33 | B59: Xác nhận hiển thị trạng thái “Đã giải quyết” khi yêu cầu đã xử lý xong | C59: 1. Truy cập danh sách yêu cầu | D59: Có yêu cầu đã được xử lý | E59: Hiển thị đúng trạng thái “Đã giải quyết” | F59: Hiển thị đúng trạng thái “Đã giải quyết” cho yêu cầu đã xử lý | G59: passed | H59: 46143
A60: TC_SP_34 | B60: Xác nhận trạng thái được cập nhật real-time sau khi admin xử lý | C60: 1. Admin xử lý yêu cầu 2. User refresh trang | D60: Có yêu cầu đã được xử lý | E60: Trạng thái chuyển từ “Đang xử lý” → “Đã giải quyết” | F60: Trạng thái được cập nhật đúng sau khi admin xử lý và refresh trang | G60: passed | H60: 46143
A61: TC_SP_35 | B61: Xác nhận mỗi yêu cầu hiển thị đúng trạng thái của yêu cầu đó | C61: 1. Quan sát danh sách nhiều yêu cầu | D61: Có nhiều yêu cầu với trạng thái khác nhau | E61: Mỗi yêu cầu hiển thị đúng trạng thái tương ứng, không bị hiển thị trạng thái của yêu cầu khác | F61: Mỗi yêu cầu hiển thị đúng trạng thái riêng, không bị lẫn | G61: passed | H61: 46143
A62: TC_SP_36 | B62: Xác nhận hệ thống không hiển thị danh sách khi chưa có dữ liệu | C62: 1. Truy cập danh sách | D62: Không có yêu cầu | E62: Hiển thị rỗng | F62: Khi không có dữ liệu, danh sách hiển thị rỗng đúng | G62: passed | H62: 46143
A63: TC_SP_37 | B63: Xác nhận mở chi tiết yêu cầu khi click vào yêu cầu đã gửi | C63: 1. Click vào 1 yêu cầu bất kỳ | D63: Có danh sách yêu cầu | E63: Hiển thị màn hình chi tiết yêu cầu | F63: Khi click vào yêu cầu, hiển thị trang chi tiết đúng nội dung | G63: passed | H63: 46143
A64: TC_SP_38 | B64: Xác nhận hiển thị đầy đủ thông tin yêu cầu | C64: 1. Click vào yêu cầu | D64: Có dữ liệu | E64: Hiển thị: loại yêu cầu, nội dung, thời gian, file đính kèm (nếu có) | F64: Thông tin chi tiết yêu cầu hiển thị đầy đủ: chủ đề, nội dung, thời gian, file | G64: passed | H64: 46143
A65: TC_SP_39 | B65: Xác nhận hiển thị kết quả xử lý khi yêu cầu đã giải quyết | C65: 1. Click yêu cầu trạng thái “Đã giải quyết” | D65: Yêu cầu đã xử lý | E65: Hiển thị nội dung kết quả xử lý từ admin | F65: Khi yêu cầu đã giải quyết, hiển thị kết quả xử lý từ admin | G65: passed | H65: 46143
A66: TC_SP_40 | B66: Xác nhận hiển thị thông báo khi yêu cầu chưa có kết quả xử lý | C66: 1. Click yêu cầu “Đang xử lý” | D66: Yêu cầu chưa xử lý | E66: Hiển thị thông báo “Yêu cầu đang được xử lý” hoặc tương tự | F66: Khi yêu cầu đang xử lý, hiển thị trạng thái tương ứng | G66: passed | H66: 46143
A67: TC_SP_41 | B67: Xác nhận hiển thị file đính kèm trong chi tiết | C67: 1. Click yêu cầu có file | D67: Có file đính kèm | E67: Hiển thị file hoặc cho phép download | F67: File đính kèm hiển thị đúng và có thể tải xuống | G67: passed | H67: 46143
A68: TC_SP_42 | B68: Xác nhận hiển thị đúng thông tin liên hệ | C68: 1. Click yêu cầu | D68: Có dữ liệu liên hệ | E68: Hiển thị đúng số điện thoại/email đã gửi | F68: Thông tin liên hệ (email/sđt) hiển thị đúng với dữ liệu đã gửi | G68: passed | H68: 46143
... A70: TC_SP_44 | B70: Xác nhận quay lại danh sách sau khi xem chi tiết | C70: 1. Click vào yêu cầu 2. Nhấn “Quay lại” | D70: Đang ở trang chi tiết | E70: Quay về danh sách yêu cầu, giữ trạng thái trước đó | F70: Sau khi xem chi tiết yêu cầu và nhấn “Quay lại”, hệ thống điều hướng về danh sách yêu cầu trước đó và giữ nguyên trạng thái | G70: passed | H70: 46143

Sheet Kiếm tiền từ nội dung
A1: Project Name | B1: XÂY DỰNG HỆ THỐNG DISHNET - NỀN TẢNG MẠNG XÃ HỘI KINH DOANH ẨM THỰC
A2: Module Code | B2: Kiếm tiền từ nội dung
A3: Người kiểm tra | B3: Trần Thị Mai Yên
B4: Hoàn thành | C4: Lỗi | D4: Chưa kiểm tra | E4: Bị chăn | F4: Tổng số trường hợp thử nghiệm
A5: Round 1 | B5: =COUNTIF(G26:G1023,"passed") -> 39 | C5: =COUNTIF(G26:G1023,"failed") -> 2 | D5: =COUNTIF(G26:G1023,"untest") -> 0 | E5: =COUNTIF(G26:G1023,"blocked") -> 0 | F5: =COUNTIF(A22:A1019, "*MN*") -> 41
A6: Round 2 | B6: =COUNTIF(I26:I1024,"passed") -> 2 | C6: =COUNTIF(I26:I1023,"failed") -> 0 | D6: =COUNTIF(G26:G1023,"untest") -> 0 | E6: =COUNTIF(G26:G1023,"blocked") -> 0 | F6: =COUNTIF(A23:A1020, "*MN*") -> 41
A22: Test Case ID | B22: Mô tả | C22: Hành động | D22: Điều kiện tiên quyết | E22: Kết quả mong đợi | F22: Kết quả thực tế | G22: Kết quả | I22: Kết quả | K22: Chú thích
G23: Vòng 1 | I23: Vòng 2
G24: Trạng thái | H24: Ngày kiểm tra | I24: Trạng thái | J24: Ngày kiểm tra
A25: GUI
A26: GUI_MN_01 | B26: Kiểm tra hiển thị mặc định của menu trái | C26: 1, Quan sát danh sách menu bên trái tại trang cài đặt | D26: Người dùng đã đăng nhập | E26: Hiển thị đủ 4 mục: Thông tin cá nhân, Mật khẩu và bảo mật, Chế độ chuyên nghiệp, Quản lý chặn | F26: Hệ thống hiển thị đúng menu sidebar | G26: passed | H26: 46143
A27: GUI_MN_02 | B27: Kiểm tra hiển thị trang chế độ chuyên nghiệp | C27: 1. Quan sát nội dung chính khi ở tab Chế độ chuyên nghiệp | D27: Tài khoản đang trong trạng thái gửi yêu cầu xét duyệt | E27: Hiển thị 2 dòng: "Kiếm tiền từ nội dung" và "Mở cửa hàng" | F27: Trang chế độ chuyên nghiệp hiển thị đúng "Kiếm tiền từ nội dung" và "Mở cửa hàng" | G27: passed | H27: 46143
A28: GUI_MN_03 | B28: Kiểm tra giao diện form "Thông tin cơ bản" | C28: 1. Chọn cài đặt 2. Chọn chế độ chuyên nghiệp 3. Chọn kiếm tiền từ nội dung | D28: Đang ở tab Chế độ chuyên nghiệp | E28: Hiển thị đầy đủ các trường thông tin có trong trang đăng ký | F28: Hiển thị đúng và đầy đủ các trường thông tin có trong trang đăng ký | G28: passed | H28: 46143
A29: GUI_MN_04 | B29: Kiểm tra placeholder và icon trong các input | C29: 1. Chọn cài đặt 2. Chọn chế độ chuyên nghiệp 3. Chọn kiếm tiền từ nội dung 4. Quan sát UI | D29: Form đăng ký đang hiển thị | E29: Placeholder hiển thị đúng | F29: Các dòng chữ mờ hướng dẫn trong ô nhập liệu hiển thị đúng nội dung quy định | G29: passed | H29: 46143
A30: GUI_MN_05 | B30: Kiểm tra hiển thị vùng nhập "Mô tả" | C30: 1. Chọn cài đặt 2. Chọn chế độ chuyên nghiệp 3. Chọn kiếm tiền từ nội dung 4. Quan sát UI | D30: Form đăng ký đang hiển thị | E30: Hiển thị Textarea, cho phép nhập thông tin | F30: Khi nhập các ký tự hiển thị đúng trong ô textarea | G30: passed | H30: 46143
A31: GUI_MN_06 | B31: Kiểm tra hiển thị nút "Gửi" | C31: 1. Chọn cài đặt 2. Chọn chế độ chuyên nghiệp 3. Chọn kiếm tiền từ nội dung 4. Quan sát UI | D31: Form đăng ký đang hiển thị | E31: Hiển thị nút "Gửi" màu xanh lá cây, đúng vị trí, enable | F31: Button hiển thị đúng vị trí, có thể click | G31: passed | H31: 46143
A32: GUI_MN_07 | B32: Xác nhận responsive UI | C32: 1. Resize màn hình | D32: Trang đang mở | E32: Các nút không bị vỡ layout | F32: UI responsive tốt, không bị vỡ layout khi resize màn hình | G32: passed | H32: 46143
A33: GUI_MN_08 | B33: Xác nhận layout tổng thể | C33: 1. Quan sát toàn trang | D33: Trang load thành công | E33: Giao diện chia 2 cột rõ ràng, không lệch | F33: Layout giao diện rõ ràng, không bị lệch | G33: passed | H33: 46143
A34: FUNCTION
A35: TC_MN_09 | B35: Xác nhận hiển thị đúng chức năng khi truy cập chế độ chuyên nghiệp | C35: 1. Đăng nhập hệ thống 2. Truy cập chế độ chuyên nghiệp | D35: Người dùng đã đăng nhập hợp lệ | E35: Hiển thị "kiếm tiền từ nội dung" và "mở cửa hàng" | F35: Chế độ chuyên nghiệp đã liệt kê đúng hai tùy chọn về "kiếm tiền từ nội dung" và "mở cửa hàng" | G35: passed | H35: 46143
A36: TC_MN_10 | B36: Xác nhận điều hướng thành công khi click vào chức năng "Kiếm tiền từ nội dung" | C36: 1. Truy cập chế độ chuyên nghiệp 2. Click "Kiếm tiền từ nội dung" | D36: Người dùng đã đăng nhập | E36: Điều hướng tới màn hình form đăng ký hoặc màn hình trạng thái | F36: Hệ thống điều hướng đến đúng trang đăng ký hoặc màn hình trạng thái tương ứng | G36: passed | H36: 46143
A37: TC_MN_11 | B37: Xác nhận hiển thị thông báo lỗi khi thành viên chưa đăng nhập đăng ký kiếm tiền | C37: 1. Truy cập trực tiếp chức năng 2. Quan sát kết quả | D37: Người dùng chưa đăng nhập | E37: Hệ thống điều hướng về trang login hoặc hiển thị lỗi "Unauthorized" | F37: Truy cập trái phép bị chặn và hệ thống tự động đẩy về trang đăng nhập | G37: passed | H37: 46143
A38: TC_MN_12 | B38: Xác nhận hiển thị form đăng ký kiếm tiền khi thành viên truy cập | C38: 1. Truy cập chức năng đăng ký kiếm tiền | D38: Người dùng đã đăng nhập | E38: Hiển thị form đầy đủ: Tên tài khoản, Giới tính, Ngày sinh, Ngân hàng, STK, Email, SĐT, Địa chỉ, Mô tả | F38: Form đăng ký bao gồm 4 phần (Thông tin cơ bản, Cửa hàng, Điều khoản, Đính kèm) hiển thị rõ ràng | G38: passed | H38: 46143
A39: TC_MN_13 | B39: Xác nhận đăng ký thành công khi nhập đầy đủ thông tin hợp lệ | C39: 1. Nhập đầy đủ thông tin hợp lệ 2. Click “Gửi” | D39: Form hợp lệ | E39: Hiển thị trạng thái “Đang chờ duyệt”, disable nút submit | F39: Hệ thống đã chuyển sang trạng thái "Đang chờ duyệt" và nút submit không còn cho phép thao tác | G39: passed | H39: 46143
A40: TC_MN_14 | B40: Xác nhận hệ thống không cho sửa tên tài khoản khi hiển thị form | C40: 1. Quan sát field “Tên tài khoản” | D40: Form mở | E40: Field hiển thị mặc định, không cho chỉnh sửa | F40: Tên tài khoản được hiển thị cố định trong field, người dùng không thể đặt con trỏ chuột để xóa hoặc sửa | G40: passed | H40: 46143
A41: TC_MN_15 | B41: Xác nhận hiển thị lỗi khi bỏ trống giới tính | C41: 1. Không chọn giới tính 2. Click "Gửi" | D41: Form mở | E41: Hiển thị lỗi “Giới tính là bắt buộc” | F41: Thông báo nhắc nhở "Giới tính là bắt buộc" xuất hiện ngay phía dưới field khi để trống | G41: passed | H41: 46143
A42: TC_MN_16 | B42: Xác nhận hiển thị đúng dropdown giới tính | C42: 1. Click dropdown giới tính | D42: Form mở | E42: Hiển thị 2 option: Nam/Nữ/Khác | F42: Danh sách dropdown hiển thị chính xác lựa chọn là Nam và Nữ hoặc Khác | G42: passed | H42: 46143
A43: TC_MN_17 | B43: Xác nhận hiển thị lỗi khi bỏ trống ngày sinh | C43: 1. Không nhập ngày sinh 2. Click "Gửi" | D43: Form mở | E43: Hiển thị lỗi “Ngày sinh là bắt buộc” | F43: Cảnh báo “Ngày sinh là bắt buộc” khi người dùng bỏ qua trường này | G43: passed | H43: 46143
A44: TC_MN_18 | B44: Xác nhận không cho chọn ngày sinh trong tương lai | C44: 1. Chọn ngày > ngày hiện tại | D44: Form mở | E44: Hệ thống chặn không cho chọn | F44: Các ngày trong tương lai trên lịch bị làm mờ, không thể click chọn được | G44: passed | H44: 46143
A45: TC_MN_19 | B45: Xác nhận hiển thị lỗi khi người dùng <16 tuổi | C45: 1. Chọn ngày sinh <16 tuổi 2. Click "Gửi" | D45: Form mở | E45: Hiển thị lỗi “Ngày sinh không hợp lệ” | F45: Hệ thống không hiển thị lỗi "Ngày sinh không hợp lệ" mà vẫn cho phép gửi form dù người dùng <16 tuổi | G45: failed | H45: 46143 | I45: passed | J45: 46147
A46: TC_MN_20 | B46: Xác nhận hiển thị lỗi khi nhập ngày sinh bằng ký tự chữ/ đặc biệt | C46: 1. Nhập ký tự chữ/đặc biệt | D46: Form mở | E46: Hiển thị lỗi “Ngày sinh không hợp lệ” | F46: Khi nhập ký tự không phải số vào ngày sinh, hệ thống trả về lỗi báo ngày sinh không hợp lệ | G46: passed | H46: 46143
A47: TC_MN_21 | B47: Xác nhận hiển thị lỗi khi bỏ trống ngân hàng | C47: 1. Không chọn ngân hàng 2. Submit | D47: Form mở | E47: Hiển thị lỗi “Ngân hàng là bắt buộc” | F47: Giao diện xuất hiện dòng thông báo "Ngân hàng là bắt buộc" khi chưa chọn ngân hàng | G47: passed | H47: 46143
A48: TC_MN_22 | B48: Xác nhận hiển thị lỗi khi nhập ngân hàng không hợp lệ | C48: 1. Nhập tên ngân hàng không tồn tại | D48: Form mở | E48: Hiển thị lỗi “Ngân hàng không hợp lệ” | F48: Hệ thống ghi nhận tên ngân hàng không tồn tại và thông báo lỗi không hợp lệ cho người dùng | G48: passed | H48: 46143
A49: TC_MN_23 | B49: Xác nhận hiển thị lỗi khi bỏ trống số tài khoản | C49: 1. Không nhập STK 2. Click "Gửi" | D49: Form mở | E49: Hiển thị lỗi “Số tài khoản ngân hàng là bắt buộc” | F49: Lỗi bỏ trống số tài khoản ngân hàng hiển thị ngay sau khi bấm nút "Gửi" | G49: passed | H49: 46143
A50: TC_MN_24 | B50: Xác nhận hiển thị lỗi khi nhập STK chứa ký tự chữ | C50: 1. Nhập STK có chữ/ký tự đặc biệt | D50: Form mở | E50: Hiển thị lỗi “Số tài khoản không hợp lệ” | F50: Trường số tài khoản báo lỗi không hợp lệ khi phát hiện có chứa ký tự chữ hoặc ký hiệu đặc biệt | G50: passed | H50: 46143
A51: TC_MN_25 | B51: Xác nhận hệ thống tự động trim khoảng trắng khi nhập có chưa khoảng trắng đầu/cuối | C51: 1. Nhập dữ liệu có khoảng trắng đầu/cuối 2. Click "Gửi" | D51: Form hợp lệ | E51: Hệ thống tự động loại bỏ khoảng trắng | F51: Dữ liệu sau khi gửi đã được hệ thống tự động xóa các khoảng trắng dư thừa ở hai đầu | G51: passed | H51: 46143
A52: TC_MN_26 | B52: Xác nhận hệ thông hiển thị email mặc định của tài khoản đăng ký và không cho sửa | C52: 1. Quan sát field Email | D52: Form mở | E52: Email hiển thị sẵn, không chỉnh sửa | F52: Email đăng ký được điền sẵn vào ô và thuộc tính readonly được kích hoạt | G52: passed | H52: 46143
A53: TC_MN_27 | B53: Xác nhận hệ thông hiển thị số điện thoại mặc định của tài khoản đăng ký và không cho sửa | C53: 1. Quan sát field SĐT | D53: Form mở | E53: SĐT hiển thị sẵn, không chỉnh sửa | F53: Số điện thoại hiển thị đúng thông tin đã đăng ký và bị khóa chức năng chỉnh sửa | G53: passed | H53: 46143
A54: TC_MN_28 | B54: Xác nhận hiển thị lỗi khi bỏ trống địa chỉ | C54: 1. Không nhập địa chỉ 2. Click "Gửi" | D54: Form mở | E54: Hiển thị lỗi “Địa chỉ là bắt buộc" | F54: Thông báo nhắc nhở "Địa chỉ là bắt buộc" hiển thị ngay khi người dùng để trống trường địa chỉ và nhấn gửi | G54: passed | H54: 46143
A55: TC_MN_29 | B55: Xác nhận hệ thống chấp nhận khi bỏ trống trường mô tả | C55: 1. Không nhập mô tả 2. Click "Gửi" | D55: Form hợp lệ | E55: Hệ thống chấp nhận và gửi đăng ký | F55: Hệ thống ghi nhận biểu mẫu thành công và chuyển sang bước tiếp theo dù không có dữ liệu trong ô mô tả | G55: passed | H55: 46143
A56: TC_MN_30 | B56: Xác nhận hiển thị đúng khi nhập mô tả 1–1000 ký tự | C56: 1. Nhập mô tả hợp lệ 2. Click "Gửi" | D56: Form hợp lệ | E56: Hệ thống chấp nhận và gửi đăng ký | F56: Dữ liệu mô tả nằm trong khoảng 1-1000 ký tự được hệ thống tiếp nhận và lưu trữ chính xác | G56: passed | H56: 46143
A57: TC_MN_31 | B57: Xác nhận hiển thị lỗi khi mô tả >1000 ký tự | C57: 1. Nhập >1000 ký tự | D57: Form mở | E57: Hiển thị lỗi “Vượt quá ký tự cho phép” | F57: Hệ thống vẫn cho phép gửi dữ liệu và không đưa ra cảnh báo lỗi khi nội dung mô tả vượt quá 1000 ký tự | G57: failed | H57: 46143 | I57: passed | J57: 46147
A58: TC_MN_32 | B58: Xác nhận hệ thống disable nút gửi khi điền thiếu trường thông tin bắt buộc | C58: 1. Không nhập đủ thông tin | D58: Form mở | E58: Nút “Gửi” bị disable hoặc hiển thị lỗi dưới input | F58: Nút "Gửi" bị mờ đi hoặc các dòng lỗi đỏ xuất hiện dưới các ô nhập liệu còn thiếu thông tin | G58: passed | H58: 46143
A59: TC_MN_33 | B59: Xác nhận hệ thống chỉ xử lý 1 request khi click gửi nhiều lần | C59: 1. Nhập hợp lệ 2. Click “Gửi” liên tục | D59: Form hợp lệ | E59: Hệ thống chỉ xử lý 1 request, không duplicate | F59: Hệ thống chỉ xử lý một yêu cầu duy nhất, các lần click chuột liên tục không tạo ra các bản ghi trùng lặp | G59: passed | H59: 46143
A60: TC_MN_34 | B60: Xác nhận không cho submit lại sau khi đăng ký thành công | C60: 1. Đăng ký thành công 2. Click lại “Gửi” | D60: Đã submit | E60: Nút bị disable, không gửi lại | F60: Sau khi đăng ký thành công, nút gửi không còn hiệu lực, ngăn chặn việc gửi lại dữ liệu cũ | G60: passed | H60: 46143
A61: TC_MN_35 | B61: Xác nhận hiển thị trạng thái “Đang chờ duyệt” sau khi đăng ký | C61: 1. Gửi đăng ký thành công | D61: Đăng ký thành công | E61: Hiển thị trạng thái “Đang chờ duyệt” | F61: Giao diện cập nhật ngay lập tức trạng thái "Đang chờ duyệt" sau khi hoàn tất quy trình gửi đơn đăng ký | G61: passed | H61: 46143
A62: TC_MN_36 | B62: Xác nhận hiển thị đúng trạng thái “Đang chờ duyệt” sau khi submit thành công | C62: 1. Nhập đầy đủ thông tin hợp lệ 2. Click “Gửi” | D62: Form hợp lệ | E62: Hiển thị trạng thái “Đang chờ duyệt”, không bị reset về form ban đầu | F62: Màn hình giữ nguyên trạng thái "Đang chờ duyệt", không tự động reset về form trống sau khi submit | G62: passed | H62: 46143
A63: TC_MN_37 | B63: Xác nhận không thể chỉnh sửa thông tin khi đã gửi đăng ký | C63: 1. Gửi thành công 2. Thử chỉnh sửa form | D63: Trạng thái ≠ chưa đăng ký | E63: Các field bị disable hoặc chỉ read-only | F63: Các trường thông tin chuyển sang chế độ chỉ đọc, không cho phép người dùng thay đổi dữ liệu đã gửi | G63: passed | H63: 46143
A64: TC_MN_38 | B64: Xác nhận trạng thái không bị reset khi thành viên refresh trang | C64: 1. Submit thành công 2. Refresh hoặc truy cập lại trang | D64: Đã đăng ký trước đó | E64: Vẫn hiển thị trạng thái “Đang chờ duyệt”, dữ liệu không bị mất | F64: Trạng thái "Đang chờ duyệt" và dữ liệu đã nhập vẫn được giữ nguyên sau khi người dùng làm mới trình duyệt | G64: passed | H64: 46143
A65: TC_MN_39 | B65: Xác nhận hiển thị đúng trạng thái “Đã duyệt” khi yêu cầu được admin duyệt | C65: 1. Admin duyệt yêu cầu 2. Người dùng reload trang | D65: Yêu cầu đã được duyệt | E65: Hiển thị trạng thái “Đã duyệt”, cho phép sử dụng tính năng kiếm tiền | F65: Sau khi Admin phê duyệt và người dùng tải lại trang, trạng thái đã được cập nhật thành "Đã duyệt" | G65: passed | H65: 46143
A66: TC_MN_40 | B66: Xác nhận mở được tính năng kiếm tiền khi trạng thái “Đã duyệt” | C66: 1. Sau khi được duyệt 2. Truy cập chức năng kiếm tiền | D66: Trạng thái = “Đã duyệt” | E66: Người dùng truy cập và sử dụng được chức năng kiếm tiền | F66: Các tính năng liên quan đến kiếm tiền đã được mở khóa và người dùng có thể truy cập sử dụng bình thường | G66: passed | H66: 46143
A67: TC_MN_41 | B67: Xác nhận hiển thị đúng trạng thái “Bị từ chối” khi yêu cầu bị từ chối | C67: 1. Admin từ chối yêu cầu 2. Người dùng reload trang | D67: Yêu cầu bị từ chối | E67: Hiển thị trạng thái “Bị từ chối” và lý do rõ ràng | F67: Hệ thống hiển thị rõ trạng thái "Bị từ chối" kèm theo nội dung lý do cụ thể từ phía quản trị viên | G67: passed | H67: 46143

Sheet Đăng ký mở cửa hàng
A1: Project Name | B1: XÂY DỰNG HỆ THỐNG DISHNET - NỀN TẢNG MẠNG XÃ HỘI KINH DOANH ẨM THỰC
A2: Module Code | B2: Đăng ký mở cửa hàng
A3: Người kiểm tra | B3: Phạm Đình Vân Ly
B4: Hoàn thành | C4: Lỗi | D4: Chưa kiểm tra | E4: Bị chăn | F4: Tổng số trường hợp thử nghiệm
A5: Round 1 | B5: =COUNTIF(G26:G1046,"passed") -> 58 | C5: =COUNTIF(G26:G1046,"failed") -> 7 | D5: =COUNTIF(G26:G1046,"untest") -> 0 | E5: =COUNTIF(G26:G1046,"blocked") -> 0 | F5: =COUNTIF(A22:A1042, "*SHOP*") -> 65
A6: Round 2 | B6: =COUNTIF(I26:I1047,"passed") -> 7 | C6: =COUNTIF(I26:I1046,"failed") -> 0 | D6: =COUNTIF(G26:G1046,"untest") -> 0 | E6: =COUNTIF(G26:G1046,"blocked") -> 0 | F6: =COUNTIF(A23:A1043, "*SHOP*") -> 65
A22: Test Case ID | B22: Mô tả | C22: Hành động | D22: Điều kiện tiên quyết | E22: Kết quả mong đợi | F22: Kết quả thực tế | G22: Kết quả | I22: Kết quả | K22: Chú thích
G23: Vòng 1 | I23: Vòng 2
G24: Trạng thái | H24: Ngày kiểm tra | I24: Trạng thái | J24: Ngày kiểm tra
A25: GUI
A26: GUI_SHOP_01 | B26: Kiểm tra hiển thị mặc định của menu trái | C26: 1, Quan sát danh sách menu bên trái tại trang cài đặt | D26: Người dùng đã đăng nhập | E26: Hiển thị đủ 4 mục: Thông tin cá nhân, Mật khẩu và bảo mật, Chế độ chuyên nghiệp, Quản lý chặn | F26: Hệ thống hiển thị đúng menu sidebar | G26: passed | H26: 46143
A27: GUI_SHOP_02 | B27: Kiểm tra hiển thị trang chế độ chuyên nghiệp | C27: 1. Quan sát nội dung chính khi ở tab Chế độ chuyên nghiệp | D27: Tài khoản đang trong trạng thái gửi yêu cầu xét duyệt | E27: Hiển thị 2 dòng: "Kiếm tiền từ nội dung" và "Mở cửa hàng" | F27: Trang chế độ chuyên nghiệp hiển thị đúng "Kiếm tiền từ nội dung" và "Mở cửa hàng" | G27: passed | H27: 46143
A28: GUI_SHOP_03 | B28: Kiểm tra giao diện form "Đăng ký mở cửa hàng" | C28: 1. Chọn cài đặt 2. Chọn chế độ chuyên nghiệp 3. Chọn mở cửa hàng | D28: Đang ở tab Chế độ chuyên nghiệp | E28: Hiển thị đầy đủ các trường thông tin có trong trang đăng ký | F28: Hiển thị đầy đủ các trường thông tin có trong trang đăng ký | G28: passed | H28: 46143
A29: GUI_SHOP_04 | B29: Kiểm tra placeholder và icon trong các input | C29: 1. Chọn cài đặt 2. Chọn chế độ chuyên nghiệp 3. Chọn mở cửa hàng 4. Quan sát UI | D29: Form đăng ký đang hiển thị | E29: Placeholder hiển thị đúng | F29: Các dòng chữ mờ hướng dẫn trong ô nhập liệu hiển thị đúng nội dung quy định | G29: passed | H29: 46143
A30: GUI_SHOP_05 | B30: Kiểm tra hiển thị nút "Gửi" | C30: 1. Chọn cài đặt 2. Chọn chế độ chuyên nghiệp 3. Chọn mở cửa hàng 4. Quan sát UI | D30: Form đăng ký đang hiển thị | E30: Hiển thị nút "Gửi" màu xanh lá cây, đúng vị trí, enable | F30: Nút lệnh "Gửi" có màu xanh đặc trưng, nằm đúng vị trí thiết kế và sẵn sàng để tương tác | G30: passed | H30: 46143
A31: GUI_SHOP_06 | B31: Kiểm tra checkbox box điều khoản | C31: 1. Chọn cài đặt 2. Chọn chế độ chuyên nghiệp 3. Chọn mở cửa hàng 4. Tick vào điều khoản và phí | D31: Form đăng ký đang hiển thị | E31: Có thể tick/ untick các điều khoản | F31: Thao tác đánh dấu hoặc hủy đánh dấu tại ô điều khoản phản hồi ngay lập tức | G31: passed | H31: 46143
A32: GUI_SHOP_07 | B32: Kiểm tra nút chọn ảnh ở tệp đính kèm | C32: 1. Chọn cài đặt 2. Chọn chế độ chuyên nghiệp 3. Chọn mở cửa hàng 4. Click "chọn ảnh" | D32: Form đăng ký đang hiển thị | E32: Mở thư mục chọn ảnh | F32: Hệ thống đã kích hoạt được cửa sổ chọn tệp tin từ bộ nhớ thiết bị | G32: passed | H32: 46143
A33: GUI_SHOP_08 | B33: Hiển thị form thỏa thuận | C33: 1. Chọn mở cửa hàng 2. Nhập thông tin 3. Gửi thông tin 4. Mở form thỏa thuận | D33: Đã gửi đăng ký mở cửa hàng | E33: Sau khi nhập đủ thông tin và click gửi, form thỏa thuận được mở ra | F33: Hiển thị popup thỏa thuận dịch vụ với đầy đủ thông tin về chính sách khi đăng ký mở cửa hàng | G33: passed | H33: 46143
A34: GUI_SHOP_09 | B34: Xác nhận responsive UI | C34: 1. Resize màn hình | D34: Trang đang mở | E34: Các nút không bị vỡ layout | F34: UI responsive tốt, không bị vỡ layout khi resize màn hình | G34: passed | H34: 46143
A35: GUI_SHOP_10 | B35: Xác nhận layout tổng thể | C35: 1. Quan sát toàn trang | D35: Trang load thành công | E35: Giao diện chia 2 cột rõ ràng, không lệch | F35: Layout giao diện rõ ràng, không bị lệch | G35: passed | H35: 46143
A36: FUNCTION
A37: TC_SHOP_11 | B37: Xác nhận hiển thị đúng chức năng khi truy cập chế độ chuyên nghiệp | C37: 1. Đăng nhập hệ thống 2. Truy cập chế độ chuyên nghiệp | D37: Người dùng đã đăng nhập hợp lệ | E37: Hiển thị "kiếm tiền từ nội dung" và "mở cửa hàng" | F37: Chế độ chuyên nghiệp đã liệt kê đúng hai tùy chọn về "kiếm tiền từ nội dung" và "mở cửa hàng" | G37: passed | H37: 46143
A38: TC_SHOP_12 | B38: Xác nhận điều hướng thành công khi click vào chức năng "Mở cửa hàng" | C38: 1. Truy cập chế độ chuyên nghiệp 2. Click "Mở cửa hàng" | D38: Người dùng đã đăng nhập | E38: Điều hướng tới màn hình form đăng ký hoặc màn hình trạng thái | F38: Hệ thống điều hướng đến đúng trang đăng ký hoặc màn hình trạng thái tương ứng | G38: passed | H38: 46143
A39: TC_SHOP_13 | B39: Xác nhận hiển thị thông báo lỗi khi thành viên chưa đăng nhập đăng ký mở cửa hàng | C39: 1. Truy cập trực tiếp chức năng 2. Quan sát kết quả | D39: Người dùng chưa đăng nhập | E39: Hệ thống điều hướng về trang login hoặc hiển thị lỗi "Unauthorized" | F39: Truy cập trái phép bị chặn và hệ thống tự động đẩy về trang đăng nhập | G39: passed | H39: 46143
A40: TC_SHOP_14 | B40: Xác nhận hiển thị form khi mở chức năng đăng ký cửa hàng | C40: 1. Truy cập Cài đặt 2. Chọn "Chế độ chuyên nghiệp" 3. Click "Mở cửa hàng" | D40: User đã đăng nhập | E40: Hiển thị đầy đủ form gồm: Thông tin cơ bản, Thông tin cửa hàng, Điều khoản, Đính kèm | F40: Mẫu đơn đăng ký đã liệt kê đầy đủ các phần: Thông tin cơ bản, Thông tin cửa hàng, Điều khoản và Đính kèm | G40: passed | H40: 46143
A41: TC_SHOP_15 | B41: Xác nhận đăng ký thành công khi nhập đầy đủ thông tin hợp lệ | C41: 1. Nhập đầy đủ thông tin hợp lệ 2. Click "Gửi" | D41: Form hiển thị | E41: Hiển thị pop-up điều khoản | F41: Pop-up chứa các điều khoản dịch vụ hiển thị sau khi người dùng hoàn tất nhập liệu và nhấn gửi | G41: passed | H41: 46143
A42: TC_SHOP_16 | B42: Xác nhận hiển thị pop-up điều khoản | C42: 1. Click "Gửi" | D42: Form hợp lệ | E42: Hiển thị pop-up điều khoản sử dụng dịch vụ | F42: Nội dung điều khoản sử dụng dịch vụ trong pop-up hiển thị rõ ràn | G42: passed | H42: 46143
A43: TC_SHOP_17 | B43: Xác nhận chuyển sang trang thanh toán khi đồng ý điều khoản | C43: 1. Tick "Tôi đã đọc và đồng ý" 2. Click "Xác nhận" | D43: Pop-up hiển thị | E43: Điều hướng tới trang thanh toán | F43: Người dùng được chuyển hướng sang trang thanh toán sau khi xác nhận đồng ý với các điều khoản | G43: passed | H43: 46143
A44: TC_SHOP_18 | B44: Xác nhận hiển thị đầy đủ thông tin thanh toán | C44: 1. Quan sát trang thanh toán | D44: N/A | E44: Hiển thị: gói dịch vụ, QR code, thông tin chuyển khoản | F44: Trang thanh toán cung cấp đầy đủ mã QR, thông tin tài khoản chuyển khoản và gói dịch vụ tương ứng | G44: passed | H44: 46143
A45: TC_SHOP_19 | B45: Xác nhận gửi đăng ký sau khi thanh toán | C45: 1. Upload ảnh thanh toán2. Click "Gửi" | D45: Đã vào trang thanh toán | E45: Hệ thống lưu đơn đăng ký thành công | F45: Đơn đăng ký được ghi nhận thành công vào hệ thống sau khi người dùng tải lên minh chứng thanh toán | G45: passed | H45: 46143
A46: TC_SHOP_20 | B46: Xác nhận hệ thống hiển thị thông tin cơ bản đầy đủ | C46: 1. Truy cập form | D46: Trang mở | E46: Hiển thị các trường: Chủ sở hữu, CCCD, SĐT, Địa chỉ | F46: Các trường thông tin cá nhân như Chủ sở hữu, CCCD, SĐT và Địa chỉ được hiển thị đầy đủ trong form | G46: passed | H46: 46143
A47: TC_SHOP_21 | B47: Xác nhận hiển thị lỗi khi nhập tên chủ sở hữu >100 ký tự | C47: 1. Nhập >100 ký tự vào chủ sở hữu 2. Click "Gửi" | D47: Form mở | E47: Hiển thị lỗi “Vượt quá số ký tự cho phép” | F47: Hệ thống phát hiện và thông báo lỗi khi độ dài tên chủ sở hữu vượt quá ký tự cho phép | G47: passed | H47: 46143
A48: TC_SHOP_22 | B48: Xác nhận hiển thị đúng khi nhập CCCD đúng 12 số | C48: 1. Nhập CCCD =12 số 2. Click "Gửi" | D48: Form mở | E48: Hệ thống chấp nhận | F48: Dữ liệu CCCD gồm 12 chữ số được hệ thống ghi nhận thành công | G48: passed | H48: 46143
... A61: TC_SHOP_35 | B61: Xác nhận nhập địa chỉ kinh doanh khi nhập chính xác | C61: 1. Nhập địa chỉ | D61: Form mở | E61: Hệ thống chấp nhận | F61: Hệ thống chấp nhận khi nhập địa chỉ kinh doanh hợp lệ | G61: passed | H61: 46143
A62: TC_SHOP_36 | B62: Hiển thị lỗi khi chưa tick điều khoản mà gửi đăng ký | C62: 1. Không tick điều khoản 2. Click “Gửi” | D62: Form mở | E62: Hiển thị lỗi yêu cầu chọn điều khoản | F62: Người dùng vẫn có thể gửi đơn đăng ký dù chưa xác nhận vào ô điều khoản | G62: failed | H62: 46143 | I62: passed | J62: 46148
A63: TC_SHOP_37 | B63: Hiển thị lỗi khi chưa upload CCCD | C63: 1. Không upload file CCCD 2. Click “Gửi” | D63: Form mở | E63: Hiển thị lỗi yêu cầu upload CCCD | F63: Hệ thống không ngăn chặn hành vi gửi đơn khi thiếu tệp đính kèm ảnh CCCD | G63: failed | H63: 46143 | I63: passed | J63: 46148
A64: TC_SHOP_38 | B64: Xác nhận hiển thị đúng khi upload menu thành công | C64: 1. Upload file hợp lệ | D64: Form mở | E64: Hiển thị preview hoặc trạng thái upload thành công | F64: Menu upload thành công được hiển thị lên màn hình | G64: passed | H64: 46143
A65: TC_SHOP_39 | B65: Hiển thị lỗi khi upload menu sai định dạng | C65: 1. Upload file sai format | D65: Form mở | E65: Hiển thị lỗi định dạng file | F65: Menu sai định hiển thị thông báo và không cho phép gửi đăng ký | G65: passed | H65: 46143
A66: TC_SHOP_40 | B66: Hiển thị lỗi khi upload <5 ảnh menu | C66: 1. Upload <5 ảnh | D66: Form mở | E66: Hiển thị lỗi yêu cầu ≥5 ảnh | F66: Đơn đăng ký vẫn được gửi đi dù số lượng ảnh menu tải lên ít hơn 5 tấm | G66: failed | H66: 46143 | I66: passed | J66: 46148
A67: TC_SHOP_41 | B67: Hiển thị lỗi khi chưa nhập đủ thông tin | C67: 1. Bỏ trống ô input bắt buộc 2. Click “Gửi” | D67: Form mở | E67: Hiển thị lỗi dưới từng input hoặc disable nút | F67: Hiển thị thống báo yêu cầu nhập đầy đủ thông tin bắt buộc để tiếp tục đăng ký | G67: passed | H67: 46143
A68: TC_SHOP_42 | B68: Xác nhận hiển thị đúng thông tin gói dịch vụ và pháp lý | C68: 1. Truy cập trang thanh toán | D68: Đã xác nhận điều khoản | E68: Hiển thị đầy đủ thông tin gói dịch vụ và nội dung pháp lý rõ ràng | F68: Hiển thị đúng nội dung về các điều khoản và có nút xác nhận "Tôi đồng ý" | G68: passed | H68: 46143
A69: TC_SHOP_43 | B69: Xác nhận hệ thống hiển thị mã QR thanh toán | C69: 1. Truy cập trang thanh toán 2. Quan sát QR | D69: N/A | E69: Hiển thị mã QR hợp lệ, rõ nét, có thể quét được | F69: Mã QR thanh toán không quét mã được | G69: failed | H69: 46143 | I69: passed | J69: 46148
A70: TC_SHOP_44 | B70: Xác nhận hiển thị thông tin chuyển khoản | C70: 1. Quan sát thông tin thanh toán | D70: N/A | E70: Hiển thị đầy đủ: Tên ngân hàng, số tài khoản, chủ tài khoản, nội dung chuyển khoản | F70: Thông tin chuyển khoản được hiển thị đầy đủ: Tên ngân hàng, số tài khoản, chủ tài khoản, nội dung chuyển khoản | G70: passed | H70: 46143
A71: TC_SHOP_45 | B71: Xác nhận thanh toán thành công khi quét QR hợp lệ | C71: 1. Dùng app ngân hàng quét QR 2. Thực hiện thanh toán | D71: QR hợp lệ | E71: Thanh toán thành công (từ phía ngân hàng) | F71: Trạng thái thanh toán không cập nhật thành công trên hệ thống sau khi quét QR | G71: failed | H71: 46143 | I71: passed | J71: 46148
A72: TC_SHOP_46 | B72: Hiển thị lỗi khi QR không hợp lệ | C72: 1. Quét QR lỗi (mock/sai) | D72: QR lỗi | E72: Không thực hiện được thanh toán | F72: Không quét được QR khi mã bị lỗi | G72: passed | H72: 46143
A73: TC_SHOP_47 | B73: Xác nhận nội dung chuyển khoản đúng | C73: 1. Quét QR 2. Kiểm tra nội dung | D73: N/A | E73: Nội dung chuyển khoản đúng format hệ thống yêu cầu | F73: Hiển thị nội dung giao dịch yêu cầu đúng | G73: passed | H73: 46143
A74: TC_SHOP_48 | B74: Xác nhận số tiền thanh toán đúng | C74: 1. Quét QR 2. Phí = 5 triệu | D74: N/A | E74: Số tiền hiển thị đúng với phí kích hoạt | F74: Số tiền giao dịch được hệ thống đối soát chính xác theo yêu cầu kích hoạt | G74: passed | H74: 46143
A75: TC_SHOP_49 | B75: Hiển thị lỗi khi chưa upload ảnh minh chứng | C75: 1. Không upload ảnh 2. Click "Gửi" | D75: Đang ở trang thanh toán | E75: Hiển thị lỗi: yêu cầu upload ảnh minh chứng | F75: Hệ thống hiển thị lỗi "yêu cầu upload ảnh minh chứng" | G75: passed | H75: 46143
A76: TC_SHOP_50 | B76: Xác nhận hiển thị đúng khi upload ảnh hợp lệ | C76: 1. Upload ảnh đúng định dạng 2. Quan sát | D76: N/A | E76: Upload thành công, hiển thị preview ảnh | F76: Ảnh được tải lên thành công và hệ thống hiển thị chính xác chế độ xem trước | G76: passed | H76: 46143
A77: TC_SHOP_51 | B77: Hiển thị lỗi khi upload file sai định dạng | C77: 1. Upload file không phải ảnh | D77: N/A | E77: Hiển thị lỗi: file không hợp lệ | F77: Cảnh báo "file không hợp lệ" xuất hiện ngay khi tải lên các tệp tin không phải định dạng hình ảnh | G77: passed | H77: 46143
A78: TC_SHOP_52 | B78: Hiển thị lỗi khi upload ảnh quá dung lượng | C78: 1. Upload file quá size | D78: N/A | E78: Hiển thị lỗi dung lượng vượt quá | F78: Hệ thống từ chối tệp và báo lỗi "dung lượng vượt quá" khi dung lượng ảnh tải lên quá lớn | G78: passed | H78: 46143
A79: TC_SHOP_53 | B79: Xác nhận hiển thị đúng khi upload nhiều lần | C79: 1. Upload ảnh 2. Upload lại ảnh khác | D79: N/A | E79: Ảnh mới thay thế ảnh cũ | F79: Khi thực hiện tải lên ảnh mới nhiều lần, tấm ảnh mới nhất đã thay thế hoàn toàn cho tấm ảnh cũ | G79: passed | H79: 46143
A80: TC_SHOP_54 | B80: Xác nhận hiển thị đúng khi xóa ảnh đã upload | C80: 1. Upload ảnh 2. Click xóa | D80: N/A | E80: Ảnh bị xóa khỏi hệ thống | F80: Khi thực hiện xóa, ảnh bị xóa khỏi màn hình | G80: passed | H80: 46143
A81: TC_SHOP_55 | B81: Hiển thị lỗi khi chưa thanh toán nhưng vẫn nhấn submit | C81: 1. Không thanh toán 3. Submit | D81: N/A | E81: Hệ thống có thể kiểm tra và cảnh báo | F81: Nút submit vẫn hoạt động bình thường ngay cả khi thiếu ảnh minh chứng chuyển khoản | G81: failed | H81: 46143 | I81: passed
A82: TC_SHOP_56 | B82: Xác nhận gửi đăng ký khi có minh chứng hợp lệ | C82: 1. Upload ảnh hợp lệ 2. Click "Gửi" | D82: N/A | E82: Đăng ký được gửi thành công | F82: Upload ảnh không hợp lệ vẫn gửi được đăng ký | G82: failed | H82: 46143 | I82: passed
A83: TC_SHOP_57 | B83: Xác nhận submit thành công khi dữ liệu hợp lệ | C83: 1. Nhập hợp lệ 2. Click “Gửi” | D83: Form hợp lệ | E83: Hiển thị “Đang chờ duyệt”, không cho submit lại | F83: Giao diện chuyển sang chế độ "Đang chờ duyệt" và tạm khóa chức năng chỉnh sửa | G83: passed | H83: 46143
A84: TC_SHOP_58 | B84: Xác nhận hệ thống không gửi nhiều request khi click liên tục | C84: 1. Click “Gửi” nhiều lần | D84: Form hợp lệ | E84: Chỉ gửi 1 request, không duplicate | F84: Hệ thống không crash, xử lý đúng 1 yêu cầu đầu liên | G84: passed | H84: 46143
A85: TC_SHOP_59 | B85: Xác nhận dữ liệu giữ nguyên sau khi refresh | C85: 1. Submit thành công 2. Refresh trang | D85: Đã submit | E85: Dữ liệu và trạng thái được giữ nguyên | F85: Dữ liệu và trạng thái sau khi refresh không thay đổi | G85: passed | H85: 46143
A86: TC_SHOP_60 | B86: Xác nhận hiển thị đúng trạng thái sau submit | C86: 1. Submit thành công 2. Refresh | D86: Đã đăng ký | E86: Vẫn hiển thị "Đang chờ duyệt", không bị reset | F86: Thông tin đã kê khai không bị mất đi sau khi người dùng làm mới (refresh) trình duyệt | G86: passed | H86: 46143
A87: TC_SHOP_61 | B87: Xác nhận hiển thị trạng thái đã duyệt | C87: 1. Admin duyệt 2. User truy cập | D87: Đã được duyệt | E87: Hiển thị "Đã duyệt", có thể mở cửa hàng | F87: Sau khi Admin cấp phép, tài khoản đã có thể thực hiện các thao tác mở cửa hàng | G87: passed | H87: 46143
A88: TC_SHOP_62 | B88: Xác nhận hiển thị trạng thái bị từ chối | C88: 1. Admin từ chối 2. User truy cập | D88: Bị từ chối | E88: Hiển thị "Bị từ chối" và lý do rõ ràng | F88: Người dùng nhìn thấy trạng thái bị từ chối kèm theo giải thích cụ thể từ ban quản trị | G88: passed | H88: 46143
A89: TC_SHOP_63 | B89: Xác nhận hệ thống lưu đơn đăng ký | C89: 1. Submit hoàn tất | D89: N/A | E89: Dữ liệu được lưu DB | F89: Đơn đăng ký được lưu vào database hệ thống | G89: passed | H89: 46143
A90: TC_SHOP_64 | B90: Xác nhận hệ thống gửi email khi duyệt thành công | C90: 1. Admin duyệt | D90: N/A | E90: Gửi email xác nhận mở cửa hàng | F90: Một thư xác nhận việc mở cửa hàng thành công đã được gửi đến hộp thư cá nhân | G90: passed | H90: 46143
A91: TC_SHOP_65 | B91: Xác nhận hệ thống gửi email khi bị từ chối | C91: 1. Admin từ chối | D91: N/A | E91: Gửi email từ chối | F91: Hệ thống tự động phát đi thông báo email khi đơn đăng ký không được phê duyệt | G91: passed | H91: 46143

Sheet Giỏ hàng
A1: Project Name | B1: XÂY DỰNG HỆ THỐNG DISHNET - NỀN TẢNG MẠNG XÃ HỘI KINH DOANH ẨM THỰC
A2: Module Code | B2: Giỏ hàng
A3: Người kiểm tra | B3: Phan Thị Lệ Thi
B4: Hoàn thành | C4: Lỗi | D4: Chưa kiểm tra | E4: Bị chăn | F4: Tổng số trường hợp thử nghiệm
A5: Round 1 | B5: =COUNTIF(G27:G987,"passed") -> 59 | C5: =COUNTIF(G27:G987,"failed") -> 0 | D5: =COUNTIF(G27:G987,"untest") -> 0 | E5: =COUNTIF(G27:G987,"blocked") -> 0 | F5: =COUNTIF(A23:A983, "*CART*") -> 59
A6: Round 2 | B6: =COUNTIF(I27:I988,"passed") -> 0 | C6: =COUNTIF(I27:I987,"failed") -> 0 | D6: =COUNTIF(G27:G987,"untest") -> 0 | E6: =COUNTIF(G27:G987,"blocked") -> 0 | F6: =COUNTIF(A24:A984, "*CART*") -> 59
A23: Test Case ID | B23: Mô tả | C23: Hành động | D23: Điều kiện tiên quyết | E23: Kết quả mong đợi | F23: Kết quả thực tế | G23: Kết quả | I23: Kết quả | K23: Chú thích
G24: Vòng 1 | I24: Vòng 2
G25: Trạng thái | H25: Ngày kiểm tra | I25: Trạng thái | J25: Ngày kiểm tra
A26: GUI
A27: GUI_CART_01 | B27: Xác nhận hiển thị đúng tiêu đề và tổng số lượng sản phẩm trong giỏ hàng | C27: 1. Quan sát phần đầu (Header) của modal giỏ hàng | D27: Giỏ hàng có sản phẩm. | E27: Hiển thị đúng text "Giỏ hàng của tôi (n)", trong đó n là tổng số lượng món ăn. | F27: Tiêu đề hiển thị đúng số lượng tổng. | G27: passed | H27: 46144
A28: GUI_CART_02 | B28: Xác nhận hiển thị đầy đủ thông tin tên Quán ăn và checkbox chọn quán | C28: 1. Quan sát từng nhóm sản phẩm trong giỏ hàng | D28: Sản phẩm được phân nhóm theo quán. | E28: Tên quán ăn hiển thị nổi bật kèm icon nhà hàng và checkbox tương ứng. | F28: Hiển thị đúng tên quán và checkbox chọn. | G28: passed | H28: 46144
A29: GUI_CART_03 | B29: Xác nhận hiển thị đầy đủ hình ảnh đại diện của món ăn | C29: 1. Quan sát cột hình ảnh trong danh sách sản phẩm | D29: Sản phẩm có ảnh đại diện. | E29: Hình ảnh món ăn hiển thị rõ nét, không bị méo hay vỡ khung hình. | F29: Hình ảnh hiển thị đúng vị trí. | G29: passed | H29: 46144
A30: GUI_CART_04 | B30: Xác nhận hiển thị chính xác tên món ăn và giá tiền tương ứng | C30: 1. Đối chiếu tên món và giá với dữ liệu thực tế | D30: N/A | E30: Tên món hiển thị đầy đủ; giá tiền có định dạng VNĐ (VD: 68.000đ) màu đỏ nổi bật. | F30: Thông tin món và giá hiển thị chính xác. | G30: passed | H30: 46144
A31: GUI_CART_05 | B31: Xác nhận hiển thị bộ công cụ điều chỉnh số lượng (Tăng/Giảm/Nhập số) | C31: 1. Quan sát khu vực điều chỉnh số lượng mỗi món | D31: N/A | E31: Hiển thị nút trừ (-), ô nhập số lượng và nút cộng (+) màu đỏ theo đúng thiết kế. | F31: Bộ điều chỉnh số lượng hiển thị đầy đủ. | G31: passed | H31: 46144
A32: GUI_CART_06 | B32: Xác nhận hiển thị icon thùng rác (Xóa món) cho từng sản phẩm | C32: 1. Quan sát góc phải của mỗi hàng sản phẩm | D32: N/A | E32: Icon thùng rác hiển thị nhỏ gọn, cho phép người dùng nhận diện chức năng xóa. | F32: Icon xóa hiển thị đúng vị trí. | G32: passed | H32: 46144
A33: GUI_CART_07 | B33: Xác nhận hiển thị text "Xóa tất cả" màu đỏ ở góc trên bên phải | C33: 1. Quan sát phần trên cùng của modal | D33: Giỏ hàng có sản phẩm. | E33: Text "Xóa tất cả" hiển thị màu đỏ, căn lề phải rõ ràng. | F33: Chức năng xóa tất cả hiển thị đúng. | G33: passed | H33: 46144
A34: GUI_CART_08 | B34: Xác nhận hiển thị thanh tổng kết ở cuối trang (Footer) | C34: 1. Quan sát phần đáy của giao diện giỏ hàng | D34: N/A | E34: Thanh footer chứa checkbox "Tất cả", text "Tổng tiền" và nút "Thanh toán". | F34: Footer hiển thị cố định ở dưới cùng. | G34: passed | H34: 46144
A35: GUI_CART_09 | B35: Xác nhận hiển thị số tổng tiền màu đỏ và nút Thanh toán kèm số lượng | C35: 1. Kiểm tra con số tổng tiền và nút Thanh toán | D35: N/A | E35: Tổng tiền hiển thị màu đỏ; nút Thanh toán màu đỏ chứa text "Thanh toán (n)". | F35: Thông tin tổng kết hiển thị đúng thiết kế. | G35: passed | H35: 46144
A36: GUI_CART_10 | B36: Xác nhận hiển thị icon "X" để đóng modal giỏ hàng | C36: 1. Quan sát góc trên cùng bên phải cạnh chữ "Xóa tất cả" | D36: N/A | E36: Icon dấu "X" hiển thị rõ ràng để người dùng tắt giao diện giỏ hàng. | F36: Icon đóng hiển thị đúng vị trí. | G36: passed | H36: 46144
A37: FUNCTION
A38: TC_CART_11 | B38: Xác nhận người dùng thêm sản phẩm hợp lệ vào giỏ hàng thành công | C38: 1. Chọn sản phẩm bất kỳ 2. Nhấn nút "Thêm vào giỏ" | D38: N/A | E38: Sản phẩm được thêm vào giỏ hàng thành công. | F38: Sản phẩm đã được thêm vào giỏ. | G38: passed | H38: 46144
A39: TC_CART_12 | B39: Xác nhận sản phẩm hiển thị đúng thông tin (tên, giá, hình ảnh, số lượng) | C39: 1. Thêm sản phẩm vào giỏ 2. Quan sát thông tin trong giỏ | D39: N/A | E39: Sản phẩm hiển thị đúng thông tin tên, giá, hình ảnh và số lượng đã chọn. | F39: Thông tin hiển thị chính xác. | G39: passed | H39: 46144
A40: TC_CART_13 | B40: Xác nhận mở giỏ hàng khi click vào icon giỏ hàng | C40: 1. Nhấn vào icon giỏ hàng 2. Quan sát giao diện hiện ra | D40: N/A | E40: Popup hoặc panel giỏ hàng hiển thị đúng danh sách sản phẩm trong giỏ. | F40: Giỏ hàng hiển thị đúng danh sách món. | G40: passed | H40: 46144
A41: TC_CART_14 | B41: Xác nhận hiển thị đúng danh sách sản phẩm trong giỏ | C41: 1. Thêm nhiều sản phẩm 2. Click mở popup giỏ hàng | D41: N/A | E41: Danh sách các sản phẩm đã thêm hiển thị đầy đủ và chính xác. | F41: Hiển thị đúng danh sách sản phẩm. | G41: passed | H41: 46144
A42: TC_CART_15 | B42: Xác nhận dữ liệu được cập nhật ngay khi thay đổi số lượng | C42: 1. Thay đổi số lượng món ăn 2. Quan sát tổng tiền và số lượng | D42: Giỏ hàng có sản phẩm. | E42: Dữ liệu giỏ hàng được cập nhật tức thì (realtime). | F42: Dữ liệu cập nhật ngay lập tức. | G42: passed | H42: 46144
A43: TC_CART_16 | B43: Xác nhận dữ liệu được cập nhật ngay khi xóa sản phẩm | C43: 1. Nhấn xóa một món ăn 2. Quan sát danh sách giỏ hàng | D43: Giỏ hàng có sản phẩm. | E43: Dữ liệu giỏ hàng được cập nhật ngay sau khi món ăn bị loại bỏ. | F43: Cập nhật dữ liệu ngay khi xóa. | G43: passed | H43: 46144
A44: TC_CART_17 | B44: Xác nhận hiển thị thông báo "Giỏ hàng trống" khi không có sản phẩm | C44: 1. Mở giỏ hàng khi rỗng 2. Quan sát thông báo | D44: Giỏ hàng không có món. | E44: Hệ thống hiển thị đúng thông báo "Giỏ hàng trống". | F44: Hiển thị thông báo giỏ hàng trống. | G44: passed | H44: 46144
A45: TC_CART_18 | B45: Xác nhận không hiển thị danh sách sản phẩm khi giỏ trống | C45: 1. Mở giỏ hàng khi rỗng 2. Kiểm tra vùng danh sách | D45: Giỏ hàng không có món. | E45: Không hiển thị bất kỳ danh sách sản phẩm nào khi giỏ rỗng. | F45: Không hiển thị sản phẩm khi giỏ trống. | G45: passed | H45: 46144
A46: TC_CART_19 | B46: Xác nhận hiển thị đúng khi giỏ có 0 sản phẩm | C46: 1. Kiểm tra số lượng tổng 2. Quan sát trạng thái hiển thị | D46: Giỏ hàng không có món. | E46: Hệ thống hiển thị đúng trạng thái khi giỏ có 0 sản phẩm. | F46: Hiển thị đúng trạng thái 0 sản phẩm. | G46: passed | H46: 46144
A47: TC_CART_20 | B47: Xác nhận hiển thị đúng khi giỏ có 1 sản phẩm | C47: 1. Thêm 1 sản phẩm 2. Quan sát số lượng hiển thị | D47: N/A | E47: Hệ thống hiển thị đúng thông tin khi giỏ hàng có 1 sản phẩm. | F47: Hiển thị đúng trạng thái 1 sản phẩm. | G47: passed | H47: 46144
A48: TC_CART_21 | B48: Xác nhận hiển thị đúng khi giỏ có nhiều sản phẩm (không quá 50 loại) | C48: 1. Thêm nhiều loại sản phẩm 2. Quan sát danh sách hiển thị | D48: Số lượng loại sản phẩm $\le$ 50. | E48: Hệ thống hiển thị đầy đủ và chính xác khi giỏ có nhiều sản phẩm. | F48: Hiển thị đúng nhiều sản phẩm. | G48: passed | H48: 46144
A49: TC_CART_22 | B49: Xác nhận xóa 1 sản phẩm khỏi giỏ hàng thành công | C49: 1. Nhấn nút xóa 1 sản phẩm 2. Kiểm tra lại danh sách | D49: Giỏ hàng có sản phẩm. | E49: Sản phẩm được chọn xóa thành công khỏi giỏ hàng. | F49: Xóa 1 sản phẩm thành công. | G49: passed | H49: 46144
... A86: TC_CART_59 | B86: Xác nhận tổng số tiền của giỏ hàng giảm xuống khi người dùng xóa bớt sản phẩm | C86: 1. Xóa một sản phẩm khỏi giỏ 2. Quan sát ô Tổng tiền | D86: Giỏ hàng đang có sản phẩm. | E86: Giá trị tại ô Tổng tiền giảm xuống một khoản đúng bằng thành tiền của sản phẩm vừa xóa. | F86: Tổng tiền giảm chính xác khi xóa món. | G86: passed | H86: 46144
C221: Function / Page fields | D221: Condition Testing
C222: Happy case tổng thể giỏ hàng | D222: Người dùng thêm sản phẩm hợp lệ vào giỏ hàng thành công
D223: Sản phẩm hiển thị đúng thông tin (tên, giá, hình ảnh, số lượng)
C224: Popup / panel giỏ hàng | D224: Mở giỏ hàng khi click vào icon giỏ hàng
D225: Hiển thị đúng danh sách sản phẩm trong giỏ
C226: Cập nhật giỏ hàng realtime | D226: Khi thay đổi số lượng thì dữ liệu được cập nhật ngay
D227: Khi xóa sản phẩm thì dữ liệu được cập nhật ngay
C228: Số lượng sản phẩm trong giỏ (trạng thái) | D228: Hiển thị thông báo "Giỏ hàng trống" khi không có sản phẩm
D229: Không hiển thị danh sách sản phẩm khi giỏ trống
D230: Hiển thị đúng khi giỏ có 0 sản phẩm
D231: Hiển thị đúng khi giỏ có 1 sản phẩm
D232: Hiển thị đúng khi giỏ có nhiều sản phẩm (≤ 50 loại)
C233: Xóa sản phẩm | D233: Xóa 1 sản phẩm khỏi giỏ thành công
D234: Xóa nhiều sản phẩm đã chọn thành công
D235: Xóa toàn bộ sản phẩm trong giỏ thành công
C236: Số lượng sản phẩm (min: 1, max: 50) | D236: Khi nhấn nút "+" thì số lượng tăng lên 1
D237: Khi nhấn nút "-" thì số lượng giảm xuống 1
D238: Có thể chọn số lượng từ danh sách
D239: Khi số lượng ≥ 1 thì cập nhật thành công
D240: Khi nhập số lượng = 0 thì hệ thống không cho phép hoặc tự động xóa sản phẩm
D241: Khi số lượng > 50 thì hệ thống không cho phép
C242: Số lượng món khác nhau trong giỏ (max: 50) | D242: Khi thêm sản phẩm mới thì sản phẩm được thêm vào giỏ
D243: Khi tổng số loại sản phẩm ≤ 50 thì thêm thành công
D244: Khi tăng số lượng liên tục thì không vượt quá 50
D245: Khi giảm số lượng liên tục thì không nhỏ hơn 1
D246: Khi thêm sản phẩm thứ 51 thì hệ thống từ chối
D247: Khi xóa bớt sản phẩm thì có thể thêm lại sản phẩm mới
D248: Khi thêm cùng 1 sản phẩm thì không tạo dòng mới mà tăng số lượng
C249: Trạng thái sản phẩm | D249: Khi sản phẩm đã bị xóa khỏi hệ thống thì không cho phép thêm vào giỏ hàng
D250: Khi sản phẩm đã bị xóa nhưng vẫn còn trong giỏ thì hiển thị thông báo và không cho đặt hàng
D251: Khi sản phẩm bị ẩn (ngừng bán) thì không cho phép thêm mới
D252: Khi sản phẩm hết hàng thì không cho phép thêm vào giỏ
D253: Khi sản phẩm trong giỏ bị hết hàng thì hiển thị cảnh báo cho người dùng
D254: Khi sản phẩm hết hàng thì không cho tăng số lượng
D255: Khi tồn kho = 1 thì không cho tăng số lượng lên 2
D256: Khi tồn kho < số lượng trong giỏ thì tự động giảm về mức tối đa cho phép
D257: Khi thêm sản phẩm vượt quá tồn kho thì hệ thống từ chối
D258: Khi sản phẩm bị đổi ID / biến thể (size, loại) thì giỏ hàng cập nhật đúng
D259: Khi sản phẩm thuộc cửa hàng đã đóng thì không cho thao tác
C260: Checkbox chọn sản phẩm | D260: Có thể chọn 1 sản phẩm
D261: Có thể chọn nhiều sản phẩm
D262: Có thể chọn tất cả sản phẩm
D263: Có thể bỏ chọn sản phẩm
C264: Thành tiền = đơn giá * số lượng * (100 - giảm giá) | D264: Thành tiền của từng sản phẩm được tính chính xác
D265: Khi giá sản phẩm thay đổi thì giỏ hàng cập nhật giá mới
D266: Hiển thị thông báo khi giá thay đổi
D267: Khi chương trình giảm giá kết thúc thì giá trong giỏ được cập nhật lại
D268: Khi áp dụng giảm giá thì thành tiền tính đúng theo giá mới
D269: Tổng tiền tăng khi thêm sản phẩm
D270: Tổng tiền giảm khi xóa sản phẩm
D271: Tổng tiền thay đổi đúng khi cập nhật số lượng
C272: Cập nhật giỏ hàng realtime | D272: Khi thay đổi số lượng thì dữ liệu được cập nhật ngay
D273: Khi xóa sản phẩm thì dữ liệu được cập nhật ngay

Sheet Thanh toán
A1: Project Name | B1: XÂY DỰNG HỆ THỐNG DISHNET - NỀN TẢNG MẠNG XÃ HỘI KINH DOANH ẨM THỰC
A2: Module Code | B2: Thanh toán
A3: Người kiểm tra | B3: Huỳnh Thị Vy
B4: Hoàn thành | C4: Lỗi | D4: Chưa kiểm tra | E4: Bị chăn | F4: Tổng số trường hợp thử nghiệm
A5: Round 1 | B5: =COUNTIF(G27:G986,"passed") -> 69 | C5: =COUNTIF(G27:G986,"failed") -> 0 | D5: =COUNTIF(G27:G986,"untest") -> 0 | E5: =COUNTIF(G27:G986,"blocked") -> 0 | F5: =COUNTIF(A23:A982, "*CHECK*") -> 69
A6: Round 2 | B6: =COUNTIF(I27:I987,"passed") -> 0 | C6: =COUNTIF(I27:I986,"failed") -> 0 | D6: =COUNTIF(G27:G986,"untest") -> 0 | E6: =COUNTIF(G27:G986,"blocked") -> 0 | F6: =COUNTIF(A24:A983, "*CHECK*") -> 69
A23: Test Case ID | B23: Mô tả | C23: Hành động | D23: Điều kiện tiên quyết | E23: Kết quả mong đợi | F23: Kết quả thực tế | G23: Kết quả | I23: Kết quả | K23: Chú thích
G24: Vòng 1 | I24: Vòng 2
G25: Trạng thái | H25: Ngày kiểm tra | I25: Trạng thái | J25: Ngày kiểm tra
A26: GUI
A27: GUI_CHECK_01 | B27: Xác nhận hiển thị đúng tiêu đề trang và nút quay lại | C27: 1. Truy cập vào trang Thanh toán 2. Quan sát phần đầu trang | D27: Đã chọn sản phẩm từ giỏ hàng. | E27: Hiển thị tiêu đề "Thanh toán" kèm icon mũi tên quay lại trang trước đó. | F27: Tiêu đề và nút quay lại hiển thị đúng. | G27: passed | H27: 46144
A28: GUI_CHECK_02 | B28: Xác nhận hiển thị khối thông tin giao hàng với đầy đủ các trường nhập liệu | C28: 1. Quan sát phần "Xác nhận thông tin giao hàng" 2. Kiểm tra các ô nhập liệu | D28: N/A | E28: Hiển thị đủ các trường: Tên người nhận, Số điện thoại, Địa chỉ giao hàng và Ghi chú cho tài xế. | F28: Các trường nhập liệu hiển thị đầy đủ. | G28: passed | H28: 46144
A29: GUI_CHECK_03 | B29: Xác nhận hiển thị khối thông tin tóm tắt đơn hàng theo từng Quán ăn | C29: 1. Cuộn trang xuống phần danh sách món 2. Quan sát cách phân nhóm | D29: Đơn hàng có sản phẩm từ nhiều quán khác nhau. | E29: Các món ăn được nhóm theo từng Quán ăn cụ thể, hiển thị rõ Tạm tính và Tổng từng quán. | F29: Thông tin đơn hàng phân nhóm theo quán chính xác. | G29: passed | H29: 46144
A30: GUI_CHECK_04 | B30: Xác nhận hiển thị bảng "Chi tiết thanh toán" cố định ở phía bên phải | C30: 1. Quan sát bảng tóm tắt chi phí bên phải màn hình | D30: N/A | E30: Hiển thị đầy đủ các dòng: Tạm tính, Phí vận chuyển, Giảm giá và Tổng thanh toán. | F30: Bảng chi tiết thanh toán hiển thị đúng vị trí và thành phần. | G30: passed | H30: 46144
A31: GUI_CHECK_05 | B31: Xác nhận hiển thị nút "Đặt đơn" với màu sắc nổi bật | C31: 1. Quan sát nút thực hiện đặt hàng bên dưới bảng chi phí | D31: N/A | E31: Nút "Đặt đơn" hiển thị với kích thước lớn, màu cam/đỏ nổi bật và chữ trắng rõ ràng. | F31: Nút Đặt đơn hiển thị đúng thiết kế. | G31: passed | H31: 46144
A32: GUI_CHECK_06 | B32: Xác nhận hiển thị khu vực chọn "Hình thức thanh toán" | C32: 1. Cuộn trang xuống phần chọn phương thức thanh toán | D32: N/A | E32: Hiển thị danh sách các phương thức (VD: VNPAY) kèm logo và mô tả ngắn gọn. | F32: Hình thức thanh toán hiển thị rõ ràng. | G32: passed | H32: 46144
A33: GUI_CHECK_07 | B33: Xác nhận hiển thị ô nhập mã khuyến mãi và các nút chức năng đi kèm | C33: 1. Quan sát khu vực "Mã khuyến mãi" 2. Kiểm tra nút "Chọn mã" và "Áp dụng" | D33: N/A | E33: Hiển thị ô input nhập text, nút "Chọn mã" màu trắng và nút "Áp dụng" màu xanh lá. | F33: Khu vực mã khuyến mãi hiển thị đủ thành phần. | G33: passed | H33: 46144
A34: GUI_CHECK_08 | B34: Xác nhận hiển thị đúng định dạng tiền tệ (VNĐ) cho toàn bộ các con số | C34: 1. Kiểm tra tất cả các con số giá tiền trên giao diện | D34: N/A | E34: Tất cả giá tiền phải có dấu chấm phân cách hàng nghìn và ký hiệu "đ" phía sau (VD: 484.000đ). | F34: Định dạng tiền tệ hiển thị đồng nhất và chính xác. | G34: passed | H34: 46144
A35: GUI_CHECK_09 | B35: Xác nhận hiển thị màu sắc phân biệt cho số tiền "Tổng thanh toán" | C35: 1. Quan sát dòng Tổng thanh toán trong bảng chi tiết | D35: N/A | E35: Con số tổng thanh toán cuối cùng phải được in đậm và hiển thị màu đỏ để gây chú ý. | F35: Tổng thanh toán hiển thị nổi bật với màu đỏ. | G35: passed | H35: 46144
A36: GUI_CHECK_10 | B36: Xác nhận hiển thị placeholder hướng dẫn trong các ô nhập liệu | C36: 1. Quan sát các ô nhập liệu khi chưa có dữ liệu | D36: N/A | E36: Các ô nhập liệu hiển thị text gợi ý mờ (VD: "Ví dụ: Gọi trước khi giao", "Nhập mã khuyến mãi"). | F36: Placeholder hiển thị đúng nội dung hướng dẫn. | G36: passed | H36: 46144
A37: FUNCTION
A38: TC_CHECK_11 | B38: Xác nhận hệ thống hiển thị sẵn thông tin Tên người nhận nếu đã có dữ liệu trước đó | C38: 1. Truy cập trang Thanh toán 2. Kiểm tra ô Tên người nhận | D38: Người dùng đã cập nhật tên trong hồ sơ. | E38: Ô Tên người nhận tự động hiển thị giá trị đã lưu sẵn. | F38: Thông tin tên hiển thị sẵn. | G38: passed | H38: 46144
A39: TC_CHECK_12 | B39: Xác nhận hệ thống cho phép chỉnh sửa và lưu lại giá trị mới của Tên người nhận | C39: 1. Nhập tên mới vào ô Tên người nhận 2. Chuyển sang ô khác hoặc nhấn lưu | D39: N/A | E39: Hệ thống ghi nhận và lưu lại tên người nhận mới vừa nhập. | F39: Giá trị mới được lưu lại thành công. | G39: passed | H39: 46144
A40: TC_CHECK_13 | B40: Xác nhận hệ thống chặn đặt đơn và báo lỗi khi để trống Tên người nhận | C40: 1. Xóa trắng ô Tên người nhận 2. Nhấn nút "Đặt đơn" | D40: N/A | E40: Hệ thống hiển thị thông báo lỗi và không cho phép thực hiện đặt đơn. | F40: Chặn đặt đơn khi thiếu tên. | G40: passed | H40: 46144
A41: TC_CHECK_14 | B41: Xác nhận hiển thị thông báo lỗi khi nhập ký tự không hợp lệ vào Tên người nhận | C41: 1. Nhập ký tự đặc biệt hoặc số vào ô tên 2. Nhấn nút "Đặt đơn" | D41: N/A | E41: Hệ thống hiển thị thông báo lỗi về định dạng tên không hợp lệ. | F41: Hiển thị lỗi ký tự không hợp lệ. | G41: passed | H41: 46144
A42: TC_CHECK_15 | B42: Xác nhận hệ thống chấp nhận số điện thoại hợp lệ có đúng mười chữ số | C42: 1. Nhập đủ mười số vào ô Số điện thoại 2. Nhấn nút "Đặt đơn" | D42: N/A | E42: Hệ thống chấp nhận thông tin và cho phép tiến hành các bước tiếp theo. | F42: Chấp nhận số điện thoại mười chữ số. | G42: passed | H42: 46144
A43: TC_CHECK_16 | B43: Xác nhận hệ thống chặn nhập chữ hoặc ký tự đặc biệt vào ô Số điện thoại | C43: 1. Nhập chữ cái hoặc ký tự đặc biệt vào ô số điện thoại 2. Quan sát phản hồi | D43: N/A | E43: Hệ thống không cho phép nhập hoặc hiển thị thông báo lỗi không đúng định dạng. | F43: Không cho phép nhập ký tự lạ. | G43: passed | H43: 46144
A44: TC_CHECK_17 | B44: Xác nhận hiển thị thông báo lỗi khi nhập số điện thoại chỉ có chín chữ số | C44: 1. Nhập chín chữ số vào ô Số điện thoại 2. Nhấn nút "Đặt đơn" | D44: N/A | E44: Hệ thống hiển thị thông báo lỗi yêu cầu nhập đủ số lượng chữ số. | F44: Hiển thị lỗi khi thiếu số. | G44: passed | H44: 46144
A45: TC_CHECK_18 | B45: Xác nhận hiển thị thông báo lỗi khi nhập số điện thoại có mười một chữ số | C45: 1. Nhập mười một chữ số vào ô Số điện thoại 2. Nhấn nút "Đặt đơn" | D45: N/A | E45: Hệ thống hiển thị thông báo lỗi yêu cầu nhập đúng định dạng mười số. | F45: Hiển thị lỗi khi thừa số. | G45: passed | H45: 46144
A46: TC_CHECK_19 | B46: Xác nhận hiển thị thông báo lỗi khi số điện thoại không bắt đầu bằng số không | C46: 1. Nhập mười chữ số bắt đầu bằng số khác số không 2. Nhấn nút "Đặt đơn" | D46: N/A | E46: Hệ thống hiển thị thông báo lỗi yêu cầu số điện thoại phải bắt đầu bằng số không. | F46: Báo lỗi khi không bắt đầu bằng số 0. | G46: passed | H46: 46144
A47: TC_CHECK_20 | B47: Xác nhận hệ thống cho phép lưu địa chỉ giao hàng hợp lệ | C47: 1. Nhập địa chỉ cụ thể vào ô Địa chỉ giao hàng 2. Nhấn nút "Đặt đơn" | D47: N/A | E47: Hệ thống ghi nhận địa chỉ và cho phép lưu thông tin để đặt đơn. | F47: Lưu địa chỉ hợp lệ thành công. | G47: passed | H47: 46144
A48: TC_CHECK_21 | B48: Xác nhận hệ thống chặn đặt đơn khi để trống Địa chỉ giao hàng | C48: 1. Để trống ô Địa chỉ giao hàng 2. Nhấn nút "Đặt đơn" | D48: N/A | E48: Hệ thống hiển thị yêu cầu nhập địa chỉ và không cho phép đặt đơn. | F48: Chặn đặt đơn khi rỗng địa chỉ. | G48: passed | H48: 46144
A49: TC_CHECK_22 | B49: Xác nhận hệ thống cập nhật lại thông tin khi người dùng thay đổi địa chỉ | C49: 1. Nhập địa chỉ mới thay thế địa chỉ cũ 2. Quan sát thông tin tóm tắt | D49: N/A | E49: Thông tin địa chỉ mới được cập nhật chính xác trên hệ thống thanh toán. | F49: Cập nhật địa chỉ mới thành công. | G49: passed | H49: 46144
... A96: TC_CHECK_69 | B96: Xác nhận đơn hàng có trạng thái ban đầu là "Chờ xác nhận" sau khi đặt thành công | C96: 1. Hoàn tất đặt đơn thành công 2. Kiểm tra chi tiết đơn hàng | D96: N/A | E96: Trạng thái hiển thị của đơn hàng mới tạo phải là "Chờ xác nhận". | F96: Trạng thái mặc định là Chờ xác nhận. | G96: passed | H96: 46144

Sheet Đơn hàng của tôi
A1: Project Name | B1: XÂY DỰNG HỆ THỐNG DISHNET - NỀN TẢNG MẠNG XÃ HỘI KINH DOANH ẨM THỰC
A2: Module Code | B2: Đơn hàng của tôi
A3: Người kiểm tra | B3: Trần Thị Mai Yên
B4: Hoàn thành | C4: Lỗi | D4: Chưa kiểm tra | E4: Bị chăn | F4: Tổng số trường hợp thử nghiệm
A5: Round 1 | B5: =COUNTIF(G27:G942,"passed") -> 55 | C5: =COUNTIF(G27:G942,"failed") -> 0 | D5: =COUNTIF(G27:G942,"untest") -> 0 | E5: =COUNTIF(G27:G942,"blocked") -> 0 | F5: =COUNTIF(A23:A938, "*ORD*") -> 55
A6: Round 2 | B6: =COUNTIF(I27:I943,"passed") -> 0 | C6: =COUNTIF(I27:I942,"failed") -> 0 | D6: =COUNTIF(G27:G942,"untest") -> 0 | E6: =COUNTIF(G27:G942,"blocked") -> 0 | F6: =COUNTIF(A24:A939, "*ORD*") -> 55
A23: Test Case ID | B23: Mô tả | C23: Hành động | D23: Điều kiện tiên quyết | E23: Kết quả mong đợi | F23: Kết quả thực tế | G23: Kết quả | I23: Kết quả | K23: Chú thích
G24: Vòng 1 | I24: Vòng 2
G25: Trạng thái | H25: Ngày kiểm tra | I25: Trạng thái | J25: Ngày kiểm tra
A26: GUI
A27: GUI_ORD_01 | B27: Kiểm tra tiêu đề danh mục "Đơn Hàng" | C27: 1. Truy cập mục Đơn hàng 2. Quan sát sidebar bên trái | D27: N/A | E27: Tiêu đề "Đơn Hàng" hiển thị chữ in đậm, cỡ chữ lớn nổi bật. | F27: Hiển thị đúng tiêu đề. | G27: passed | H27: 46144
A28: GUI_ORD_02 | B28: Kiểm tra danh sách các tab trạng thái đơn hàng | C28: 1. Quan sát menu sidebar 2. Kiểm tra các mục lựa chọn | D28: N/A | E28: Hiển thị đủ 5 mục: Đã đặt, Đã mua, Đã hủy, Trả hàng, Đánh giá. | F28: Hiển thị đủ danh mục. | G28: passed | H28: 46144
A29: GUI_ORD_03 | B29: Kiểm tra hiệu ứng Active khi chọn tab trạng thái | C29: 1. Click lần lượt qua các tab 2. Quan sát màu nền tab | D29: N/A | E29: Tab đang chọn có màu nền xanh lá nhạt và chữ màu xanh lá đậm để nhận diện. | F29: Hiển thị đúng trạng thái Active. | G29: passed | H29: 46144
A30: GUI_ORD_04 | B30: Kiểm tra hiển thị thời gian và trạng thái chi tiết đơn | C30: 1. Quan sát góc trên bên phải card đơn 2. Kiểm tra text trạng thái | D30: N/A | E30: Hiển thị đúng giờ và text trạng thái (ví dụ: "Đang trên đường giao", "Đã giao đơn hàng"). | F30: Hiển thị đúng trạng thái. | G30: passed | H30: 46144
A31: GUI_ORD_05 | B31: Kiểm tra hiển thị thông tin món ăn (Ảnh, Tên, Số lượng) | C31: 1. Quan sát phần thân card đơn hàng 2. Kiểm tra các chi tiết món | D31: N/A | E31: Hiển thị ảnh đại diện món ăn, tên món, và số lượng theo định dạng "x[số lượng]". | F31: Hiển thị đúng chi tiết món. | G31: passed | H31: 46144
A32: GUI_ORD_06 | B32: Kiểm tra hiển thị giá tiền và Tổng cộng | C32: 1. Quan sát cột bên phải card đơn 2. Kiểm tra định dạng tiền tệ | D32: N/A | E32: Hiển thị giá lẻ và Tổng tiền có kèm đơn vị "đ" (ví dụ: 191.000đ). | F32: Hiển thị đúng định dạng tiền. | G32: passed | H32: 46144
A33: GUI_ORD_07 | B33: Kiểm tra nút "Xem chi tiết đơn" | C33: 1. Quan sát các nút chức năng 2. Kiểm tra hình dáng nút | D33: N/A | E33: Nút có màu nền trắng, viền xám nhẹ, bo góc, chữ đen nằm bên trái nhóm nút. | F33: Hiển thị đúng nút Xem. | G33: passed | H33: 46144
A34: GUI_ORD_08 | B34: Kiểm tra nút "Hủy đơn hàng" (Trạng thái Đã đặt) | C34: 1. Chọn tab "Đã đặt" 2. Quan sát nút chức năng | D34: Đơn hàng chưa giao. | E34: Nút "Hủy đơn hàng" hiển thị màu xám mờ bên cạnh nút Xem chi tiết. | F34: Hiển thị đúng nút Hủy. | G34: passed | H34: 46144
A35: GUI_ORD_09 | B35: Kiểm tra hiển thị "Đánh giá nhanh" (Trạng thái Đã mua) | C35: 1. Chọn tab "Đã mua" 2. Quan sát khu vực sao | D35: Đơn hàng đã giao thành công. | E35: Hiển thị dòng "Đánh giá nhanh:" kèm 5 icon ngôi sao màu vàng. | F35: Hiển thị đúng đánh giá nhanh. | G35: passed | H35: 46144
A36: GUI_ORD_10 | B36: Kiểm tra nút "Viết đánh giá" (Trạng thái Đã mua) | C36: 1. Chọn tab "Đã mua" 2. Quan sát màu sắc nút | D36: Đơn hàng đã giao. | E36: Nút "Viết đánh giá" hiển thị màu cam nổi bật ở giữa. | F36: Hiển thị đúng nút Đánh giá. | G36: passed | H36: 46144
A37: GUI_ORD_11 | B37: Kiểm tra nút "Yêu cầu hoàn tiền" (Trạng thái Đã mua) | C37: 1. Chọn tab "Đã mua" 2. Quan sát nút cuối cùng | D37: Đơn hàng đã giao. | E37: Nút "Yêu cầu hoàn tiền" hiển thị màu trắng, viền đen bên phải. | F37: Hiển thị đúng nút hoàn tiền. | G37: passed | H37: 46144
A38: GUI_ORD_12 | B38: Kiểm tra nút "Mua lại" (Trạng thái Đã hủy / Trả hàng) | C38: 1. Chọn tab Đã hủy hoặc Trả hàng 2. Quan sát nút chức năng | D38: N/A | E38: Nút "Mua lại" hiển thị màu xanh lá nhạt với chữ màu xanh đậm. | F38: Hiển thị đúng nút Mua lại. | G38: passed | H38: 46144
... A40: GUI_ORD_14 | B40: Kiểm tra layout tổng thể và khoảng cách giữa các card | C40: 1. Cuộn trang đơn hàng 2. Quan sát bố cục | D40: Có nhiều đơn hàng. | E40: Các đơn hàng được chia thành các khối (card) riêng biệt, có khoảng cách trắng (margin) hợp lý. | F40: Layout cân đối, dễ nhìn. | G40: passed | H40: 46144
A41: FUNCTION
A42: TC_ORD_15 | B42: Xác nhận đơn hàng hoàn tất luồng chuẩn và hiển thị trong tab "Đã mua" khi shipper giao thành công và user xác nhận | C42: 1. Đặt đơn -> Quán xác nhận -> Bàn giao shipper 2. Nhấn "Đã nhận hàng" | D42: Đơn hàng luồng chuẩn (không gia hạn). | E42: Đơn chuyển trạng thái "Đã giao" và xuất hiện đúng tại tab "Đã mua". | F42: Đơn hoàn tất luồng chuẩn. | G42: passed | H42: 46144
A43: TC_ORD_16 | B43: Xác nhận đơn hàng hoàn tất luồng gia hạn thành công khi quán gia hạn thêm thời gian chuẩn bị | C43: 1. Đặt đơn -> Quán chọn gia hạn 2. Hoàn tất giao hàng -> User xác nhận | D43: Đơn hàng có yêu cầu gia hạn từ quán. | E43: Đơn hàng vẫn chuyển trạng thái "Đã giao" thành công sau khi gia hạn. | F43: Hoàn tất luồng gia hạn. | G43: passed | H43: 46144
A44: TC_ORD_17 | B44: Xác nhận hiển thị đúng danh sách đơn khi user truy cập trang | C44: 1. Click vào mục "Đơn hàng" 2. Kiểm tra danh sách hiển thị | D44: Có dữ liệu đơn hàng trong hệ thống. | E44: Toàn bộ đơn hàng hiện có của user được tải lên đầy đủ. | F44: Hiển thị đúng danh sách. | G44: passed | H44: 46144
A45: TC_ORD_18 | B45: Xác nhận không duplicate dữ liệu khi người dùng reload trang nhiều lần | C45: 1. Nhấn F5 (reload) trang liên tục 2. Kiểm tra danh sách đơn | D45: N/A | E45: Danh sách đơn hàng không bị nhân bản, dữ liệu giữ nguyên. | F45: Không trùng lặp dữ liệu. | G45: passed | H45: 46144
A46: TC_ORD_19 | B46: Xác nhận hiển thị trạng thái trống (empty state) khi user không có đơn hàng | C46: 1. Truy cập trang bằng account chưa đặt đơn 2. Quan sát màn hình | D46: Tài khoản mới, chưa có lịch sử mua hàng. | E46: Hiển thị hình ảnh hoặc text thông báo "Chưa có đơn hàng". | F46: Hiển thị đúng empty state. | G46: passed | H46: 46144
A47: TC_ORD_20 | B47: Xác nhận hiển thị đúng đơn theo trạng thái khi click chọn tab | C47: 1. Click lần lượt các tab: Đã đặt, Đã mua... 2. Kiểm tra loại đơn hiển thị | D47: N/A | E47: Đơn hàng hiển thị khớp chính xác với tab trạng thái đang chọn. | F47: Chuyển tab hiển thị đúng. | G47: passed | H47: 46144
A48: TC_ORD_21 | B48: Xác nhận đơn hàng biến mất khỏi tab cũ khi đơn đổi trạng thái thành công | C48: 1. User/Quán cập nhật trạng thái đơn 2. Kiểm tra lại tab hiện tại | D48: Đơn đang ở trạng thái cũ. | E48: Đơn hàng không còn xuất hiện ở tab cũ, tự động chuyển sang tab mới. | F48: Cập nhật tab linh hoạt. | G48: passed | H48: 46144
A49: TC_ORD_22 | B49: Xác nhận hiển thị đúng tên món, giá và số lượng khi load thông tin đơn | C49: 1. Xem thông tin trên card đơn hàng 2. Đối chiếu với đơn đã đặt | D49: N/A | E49: Các thông tin định danh và tài chính hiển thị chính xác tuyệt đối. | F49: Thông tin hiển thị đúng. | G49: passed | H49: 46144
A50: TC_ORD_23 | B50: Xác nhận load đúng dữ liệu chi tiết khi user click vào đơn hàng | C50: 1. Nhấn nút "Xem chi tiết đơn" 2. Kiểm tra trang chi tiết mở ra | D50: N/A | E50: Toàn bộ thông tin chi tiết của đúng mã đơn đó được hiển thị. | F50: Load chi tiết chính xác. | G50: passed | H50: 46144
A51: TC_ORD_24 | B51: Xác nhận hiển thị lỗi khi API chi tiết fail lúc người dùng click | C51: 1. Click "Xem chi tiết đơn" khi mạng lỗi 2. Quan sát phản hồi | D51: Kết nối thất bại khi gọi API chi tiết. | E51: Thông báo lỗi hiển thị, không treo màn hình. | F51: Hiển thị lỗi API. | G51: passed | H51: 46144
A52: TC_ORD_25 | B52: Xác nhận đơn chuyển vào trạng thái "Chờ xác nhận" khi user vừa đặt đơn thành công | C52: 1. Thực hiện thanh toán/đặt đơn 2. Kiểm tra tab "Đã đặt" | D52: N/A | E52: Đơn hàng mới xuất hiện với trạng thái khởi tạo là "Chờ xác nhận". | F52: Ghi nhận trạng thái chờ. | G52: passed | H52: 46144
A53: TC_ORD_26 | B53: Xác nhận đơn chuyển "Đang chuẩn bị" khi quán nhấn xác nhận đơn | C53: 1. Quán nhận thông báo và nhấn "Xác nhận" 2. User kiểm tra lại đơn | D53: Đơn đang ở trạng thái Chờ xác nhận. | E53: Trạng thái đơn cập nhật thành "Đang chuẩn bị" trên hệ thống. | F53: Chuyển trạng thái đúng. | G53: passed | H53: 46144
... A82: TC_ORD_55 | B82: Xác nhận hiển thị thông báo lỗi khi thêm sản phẩm thất bại trong luồng mua lại | C82: 1. Nhấn "Mua lại" khi gặp lỗi hệ thống 2. Quan sát UI | D82: Lỗi xử lý thêm vào giỏ hàng. | E82: Màn hình hiển thị thông báo lỗi cụ thể về việc thêm thất bại. | F82: Người dùng nhận được thông tin phản hồi kịp thời khi hệ thống không thể xử lý yêu cầu mua lại do lỗi phát sinh. | G82: passed | H82: 46144

Sheet Đánh giá đơn hàng
A1: Project Name | B1: XÂY DỰNG HỆ THỐNG DISHNET - NỀN TẢNG MẠNG XÃ HỘI KINH DOANH ẨM THỰC
A2: Module Code | B2: Đánh giá đơn hàng
A3: Người kiểm tra | B3: Lê Văn Cường
B4: Hoàn thành | C4: Lỗi | D4: Chưa kiểm tra | E4: Bị chăn | F4: Tổng số trường hợp thử nghiệm
A5: Round 1 | B5: =COUNTIF(G27:G941,"passed") -> 48 | C5: =COUNTIF(G27:G941,"failed") -> 0 | D5: =COUNTIF(G27:G941,"untest") -> 0 | E5: =COUNTIF(G27:G941,"blocked") -> 0 | F5: =COUNTIF(A23:A937, "*REV*") -> 48
A6: Round 2 | B6: =COUNTIF(I27:I942,"passed") -> 0 | C6: =COUNTIF(I27:I941,"failed") -> 0 | D6: =COUNTIF(G27:G941,"untest") -> 0 | E6: =COUNTIF(G27:G941,"blocked") -> 0 | F6: =COUNTIF(A24:A938, "*REV*") -> 48
A23: Test Case ID | B23: Mô tả | C23: Hành động | D23: Điều kiện tiên quyết | E23: Kết quả mong đợi | F23: Kết quả thực tế | G23: Kết quả | I23: Kết quả | K23: Chú thích
G24: Vòng 1 | I24: Vòng 2
G25: Trạng thái | H25: Ngày kiểm tra | I25: Trạng thái | J25: Ngày kiểm tra
A26: GUI
A27: GUI_REV_01 | B27: Xác nhận hiển thị đúng tiêu đề của popup đánh giá | C27: 1. Nhấn nút "Thêm đánh giá" 2. Quan sát phần đầu popup | D27: Đã mua hàng thành công. | E27: Tiêu đề hiển thị nội dung "VIẾT ĐÁNH GIÁ" được căn giữa và in đậm. | F27: Tiêu đề hiển thị đúng. | G27: passed | H27: 46144
A28: GUI_REV_02 | B28: Xác nhận hiển thị nút đóng (icon X) ở góc trên bên phải | C28: 1. Mở popup đánh giá 2. Quan sát góc trên bên phải | D28: N/A | E28: Hiển thị icon dấu "X" rõ ràng để người dùng có thể đóng popup. | F28: Icon đóng hiển thị đúng vị trí. | G28: passed | H28: 46144
A29: GUI_REV_03 | B29: Xác nhận hiển thị thông tin cửa hàng và món ăn cần đánh giá | C29: 1. Mở popup đánh giá 2. Quan sát phần thông tin phía trên | D29: N/A | E29: Hiển thị đúng tên cửa hàng (VD: Nét Huế), ảnh đại diện món ăn và tên món ăn. | F29: Thông tin món ăn hiển thị đầy đủ. | G29: passed | H29: 46144
A30: GUI_REV_04 | B30: Xác nhận hiển thị năm ngôi sao để người dùng chọn mức độ hài lòng | C30: 1. Mở popup đánh giá 2. Quan sát khu vực bên phải tên cửa hàng | D30: N/A | E30: Hiển thị đầy đủ hàng ngang gồm năm icon hình ngôi sao để chấm điểm. | F30: Năm ngôi sao hiển thị đúng thiết kế. | G30: passed | H30: 46144
A31: GUI_REV_05 | B31: Xác nhận hiển thị ô nhập liệu (Textarea) để viết nội dung đánh giá | C31: 1. Quan sát phần "Chia sẻ suy nghĩ của bạn" | D31: N/A | E31: Hiển thị một khung nhập liệu lớn có chứa nội dung gợi ý (placeholder) bên trong. | F31: Khung nhập liệu hiển thị rõ ràng. | G31: passed | H31: 46144
A32: GUI_REV_06 | B32: Xác nhận hiển thị bộ đếm ký tự trong khung nhập liệu | C32: 1. Quan sát góc dưới bên phải của khung nhập liệu | D32: N/A | E32: Hiển thị chỉ số đếm ký tự (VD: 0/300) để giới hạn độ dài nội dung. | F32: Bộ đếm ký tự hiển thị đúng. | G32: passed | H32: 46144
A33: GUI_REV_07 | B33: Xác nhận hiển thị khu vực tải lên hình ảnh hoặc video | C33: 1. Quan sát phần "Thêm ảnh hoặc video" | D33: N/A | E33: Hiển thị một khối bo góc có chứa nút hoặc dòng chữ "Chọn ảnh / video". | F33: Khu vực tải ảnh hiển thị đúng. | G33: passed | H33: 46144
A34: GUI_REV_08 | B34: Xác nhận hiển thị tùy chọn "Đăng ẩn danh" kèm checkbox | C34: 1. Quan sát phần dưới cùng của nội dung popup | D34: N/A | E34: Hiển thị một checkbox kèm dòng chữ "Đăng ẩn danh" nằm bên trái. | F34: Tùy chọn ẩn danh hiển thị đúng. | G34: passed | H34: 46144
A35: GUI_REV_09 | B35: Xác nhận hiển thị nút "Gửi" ở vị trí trung tâm dưới cùng | C35: 1. Quan sát nút bấm cuối cùng trên popup | D35: N/A | E35: Nút "Gửi" hiển thị với màu xanh lá, chữ trắng và được căn giữa popup. | F35: Nút Gửi hiển thị đúng màu sắc. | G35: passed | H35: 46144
A36: GUI_REV_10 | B36: Xác nhận giao diện popup được căn giữa màn hình và có lớp phủ mờ phía sau | C36: 1. Mở popup đánh giá 2. Quan sát tổng thể màn hình | D36: N/A | E36: Popup nằm chính giữa màn hình, phần nền phía sau bị làm mờ đi để tập trung vào popup. | F36: Popup hiển thị đúng vị trí. | G36: passed | H36: 46144
A37: FUNCTION
A38: TC_REV_11 | B38: Xác nhận hiển thị đúng thông tin user (avatar, tên) khi mở popup | C38: 1. Đăng nhập tài khoản 2. Nhấn nút "Đánh giá" | D38: Tài khoản đã cập nhật profile. | E38: Popup hiển thị chính xác tên và ảnh đại diện người dùng. | F38: Hiển thị đúng thông tin user. | G38: passed | H38: 46144
A39: TC_REV_12 | B39: Xác nhận hiển thị đúng sản phẩm khi kiểm tra popup | C39: 1. Chọn sản phẩm trong đơn hàng 2. Nhấn nút "Đánh giá" | D39: Đơn hàng có sản phẩm cụ thể. | E39: Popup hiển thị đúng ảnh và tên sản phẩm cần đánh giá. | F39: Hiển thị đúng sản phẩm. | G39: passed | H39: 46144
A40: TC_REV_13 | B40: Xác nhận người dùng chọn số sao và nhập nội dung thành công khi thao tác | C40: 1. Click chọn mức sao 2. Gõ nội dung vào textbox | D40: N/A | E40: Hệ thống ghi nhận và hiển thị đúng số sao, văn bản đã nhập. | F40: Ghi nhận dữ liệu thành công. | G40: passed | H40: 46144
A41: TC_REV_14 | B41: Xác nhận gửi đánh giá thành công khi click "Gửi" | C41: 1. Nhập dữ liệu hợp lệ 2. Nhấn nút "Gửi" | D41: N/A | E41: Dữ liệu được gửi đi và lưu vào hệ thống thành công. | F41: Gửi đánh giá thành công. | G41: passed | H41: 46144
A42: TC_REV_15 | B42: Xác nhận hiển thị thông báo thành công sau khi gửi đánh giá | C42: 1. Nhấn nút "Gửi" 2. Quan sát phản hồi hệ thống | D42: Dữ liệu gửi đi thành công. | E42: Màn hình hiển thị thông báo gửi đánh giá thành công. | F42: Thông báo hiển thị đúng. | G42: passed | H42: 46144
A43: TC_REV_16 | B43: Xác nhận popup hiển thị thành công khi click "Đánh giá" | C43: 1. Truy cập đơn hàng 2. Click nút "Đánh giá" | D43: Đơn hàng ở trạng thái Đã giao. | E43: Giao diện popup đánh giá xuất hiện ngay lập tức. | F43: Popup hiển thị thành công. | G43: passed | H43: 46144
A44: TC_REV_17 | B44: Xác nhận có đầy đủ các thành phần chức năng khi mở popup | C44: 1. Click mở popup 2. Kiểm tra các control trên giao diện | D44: N/A | E44: Popup có đủ: tên, avatar, sản phẩm, rating, textbox, upload, checkbox. | F44: Đầy đủ thành phần. | G44: passed | H44: 46144
A45: TC_REV_18 | B45: Xác nhận đóng popup thành công khi click icon "X" | C45: 1. Click vào icon "X" 2. Quan sát trạng thái popup | D45: Popup đang mở. | E45: Popup đóng lại, người dùng quay về màn hình trước đó. | F45: Đóng popup thành công. | G45: passed | H45: 46144
A46: TC_REV_19 | B46: Xác nhận đóng popup thành công khi click ngoài popup | C46: 1. Mở popup đánh giá 2. Click vào vùng xám bên ngoài | D46: Hệ thống có tính năng click-outside. | E46: Popup tự động đóng lại khi nhận thao tác click ngoài. | F46: Đóng thành công. | G46: passed | H46: 46144
A47: TC_REV_20 | B47: Xác nhận hiển thị mặc định chưa chọn sao khi mở popup | C47: 1. Nhấn nút "Đánh giá" 2. Kiểm tra các ngôi sao | D47: N/A | E47: Tất cả 5 ngôi sao đều ở trạng thái chưa được chọn (tô màu). | F47: Mặc định chưa chọn sao. | G47: passed | H47: 46144
A48: TC_REV_21 | B48: Xác nhận chọn từ 1 đến 5 sao thành công khi click chọn | C48: 1. Nhấn lần lượt các mức sao 2. Kiểm tra số sao được chọn | D48: N/A | E48: Hệ thống hiển thị đúng số lượng sao đã được người dùng click. | F48: Chọn sao thành công. | G48: passed | H48: 46144
A49: TC_REV_22 | B49: Xác nhận thay đổi số sao thành công khi click lại mức khác | C49: 1. Đang chọn 5 sao 2. Click vào ngôi sao thứ 3 | D49: Đã chọn sao trước đó. | E49: Số sao được cập nhật lại chính xác theo vị trí mới (3 sao). | F49: Thay đổi số sao thành công. | G49: passed | H49: 46144
... A75: TC_REV_48 | B75: Xác nhận không hiện tên nếu chọn chế độ ẩn danh sau khi gửi | C75: 1. Đăng ẩn danh 2. Dùng tài khoản khác xem | D75: Đã tích chọn ẩn danh. | E75: Tên người đăng không hiển thị hoặc hiển thị "Người dùng ẩn danh". | F75: Ẩn danh thành công. | G75: passed | H75: 46144
