Workbook

Sheet Sprint1
A1: Project name: | C1: Xây dựng hệ thống DishNet - Nền tảng mạng xã hội kinh doanh ẩm thực
A2: Module name: | C2: Sprint 1
A3: Start date: | C3: 46099 | K3: Kết thúc đúng hạn
A4: End date: | C4: 46111 | K4: Muộn
K5: Trước thời hạn
B6: SPRINT 1 REPORT
B7: No | C7: Thành viên | D7: Thực tế | E7: Ước tính
B8: 1 | C8: Lê Văn Cường | D8: =SUMIF(E15:F63,"Cường",G15:G63)+SUMIF(E15:F63,"Vy, Thi, Cường",G15:G63)/3+SUMIF(E15:F63,"All team",G15:G63)/5+SUMIF(E15:F63,"Cường, Vy",G15:G63)/2 -> 25.8 | E8: =SUMIF(E15:F63,"Cường",H15:H63)+SUMIF(E15:F63,"Vy, Thi, Cường",H15:H63)/3+SUMIF(E15:F63,"All team",H15:H63)/5+SUMIF(E15:F63,"Cường, Vy",H15:H63)/2 -> 26
B9: 2 | C9: Phạm Đình Vân Ly | D9: =SUMIF(E15:F63,"Ly",G15:G63)+SUMIF(E15:F63,"Yên, Ly",G15:G63)/2+SUMIF(E15:F63,"All team",G15:G63)/5 -> 25.8 | E9: =SUMIF(E15:F63,"Ly",H15:H63)+SUMIF(E15:F63,"Yên, Ly",H15:H63)/2+SUMIF(E15:F63,"All team",H15:H63)/5 -> 26
B10: 3 | C10: Phan Thị Lệ Thi | D10: =SUMIF(E15:F63,"Thi",G15:G63)+SUMIF(E15:F63,"Vy, Thi, Cường",G15:G63)/3+SUMIF(E15:F63,"All team",G15:G63)/5+SUMIF(E15:F63,"Vy, Thi",G15:G63)/2+SUMIF(E15:F63,"Yên, Thi",G15:G63)/2 -> 28.8 | E10: =SUMIF(E15:F63,"Thi",H15:H63)+SUMIF(E15:F63,"Vy, Thi, Cường",H15:H63)/3+SUMIF(E15:F63,"All team",H15:H63)/5+SUMIF(E15:F63,"Vy, Thi",H15:H63)/2+SUMIF(E15:F63,"Yên, Thi",H15:H63)/2 -> 28
B11: 4 | C11: Huỳnh Thị Vy | D11: =SUMIF(E15:F63,"Vy",G15:G63)+SUMIF(E15:F63,"Vy, Thi, Cường",G15:G63)/3+SUMIF(E15:F63,"All team",G15:G63)/5+SUMIF(E15:F63,"Cường, Vy",G15:G63)/2+SUMIF(E15:F63,"Vy, Thi",G15:G63)/2 -> 29.8 | E11: =SUMIF(E15:F63,"Vy",H15:H63)+SUMIF(E15:F63,"Vy, Thi, Cường",H15:H63)/3+SUMIF(E15:F63,"All team",H15:H63)/5+SUMIF(E15:F63,"Cường, Vy",H15:H63)/2+SUMIF(E15:F63,"Vy, Thi",H15:H63)/2 -> 28
B12: 5 | C12: Trần Thị Mai Yên | D12: =SUMIF(E15:F63,"Yên",G15:G63)+SUMIF(E15:F63,"Yên, Ly",G15:G63)/2+SUMIF(E15:F63,"All team",G15:G63)/5+SUMIF(E15:F63,"Yên, Thi",G15:G63)/2 -> 26.8 | E12: =SUMIF(E15:F63,"Yên",H15:H63)+SUMIF(E15:F63,"Yên, Ly",H15:H63)/2+SUMIF(E15:F63,"All team",H15:H63)/5+SUMIF(E15:F63,"Yên, Thi",H15:H63)/2 -> 26
B13: Tổng | D13: =SUM(D8:D12) -> 137 | E13: =SUM(E8:E12) -> 134
A15: Sprint | B15: Compoment | C15: Task name | E15: Responsible Member | G15: Thực tế | H15: Ước tính | I15: 46099 | J15: 46100 | K15: 46101 | L15: 46102 | M15: 46103 | N15: 46104 | O15: 46105 | P15: 46106 | Q15: 46107 | R15: 46108 | S15: 46109 | T15: 46110 | U15: 46111
A16: Sprint 1 | B16: Họp kế hoạch Sprint | E16: All team | G16: =H16+I16 -> 10 | H16: 10 | I16: 0 | J16: 0 | K16: 0 | L16: 0 | M16: 0 | N16: 0 | O16: 0 | P16: 0 | Q16: 0 | R16: 0 | S16: 0 | T16: 0 | U16: 0
B17: Tạo Sprint Backlog 1 | E17: Yên, Ly | G17: =H17+J17 -> 4 | H17: 4 | I17: 4 | J17: 0 | K17: 0 | L17: 0 | M17: 0 | N17: 0 | O17: 0 | P17: 0 | Q17: 0 | R17: 0 | S17: 0 | T17: 0 | U17: 0
B18: Tạo tài liệu kiểm thử cho Sprint 1 | E18: Vy, Thi, Cường | G18: =H18+J18 -> 6 | H18: 6 | I18: 6 | J18: 0 | K18: 0 | L18: 0 | M18: 0 | N18: 0 | O18: 0 | P18: 0 | Q18: 0 | R18: 0 | S18: 0 | T18: 0 | U18: 0
B19: User interface design | C19: Đăng nhập, Đăng ký | E19: Cường | G19: =H19+K19 -> 2 | H19: 2 | I19: 2 | J19: 2 | K19: 0 | L19: 0 | M19: 0 | N19: 0 | O19: 0 | P19: 0 | Q19: 0 | R19: 0 | S19: 0 | T19: 0 | U19: 0
C20: Quên mật khẩu, Thống kê hệ thống | E20: Thi | G20: =H20+K20 -> 2 | H20: 2 | I20: 2 | J20: 2 | K20: 0 | L20: 0 | M20: 0 | N20: 0 | O20: 0 | P20: 0 | Q20: 0 | R20: 0 | S20: 0 | T20: 0 | U20: 0
C21: Quản lý đơn hàng hệ thống, Kiểm duyệt yêu cầu hệ thống | E21: Yên | G21: =H21+K22 -> 3 | H21: 2 | I21: 2 | J21: 2 | K21: 0 | L21: 0 | M21: 0 | N21: 0 | O21: 0 | P21: 0 | Q21: 0 | R21: 0 | S21: 0 | T21: 0 | U21: 0
K22: 1 | L22: 0 | M22: 0 | N22: 0 | O22: 0 | P22: 0 | Q22: 0 | R22: 0 | S22: 0 | T22: 0 | U22: 0
C23: Quản lý tài khoản, Quản lý doanh thu hệ thống | E23: Ly | G23: =H23+K23 -> 2 | H23: 2 | I23: 2 | J23: 2 | K23: 0 | L23: 0 | M23: 0 | N23: 0 | O23: 0 | P23: 0 | Q23: 0 | R23: 0 | S23: 0 | T23: 0 | U23: 0
C24: Quản lý khuyến mãi hệ thống | E24: Vy | G24: =H24+K24 -> 2 | H24: 2 | I24: 2 | J24: 2 | K24: 0 | L24: 0 | M24: 0 | N24: 0 | O24: 0 | P24: 0 | Q24: 0 | R24: 0 | S24: 0 | T24: 0 | U24: 0
C25: Review all user interfaces of sprint 1 | E25: All team | G25: =H25+L25 -> 10 | H25: 10 | I25: 10 | J25: 10 | K25: 10 | L25: 0 | M25: 0 | N25: 0 | O25: 0 | P25: 0 | Q25: 0 | R25: 0 | S25: 0 | T25: 0 | U25: 0
B26: Design test case | C26: Thiết kế trường kiểm thử cho đăng nhập, đăng ký | E26: Ly | G26: =H26+M26 -> 2 | H26: 2 | I26: 2 | J26: 2 | K26: 2 | L26: 2 | M26: 0 | N26: 0 | O26: 0 | P26: 0 | Q26: 0 | R26: 0 | S26: 0 | T26: 0 | U26: 0
C27: Thiết kế trường kiểm thử cho quên mật khẩu, thống kê hệ thống | E27: Yên | G27: =H27+M27 -> 2 | H27: 2 | I27: 2 | J27: 2 | K27: 2 | L27: 2 | M27: 0 | N27: 0 | O27: 0 | P27: 0 | Q27: 0 | R27: 0 | S27: 0 | T27: 0 | U27: 0
C28: Thiết kế trường kiểm thử cho quản lý đơn hàng hệ thống, kiểm duyệt yêu cầu hệ thống | E28: Vy | G28: =H28+M29 -> 3 | H28: 2 | I28: 2 | J28: 2 | K28: 2 | L28: 2 | M28: 0 | N28: 0 | O28: 0 | P28: 0 | Q28: 0 | R28: 0 | S28: 0 | T28: 0 | U28: 0
M29: 1
C30: Thiết kế trường kiểm thử cho quản lý tài khoản, quản lý doanh thu hệ thống | E30: Thi | G30: =H30+M30 -> 2 | H30: 2 | I30: 2 | J30: 2 | K30: 2 | L30: 2 | M30: 0 | N30: 0 | O30: 0 | P30: 0 | Q30: 0 | R30: 0 | S30: 0 | T30: 0 | U30: 0
C31: Thiết kế trường kiểm thử cho quản lý khuyến mãi hệ thống | E31: Cường | G31: =H31+M31 -> 2 | H31: 2 | I31: 2 | J31: 2 | K31: 2 | L31: 2 | M31: 0 | N31: 0 | O31: 0 | P31: 0 | Q31: 0 | R31: 0 | S31: 0 | T31: 0 | U31: 0
C32: Review all test case of sprint 1 | E32: All team | G32: =H32+N33 -> 9 | H32: 10 | I32: 10 | J32: 10 | K32: 10 | L32: 10 | M32: 10 | N32: 0 | O32: 0 | P32: 0 | Q32: 0 | R32: 0 | S32: 0 | T32: 0 | U32: 0
N33: -1
B34: Coding | C34: Thiết kế front-end đăng nhập, đăng ký | E34: Yên | G34: =H34 -> 2 | H34: 2 | I34: 2 | J34: 2 | K34: 2 | L34: 2 | M34: 2 | N34: 2 | O34: 0 | P34: 0 | Q34: 0 | R34: 0 | S34: 0 | T34: 0 | U34: 0
C35: Thiết kế front-end quên mật khẩu, thống kê hệ thống | E35: Vy | G35: =H35 -> 2 | H35: 2 | I35: 2 | J35: 2 | K35: 2 | L35: 2 | M35: 2 | N35: 2 | O35: 0 | P35: 0 | Q35: 0 | R35: 0 | S35: 0 | T35: 0 | U35: 0
C36: Thiết kế front-end quản lý đơn hàng hệ thống, kiểm duyệt yêu cầu hệ thống | E36: Thi | G36: =H36 -> 2 | H36: 2 | I36: 2 | J36: 2 | K36: 2 | L36: 2 | M36: 2 | N36: 2 | O36: 0 | P36: 0 | Q36: 0 | R36: 0 | S36: 0 | T36: 0 | U36: 0
C37: Thiết kế front-end quản lý tài khoản, doanh thu hệ thống | E37: Cường | G37: =H37 -> 2 | H37: 2 | I37: 2 | J37: 2 | K37: 2 | L37: 2 | M37: 2 | N37: 2 | O37: 0 | P37: 0 | Q37: 0 | R37: 0 | S37: 0 | T37: 0 | U37: 0
C38: Thiết kế front-end quản lý khuyến mãi hệ thống | E38: Ly | G38: =H38 -> 2 | H38: 2 | I38: 2 | J38: 2 | K38: 2 | L38: 2 | M38: 2 | N38: 2 | O38: 0 | P38: 0 | Q38: 0 | R38: 0 | S38: 0 | T38: 0 | U38: 0
C39: Code back-end đăng nhập, đăng ký | E39: Yên | G39: =H39+P39 -> 2 | H39: 2 | I39: 2 | J39: 2 | K39: 2 | L39: 2 | M39: 2 | N39: 2 | O39: 2 | P39: 0 | Q39: 0 | R39: 0 | S39: 0 | T39: 0 | U39: 0
C40: Code back-end quên mật khẩu, thống kê hệ thống | E40: Vy | G40: =H40+P40 -> 2 | H40: 2 | I40: 2 | J40: 2 | K40: 2 | L40: 2 | M40: 2 | N40: 2 | O40: 2 | P40: 0 | Q40: 0 | R40: 0 | S40: 0 | T40: 0 | U40: 0
C41: Code back-end quản lý đơn hàng hệ thống, kiểm duyệt yêu cầu hệ thống | E41: Thi | G41: =H41+P42 -> 3 | H41: 2 | I41: 2 | J41: 2 | K41: 2 | L41: 2 | M41: 2 | N41: 2 | O41: 2 | P41: 0 | Q41: 0 | R41: 0 | S41: 0 | T41: 0 | U41: 0
P42: 1
C43: Code back-end quản lý tài khoản, xem quản lý doanh thu hệ thống | E43: Cường | G43: =H43+P43 -> 2 | H43: 2 | I43: 2 | J43: 2 | K43: 2 | L43: 2 | M43: 2 | N43: 2 | O43: 2 | P43: 0 | Q43: 0 | R43: 0 | S43: 0 | T43: 0 | U43: 0
C44: Code back-end quản lý khuyến mãi hệ thống | E44: Ly | G44: =H44+P44 -> 2 | H44: 2 | I44: 2 | J44: 2 | K44: 2 | L44: 2 | M44: 2 | N44: 2 | O44: 2 | P44: 0 | Q44: 0 | R44: 0 | S44: 0 | T44: 0 | U44: 0
C45: Integrate code | E45: Vy, Thi | G45: =H45+Q45 -> 4 | H45: 4 | I45: 4 | J45: 4 | K45: 4 | L45: 4 | M45: 4 | N45: 4 | O45: 4 | P45: 4 | Q45: 0 | R45: 0 | S45: 0 | T45: 0 | U45: 0
B46: Testing | C46: Kiểm tra đăng nhập, đăng ký | E46: Ly | G46: =H46+Q46 -> 2 | H46: 2 | I46: 2 | J46: 2 | K46: 2 | L46: 2 | M46: 2 | N46: 2 | O46: 2 | P46: 2 | Q46: 0 | R46: 0 | S46: 0 | T46: 0 | U46: 0
C47: Kiểm tra quên mật khẩu, thống kê hệ thống | E47: Yên | G47: =H47+Q47 -> 2 | H47: 2 | I47: 2 | J47: 2 | K47: 2 | L47: 2 | M47: 2 | N47: 2 | O47: 2 | P47: 2 | Q47: 0 | R47: 0 | S47: 0 | T47: 0 | U47: 0
C48: Kiểm tra quản lý đơn hàng hệ thống, kiểm duyệt yêu cầu hệ thống | E48: Vy | G48: =H48+Q49 -> 3 | H48: 2 | I48: 2 | J48: 2 | K48: 2 | L48: 2 | M48: 2 | N48: 2 | O48: 2 | P48: 2 | Q48: 0 | R48: 0 | S48: 0 | T48: 0 | U48: 0
Q49: 1
C50: Kiểm tra quản lý tài khoản, quản lý doanh thu hệ thống | E50: Thi | G50: =H50+Q50 -> 2 | H50: 2 | I50: 2 | J50: 2 | K50: 2 | L50: 2 | M50: 2 | N50: 2 | O50: 2 | P50: 2 | Q50: 0 | R50: 0 | S50: 0 | T50: 0 | U50: 0
C51: Kiểm tra quản lý khuyến mãi hệ thống | E51: Cường | G51: =H51+Q51 -> 2 | H51: 2 | I51: 2 | J51: 2 | K51: 2 | L51: 2 | M51: 2 | N51: 2 | O51: 2 | P51: 2 | Q51: 0 | R51: 0 | S51: 0 | T51: 0 | U51: 0
B52: Fix Bug | C52: Sửa lỗi đăng nhập, đăng ký | E52: Yên | G52: =H52+R52 -> 2 | H52: 2 | I52: 2 | J52: 2 | K52: 2 | L52: 2 | M52: 2 | N52: 2 | O52: 2 | P52: 2 | Q52: 2 | R52: 0 | S52: 0 | T52: 0 | U52: 0
C53: Sửa lỗi quên mật khẩu, thống kê hệ thống | E53: Vy | G53: =H53+R53 -> 2 | H53: 2 | I53: 2 | J53: 2 | K53: 2 | L53: 2 | M53: 2 | N53: 2 | O53: 2 | P53: 2 | Q53: 2 | R53: 0 | S53: 0 | T53: 0 | U53: 0
C54: Sửa lỗi quản lý đơn hàng hệ thống, kiểm duyệt yêu cầu hệ thống | E54: Thi | G54: =H54+R54 -> 2 | H54: 2 | I54: 2 | J54: 2 | K54: 2 | L54: 2 | M54: 2 | N54: 2 | O54: 2 | P54: 2 | Q54: 2 | R54: 0 | S54: 0 | T54: 0 | U54: 0
C55: Sửa lỗi quản lý tài khoản, xem quản lý doanh thu hệ thống | E55: Cường | G55: =H55+R55 -> 2 | H55: 2 | I55: 2 | J55: 2 | K55: 2 | L55: 2 | M55: 2 | N55: 2 | O55: 2 | P55: 2 | Q55: 2 | R55: 0 | S55: 0 | T55: 0 | U55: 0
C56: Sửa lỗi quản lý khuyến mãi hệ thống | E56: Ly | G56: =H56+R56 -> 2 | H56: 2 | I56: 2 | J56: 2 | K56: 2 | L56: 2 | M56: 2 | N56: 2 | O56: 2 | P56: 2 | Q56: 2 | R56: 0 | S56: 0 | T56: 0 | U56: 0
B57: Re-testing | C57: Kiểm tra lại đăng nhập, đăng ký | E57: Ly | G57: =H57+S57 -> 2 | H57: 2 | I57: 2 | J57: 2 | K57: 2 | L57: 2 | M57: 2 | N57: 2 | O57: 2 | P57: 2 | Q57: 2 | R57: 2 | S57: 0 | T57: 0 | U57: 0
C58: Kiểm tra lại quên mật khẩu, thống kê hệ thống | E58: Yên | G58: =H58+S58 -> 2 | H58: 2 | I58: 2 | J58: 2 | K58: 2 | L58: 2 | M58: 2 | N58: 2 | O58: 2 | P58: 2 | Q58: 2 | R58: 2 | S58: 0 | T58: 0 | U58: 0
C59: Kiểm tra lại quản lý đơn hàng hệ thống, kiểm duyệt yêu cầu hệ thống | E59: Vy | G59: =H59+S59 -> 2 | H59: 2 | I59: 2 | J59: 2 | K59: 2 | L59: 2 | M59: 2 | N59: 2 | O59: 2 | P59: 2 | Q59: 2 | R59: 2 | S59: 0 | T59: 0 | U59: 0
C60: Kiểm tra lại quản lý tài khoản, xem quản lý doanh thu hệ thống | E60: Thi | G60: =H60+S60 -> 2 | H60: 2 | I60: 2 | J60: 2 | K60: 2 | L60: 2 | M60: 2 | N60: 2 | O60: 2 | P60: 2 | Q60: 2 | R60: 2 | S60: 0 | T60: 0 | U60: 0
C61: Kiểm tra lại quản lý khuyến mãi hệ thống | E61: Cường | G61: =H61+S61 -> 2 | H61: 2 | I61: 2 | J61: 2 | K61: 2 | L61: 2 | M61: 2 | N61: 2 | O61: 2 | P61: 2 | Q61: 2 | R61: 2 | S61: 0 | T61: 0 | U61: 0
B62: Release Sprint 1 | C62: Sprint 1 review meeting | E62: All team | G62: =H62+T62 -> 10 | H62: 10 | I62: 10 | J62: 10 | K62: 10 | L62: 10 | M62: 10 | N62: 10 | O62: 10 | P62: 10 | Q62: 10 | R62: 10 | S62: 10 | T62: 0 | U62: 0
C63: Sprint 1 retrospective | E63: All team | G63: =H63+U63 -> 10 | H63: 10 | I63: 10 | J63: 10 | K63: 10 | L63: 10 | M63: 10 | N63: 10 | O63: 10 | P63: 10 | Q63: 10 | R63: 10 | S63: 10 | T63: 10 | U63: 0
B64: Tổng | E64: Thực tế | G64: =SUM(G16:G63) -> 137 | I64: =SUM(I16:I63) -> 124 | J64: =SUM(J16:J63) -> 114 | K64: =SUM(K16:K63)+K22 -> 106 | L64: =SUM(L16:L63) -> 94 | M64: =SUM(M16:M63)+M29 -> 86 | N64: =SUM(N16:N63)+N33 -> 72 | O64: =SUM(O16:O63) -> 64 | P64: =SUM(P16:P63)+P42 -> 56 | Q64: =SUM(Q16:Q63)+Q49 -> 42 | R64: =SUM(R16:R63) -> 30 | S64: =SUM(S16:S63) -> 20 | T64: =SUM(T16:T63) -> 10 | U64: =SUM(U16:U63) -> 0
E65: Ước tính | G65: =SUM(H16:H63) -> 134 | I65: =SUM(I16:I63) -> 124 | J65: =SUM(J16:J63) -> 114 | K65: =SUM(K16:K63) -> 105 | L65: =SUM(L16:L63) -> 94 | M65: =SUM(M16:M63) -> 85 | N65: =SUM(N16:N63) -> 73 | O65: =SUM(O16:O63) -> 64 | P65: =SUM(P16:P63) -> 55 | ... U65: =SUM(U16:U63) -> 0

Sheet Sprint2
A1: Project name: | C1: Xây dựng hệ thống DishNet - Nền tảng mạng xã hội kinh doanh ẩm thực
A2: Module name: | C2: Sprint 2
A3: Start date: | C3: 46112 | K3: Kết thúc đúng hạn
A4: End date: | C4: 46130 | K4: Muộn
K5: Trước thời hạn
B6: SPRINT 2 REPORT
B7: No | C7: Thành viên | D7: Thực tế | E7: Ước tính
B8: 1 | C8: Lê Văn Cường | D8: =SUMIF(E15:F104,"Cường",G15:G104)+SUMIF(E15:F104,"Vy, Thi, Cường",G15:G104)/3+SUMIF(E15:F104,"All team",G15:G104)/5 -> 39.8 | E8: =SUMIF(E15:F104,"Cường",H15:H104)+SUMIF(E15:F104,"Vy, Thi, Cường",H15:H104)/3+SUMIF(E15:F104,"All team",H15:H104)/5+SUMIF(E15:F104,"Cường, Ly",H15:H104)/2 -> 40
B9: 2 | C9: Phạm Đình Vân Ly | D9: =SUMIF(E15:F104,"Ly",G15:G104)+SUMIF(E15:F104,"Yên, Ly",G15:G104)/2+SUMIF(E15:F104,"All team",G15:G104)/5 -> 42.8 | E9: =SUMIF(E15:F104,"Ly",H15:H104)+SUMIF(E15:F104,"Yên, Ly",H15:H104)/2+SUMIF(E15:F104,"All team",H15:H104)/5+SUMIF(E15:F104,"Cường, Ly",H15:H104)/2 -> 40
B10: 3 | C10: Phan Thị Lệ Thi | D10: =SUMIF(E15:F104,"Thi",G15:G104)+SUMIF(E15:F104,"Vy, Thi, Cường",G15:G104)/3+SUMIF(E15:F104,"All team",G15:G104)/5 -> 38.8 | E10: =SUMIF(E15:F104,"Thi",H15:H104)+SUMIF(E15:F104,"Vy, Thi, Cường",H15:H104)/3+SUMIF(E15:F104,"All team",H15:H104)/5 -> 40
B11: 4 | C11: Huỳnh Thị Vy | D11: =SUMIF(E15:F104,"Vy",G15:G104)+SUMIF(E15:F104,"Vy, Thi, Cường",G15:G104)/3+SUMIF(E15:F104,"All team",G15:G104)/5 -> 39.8 | E11: =SUMIF(E15:F104,"Vy",H15:H104)+SUMIF(E15:F104,"Vy, Thi, Cường",H15:H104)/3+SUMIF(E15:F104,"All team",H15:H104)/5 -> 40
B12: 5 | C12: Trần Thị Mai Yên | D12: =SUMIF(E15:F104,"Yên",G15:G104)+SUMIF(E15:F104,"Yên, Ly",G15:G104)/2+SUMIF(E15:F104,"All team",G15:G104)/5 -> 41.8 | E12: =SUMIF(E15:F104,"Yên",H15:H104)+SUMIF(E15:F104,"Yên, Ly",H15:H104)/2+SUMIF(E15:F104,"All team",H15:H104)/5 -> 40
B13: Tổng | D13: =SUM(D8:D12) -> 203 | E13: =SUM(E8:E12) -> 200
A15: Sprint | B15: Compoment | C15: Task name | E15: Responsible Member | G15: Thực tế | H15: Ước tính | I15: 46112 | J15: 46113 | K15: 46114 | L15: 46115 | M15: 46116 | N15: 46117 | O15: 46118 | P15: 46119 | Q15: 46120 | R15: 46121 | S15: 46122 | T15: 46123 | U15: 46124 | V15: 46125 | W15: 46126 | X15: 46127 | Y15: 46128 | Z15: 46129 | AA15: 46130
A16: Sprint 2 | B16: Họp kế hoạch Sprint | E16: All team | G16: =H16+I16 -> 10 | H16: 10 | I16: 0 | J16: 0 | K16: 0 | L16: 0 | M16: 0 | N16: 0 | O16: 0 | P16: 0 | Q16: 0 | R16: 0 | S16: 0 | T16: 0 | U16: 0 | V16: 0 | W16: 0 | X16: 0 | Y16: 0 | Z16: 0 | AA16: 0
B17: Tạo Sprint Backlog 2 | E17: Yên, Ly | G17: =H17+J17 -> 4 | H17: 4 | I17: 4 | J17: 0 | K17: 0 | L17: 0 | M17: 0 | N17: 0 | O17: 0 | P17: 0 | Q17: 0 | R17: 0 | S17: 0 | T17: 0 | U17: 0 | V17: 0 | W17: 0 | X17: 0 | Y17: 0 | Z17: 0 | AA17: 0
B18: Tạo tài liệu kiểm thử cho Sprint | E18: Vy, Thi, Cường | G18: =H18+J18 -> 6 | H18: 6 | I18: 6 | J18: 0 | K18: 0 | L18: 0 | M18: 0 | N18: 0 | O18: 0 | P18: 0 | Q18: 0 | R18: 0 | S18: 0 | T18: 0 | U18: 0 | V18: 0 | W18: 0 | X18: 0 | Y18: 0 | Z18: 0 | AA18: 0
B19: User interface design | C19: Quản lý yêu cầu hỗ trợ | E19: Cường | G19: =H19+K19 -> 2 | H19: 2 | I19: 2 | J19: 2 | K19: 0 | L19: 0 | M19: 0 | N19: 0 | O19: 0 | P19: 0 | Q19: 0 | R19: 0 | S19: 0 | T19: 0 | U19: 0 | V19: 0 | W19: 0 | X19: 0 | Y19: 0 | Z19: 0 | AA19: 0
C20: Quản lý báo cáo/ khiếu nại | E20: Thi | G20: =H20+K20 -> 2 | H20: 2 | I20: 2 | J20: 2 | K20: 0 | L20: 0 | M20: 0 | N20: 0 | O20: 0 | P20: 0 | Q20: 0 | R20: 0 | S20: 0 | T20: 0 | U20: 0 | V20: 0 | W20: 0 | X20: 0 | Y20: 0 | Z20: 0 | AA20: 0
C21: Tổng quan cửa hàng | E21: Yên | G21: =H21+K21 -> 2 | H21: 2 | I21: 2 | J21: 2 | K21: 0 | L21: 0 | M21: 0 | N21: 0 | O21: 0 | P21: 0 | Q21: 0 | R21: 0 | S21: 0 | T21: 0 | U21: 0 | V21: 0 | W21: 0 | X21: 0 | Y21: 0 | Z21: 0 | AA21: 0
C22: Quản lý doanh thu cửa hàng | E22: Ly | G22: =H22+K22 -> 2 | H22: 2 | I22: 2 | J22: 2 | K22: 0 | L22: 0 | M22: 0 | N22: 0 | O22: 0 | P22: 0 | Q22: 0 | R22: 0 | S22: 0 | T22: 0 | U22: 0 | V22: 0 | W22: 0 | X22: 0 | Y22: 0 | Z22: 0 | AA22: 0
C23: Quản lý menu cửa hàng | E23: Vy | G23: =H23+K23 -> 2 | H23: 2 | I23: 2 | J23: 2 | K23: 0 | L23: 0 | M23: 0 | N23: 0 | O23: 0 | P23: 0 | Q23: 0 | R23: 0 | S23: 0 | T23: 0 | U23: 0 | V23: 0 | W23: 0 | X23: 0 | Y23: 0 | Z23: 0 | AA23: 0
C24: Quản lý đơn hàng của cửa hàng | E24: Cường | G24: =H24+L24 -> 2 | H24: 2 | I24: 2 | J24: 2 | K24: 2 | L24: 0 | M24: 0 | N24: 0 | O24: 0 | P24: 0 | Q24: 0 | R24: 0 | S24: 0 | T24: 0 | U24: 0 | V24: 0 | W24: 0 | X24: 0 | Y24: 0 | Z24: 0 | AA24: 0
C25: Quản lý khuyến mãi cửa hàng | E25: Thi | G25: =H25+L25 -> 2 | H25: 2 | I25: 2 | J25: 2 | K25: 2 | L25: 0 | M25: 0 | N25: 0 | O25: 0 | P25: 0 | Q25: 0 | R25: 0 | S25: 0 | T25: 0 | U25: 0 | V25: 0 | W25: 0 | X25: 0 | Y25: 0 | Z25: 0 | AA25: 0
C26: Tìm kiếm | E26: Yên | G26: =H26+L26 -> 2 | H26: 2 | I26: 2 | J26: 2 | K26: 2 | L26: 0 | M26: 0 | N26: 0 | O26: 0 | P26: 0 | Q26: 0 | R26: 0 | S26: 0 | T26: 0 | U26: 0 | V26: 0 | W26: 0 | X26: 0 | Y26: 0 | Z26: 0 | AA26: 0
C27: Hồ sơ cá nhân | E27: Ly | G27: =H27+L27 -> 2 | H27: 2 | I27: 2 | J27: 2 | K27: 2 | L27: 0 | M27: 0 | N27: 0 | O27: 0 | P27: 0 | Q27: 0 | R27: 0 | S27: 0 | T27: 0 | U27: 0 | V27: 0 | W27: 0 | X27: 0 | Y27: 0 | Z27: 0 | AA27: 0
C28: Tương tác bài viết | E28: Vy | G28: =H28+L28 -> 2 | H28: 2 | I28: 2 | J28: 2 | K28: 2 | L28: 0 | M28: 0 | N28: 0 | O28: 0 | P28: 0 | Q28: 0 | R28: 0 | S28: 0 | T28: 0 | U28: 0 | V28: 0 | W28: 0 | X28: 0 | Y28: 0 | Z28: 0 | AA28: 0
C29: Review all user interfaces of sprint 2 | E29: All team | G29: =H29+M29 -> 10 | H29: 10 | I29: 10 | J29: 10 | K29: 10 | L29: 10 | M29: 0 | N29: 0 | O29: 0 | P29: 0 | Q29: 0 | R29: 0 | S29: 0 | T29: 0 | U29: 0 | V29: 0 | W29: 0 | X29: 0 | Y29: 0 | Z29: 0 | AA29: 0
B30: Design test case | C30: Thiết kế trường kiểm thử cho quản lý yêu cầu hỗ trợ | E30: Ly | G30: =H30+N30 -> 2 | H30: 2 | I30: 2 | J30: 2 | K30: 2 | L30: 2 | M30: 2 | N30: 0 | O30: 0 | P30: 0 | Q30: 0 | R30: 0 | S30: 0 | T30: 0 | U30: 0 | V30: 0 | W30: 0 | X30: 0 | Y30: 0 | Z30: 0 | AA30: 0
C31: Thiết kế trường kiểm thử cho quản lý báo cáo/ khiếu nại | E31: Yên | G31: =H31+N31 -> 2 | H31: 2 | I31: 2 | J31: 2 | K31: 2 | L31: 2 | M31: 2 | N31: 0 | O31: 0 | P31: 0 | Q31: 0 | R31: 0 | S31: 0 | T31: 0 | U31: 0 | V31: 0 | W31: 0 | X31: 0 | Y31: 0 | Z31: 0 | AA31: 0
C32: Thiết kế trường kiểm thử cho tổng quan cửa hàng | E32: Vy | G32: =H32+N32 -> 2 | H32: 2 | I32: 2 | J32: 2 | K32: 2 | L32: 2 | M32: 2 | N32: 0 | O32: 0 | P32: 0 | Q32: 0 | R32: 0 | S32: 0 | T32: 0 | U32: 0 | V32: 0 | W32: 0 | X32: 0 | Y32: 0 | Z32: 0 | AA32: 0
C33: Thiết kế trường kiểm thử cho quản lý doanh thu cửa hàng | E33: Thi | G33: =H33+N33 -> 2 | H33: 2 | I33: 2 | J33: 2 | K33: 2 | L33: 2 | M33: 2 | N33: 0 | O33: 0 | P33: 0 | Q33: 0 | R33: 0 | S33: 0 | T33: 0 | U33: 0 | V33: 0 | W33: 0 | X33: 0 | Y33: 0 | Z33: 0 | AA33: 0
C34: Thiết kế trường kiểm thử cho quản lý menu cửa hàng | E34: Cường | G34: =H34+N34 -> 2 | H34: 2 | I34: 2 | J34: 2 | K34: 2 | L34: 2 | M34: 2 | N34: 0 | O34: 0 | P34: 0 | Q34: 0 | R34: 0 | S34: 0 | T34: 0 | U34: 0 | V34: 0 | W34: 0 | X34: 0 | Y34: 0 | Z34: 0 | AA34: 0
C35: Thiết kế trường kiểm thử cho quản lý đơn hàng của cửa hàng | E35: Ly | G35: =H35+O36 -> 3 | H35: 2 | I35: 2 | J35: 2 | K35: 2 | L35: 2 | M35: 2 | N35: 2 | O35: 0 | P35: 0 | Q35: 0 | R35: 0 | S35: 0 | T35: 0 | U35: 0 | V35: 0 | W35: 0 | X35: 0 | Y35: 0 | Z35: 0 | AA35: 0
O36: 1
C37: Thiết kế trường kiểm thử cho quản lý khuyến mãi cửa hàng | E37: Yên | G37: =H37+O37 -> 2 | H37: 2 | I37: 2 | J37: 2 | K37: 2 | L37: 2 | M37: 2 | N37: 2 | O37: 0 | P37: 0 | Q37: 0 | R37: 0 | S37: 0 | T37: 0 | U37: 0 | V37: 0 | W37: 0 | X37: 0 | Y37: 0 | Z37: 0 | AA37: 0
C38: Thiết kế trường kiểm thử cho tìm kiếm | E38: Vy | G38: =H38+O38 -> 2 | H38: 2 | I38: 2 | J38: 2 | K38: 2 | L38: 2 | M38: 2 | N38: 2 | O38: 0 | P38: 0 | Q38: 0 | R38: 0 | S38: 0 | T38: 0 | U38: 0 | V38: 0 | W38: 0 | X38: 0 | Y38: 0 | Z38: 0 | AA38: 0
C39: Thiết kế trường kiểm thử cho hồ sơ cá nhân | E39: Thi | G39: =H39+O39 -> 2 | H39: 2 | I39: 2 | J39: 2 | K39: 2 | L39: 2 | M39: 2 | N39: 2 | O39: 0 | P39: 0 | Q39: 0 | R39: 0 | S39: 0 | T39: 0 | U39: 0 | V39: 0 | W39: 0 | X39: 0 | Y39: 0 | Z39: 0 | AA39: 0
C40: Thiết kế trường kiểm thử cho tương tác bài viết | E40: Cường | G40: =H40+O40 -> 2 | H40: 2 | I40: 2 | J40: 2 | K40: 2 | L40: 2 | M40: 2 | N40: 2 | O40: 0 | P40: 0 | Q40: 0 | R40: 0 | S40: 0 | T40: 0 | U40: 0 | V40: 0 | W40: 0 | X40: 0 | Y40: 0 | Z40: 0 | AA40: 0
C41: Review all test case of sprint 2 | E41: All team | G41: =H41+P42 -> 9 | H41: 10 | I41: 10 | J41: 10 | K41: 10 | L41: 10 | M41: 10 | N41: 10 | O41: 10 | P41: 0 | Q41: 0 | R41: 0 | S41: 0 | T41: 0 | U41: 0 | V41: 0 | W41: 0 | X41: 0 | Y41: 0 | Z41: 0 | AA41: 0
P42: -1
B43: Coding | C43: Thiết kế front-end quản lý yêu cầu hỗ trợ | E43: Yên | G43: =H43+Q43 -> 2 | H43: 2 | I43: 2 | J43: 2 | K43: 2 | L43: 2 | M43: 2 | N43: 2 | O43: 2 | P43: 2 | Q43: 0 | R43: 0 | S43: 0 | T43: 0 | U43: 0 | V43: 0 | W43: 0 | X43: 0 | Y43: 0 | Z43: 0 | AA43: 0
C44: Thiết kế front-end quản lý báo cáo/ khiếu nại | E44: Vy | G44: =H44+Q44 -> 2 | H44: 2 | I44: 2 | J44: 2 | K44: 2 | L44: 2 | M44: 2 | N44: 2 | O44: 2 | P44: 2 | Q44: 0 | R44: 0 | S44: 0 | T44: 0 | U44: 0 | V44: 0 | W44: 0 | X44: 0 | Y44: 0 | Z44: 0 | AA44: 0
C45: Thiết kế front-end tổng quan cửa hàng | E45: Thi | G45: =H45+Q45 -> 2 | H45: 2 | I45: 2 | J45: 2 | K45: 2 | L45: 2 | M45: 2 | N45: 2 | O45: 2 | P45: 2 | Q45: 0 | R45: 0 | S45: 0 | T45: 0 | U45: 0 | V45: 0 | W45: 0 | X45: 0 | Y45: 0 | Z45: 0 | AA45: 0
C46: Thiết kế front-end quản lý doanh thu cửa hàng | E46: Cường | G46: =H46+Q46 -> 2 | H46: 2 | I46: 2 | J46: 2 | K46: 2 | L46: 2 | M46: 2 | N46: 2 | O46: 2 | P46: 2 | Q46: 0 | R46: 0 | S46: 0 | T46: 0 | U46: 0 | V46: 0 | W46: 0 | X46: 0 | Y46: 0 | Z46: 0 | AA46: 0
C47: Thiết kế front-end quản lý menu cửa hàng | E47: Ly | G47: =H47+Q47 -> 2 | H47: 2 | I47: 2 | J47: 2 | K47: 2 | L47: 2 | M47: 2 | N47: 2 | O47: 2 | P47: 2 | Q47: 0 | R47: 0 | S47: 0 | T47: 0 | U47: 0 | V47: 0 | W47: 0 | X47: 0 | Y47: 0 | Z47: 0 | AA47: 0
C48: Thiết kế front-end quản lý đơn hàng của cửa hàng | E48: Yên | G48: =H48+R49 -> 4 | H48: 2 | I48: 2 | J48: 2 | K48: 2 | L48: 2 | M48: 2 | N48: 2 | O48: 2 | P48: 2 | Q48: 2 | R48: 0 | S48: 0 | T48: 0 | U48: 0 | V48: 0 | W48: 0 | X48: 0 | Y48: 0 | Z48: 0 | AA48: 0
R49: 2
C50: Thiết kế front-end quản lý khuyến mãi cửa hàng | E50: Vy | G50: =H50+R50 -> 2 | H50: 2 | I50: 2 | J50: 2 | K50: 2 | L50: 2 | M50: 2 | N50: 2 | O50: 2 | P50: 2 | Q50: 2 | R50: 0 | S50: 0 | T50: 0 | U50: 0 | V50: 0 | W50: 0 | X50: 0 | Y50: 0 | Z50: 0 | AA50: 0
C51: Thiết kế front-end tìm kiếm | E51: Thi | G51: =H51+R51 -> 2 | H51: 2 | I51: 2 | J51: 2 | K51: 2 | L51: 2 | M51: 2 | N51: 2 | O51: 2 | P51: 2 | Q51: 2 | R51: 0 | S51: 0 | T51: 0 | U51: 0 | V51: 0 | W51: 0 | X51: 0 | Y51: 0 | Z51: 0 | AA51: 0
C52: Thiết kế front-end hồ sơ cá nhân | E52: Cường | G52: =H52+R52 -> 2 | H52: 2 | I52: 2 | J52: 2 | K52: 2 | L52: 2 | M52: 2 | N52: 2 | O52: 2 | P52: 2 | Q52: 2 | R52: 0 | S52: 0 | T52: 0 | U52: 0 | V52: 0 | W52: 0 | X52: 0 | Y52: 0 | Z52: 0 | AA52: 0
C53: Thiết kế front-end tương tác bài viết | E53: Ly | G53: =H53+R53 -> 2 | H53: 2 | I53: 2 | J53: 2 | K53: 2 | L53: 2 | M53: 2 | N53: 2 | O53: 2 | P53: 2 | Q53: 2 | R53: 0 | S53: 0 | T53: 0 | U53: 0 | V53: 0 | W53: 0 | X53: 0 | Y53: 0 | Z53: 0 | AA53: 0
C54: Code back-end quản lý yêu cầu hỗ trợ | E54: Yên | G54: =H54+S54 -> 2 | H54: 2 | I54: 2 | J54: 2 | K54: 2 | L54: 2 | M54: 2 | N54: 2 | O54: 2 | P54: 2 | Q54: 2 | R54: 2 | S54: 0 | T54: 0 | U54: 0 | V54: 0 | W54: 0 | X54: 0 | Y54: 0 | Z54: 0 | AA54: 0
C55: Code back-end quản lý báo cáo/ khiếu nại | E55: Vy | G55: =H55+S55 -> 2 | H55: 2 | I55: 2 | J55: 2 | K55: 2 | L55: 2 | M55: 2 | N55: 2 | O55: 2 | P55: 2 | Q55: 2 | R55: 2 | S55: 0 | T55: 0 | U55: 0 | V55: 0 | W55: 0 | X55: 0 | Y55: 0 | Z55: 0 | AA55: 0
C56: Code back-end tổng quan cửa hàng | E56: Thi | G56: =H56+S56 -> 2 | H56: 2 | I56: 2 | J56: 2 | K56: 2 | L56: 2 | M56: 2 | N56: 2 | O56: 2 | P56: 2 | Q56: 2 | R56: 2 | S56: 0 | T56: 0 | U56: 0 | V56: 0 | W56: 0 | X56: 0 | Y56: 0 | Z56: 0 | AA56: 0
C57: Code back-end quản lý doanh thu cửa hàng | E57: Cường | G57: =H57+S57 -> 2 | H57: 2 | I57: 2 | J57: 2 | K57: 2 | L57: 2 | M57: 2 | N57: 2 | O57: 2 | P57: 2 | Q57: 2 | R57: 2 | S57: 0 | T57: 0 | U57: 0 | V57: 0 | W57: 0 | X57: 0 | Y57: 0 | Z57: 0 | AA57: 0
C58: Code back-end quản lý menu cửa hàng | E58: Ly | G58: =H58+S59 -> 3 | H58: 2 | I58: 2 | J58: 2 | K58: 2 | L58: 2 | M58: 2 | N58: 2 | O58: 2 | P58: 2 | Q58: 2 | R58: 2 | S58: 0 | T58: 0 | U58: 0 | V58: 0 | W58: 0 | X58: 0 | Y58: 0 | Z58: 0 | AA58: 0
S59: 1
C60: Code back-end quản lý đơn hàng của cửa hàng | E60: Yên | G60: =H60+T60 -> 2 | H60: 2 | I60: 2 | J60: 2 | K60: 2 | L60: 2 | M60: 2 | N60: 2 | O60: 2 | P60: 2 | Q60: 2 | R60: 2 | S60: 2 | T60: 0 | U60: 0 | V60: 0 | W60: 0 | X60: 0 | Y60: 0 | Z60: 0 | AA60: 0
C61: Code back-end quản lý khuyến mãi cửa hàng | E61: Vy | G61: =H61+T61 -> 2 | H61: 2 | I61: 2 | J61: 2 | K61: 2 | L61: 2 | M61: 2 | N61: 2 | O61: 2 | P61: 2 | Q61: 2 | R61: 2 | S61: 2 | T61: 0 | U61: 0 | V61: 0 | W61: 0 | X61: 0 | Y61: 0 | Z61: 0 | AA61: 0
C62: Code back-end tìm kiếm | E62: Thi | G62: =H62+T62 -> 2 | H62: 2 | I62: 2 | J62: 2 | K62: 2 | L62: 2 | M62: 2 | N62: 2 | O62: 2 | P62: 2 | Q62: 2 | R62: 2 | S62: 2 | T62: 0 | U62: 0 | V62: 0 | W62: 0 | X62: 0 | Y62: 0 | Z62: 0 | AA62: 0
C63: Code back-end hồ sơ cá nhân | E63: Cường | G63: =H63+T63 -> 2 | H63: 2 | I63: 2 | J63: 2 | K63: 2 | L63: 2 | M63: 2 | N63: 2 | O63: 2 | P63: 2 | Q63: 2 | R63: 2 | S63: 2 | T63: 0 | U63: 0 | V63: 0 | W63: 0 | X63: 0 | Y63: 0 | Z63: 0 | AA63: 0
C64: Code back-end tương tác bài viết | E64: Ly | G64: =H64+T64 -> 2 | H64: 2 | I64: 2 | J64: 2 | K64: 2 | L64: 2 | M64: 2 | N64: 2 | O64: 2 | P64: 2 | Q64: 2 | R64: 2 | S64: 2 | T64: 0 | U64: 0 | V64: 0 | W64: 0 | X64: 0 | Y64: 0 | Z64: 0 | AA64: 0
C65: Integrate code | E65: Ly | G65: =H65+U66 -> 3 | H65: 2 | I65: 2 | J65: 2 | K65: 2 | L65: 2 | M65: 2 | N65: 2 | O65: 2 | P65: 2 | Q65: 2 | R65: 2 | S65: 2 | T65: 2 | U65: 0 | V65: 0 | W65: 0 | X65: 0 | Y65: 0 | Z65: 0 | AA65: 0
U66: 1
B67: Testing | C67: Kiểm tra quản lý yêu cầu hỗ trợ | E67: Cường | G67: =H67+U67 -> 2 | H67: 2 | I67: 2 | J67: 2 | K67: 2 | L67: 2 | M67: 2 | N67: 2 | O67: 2 | P67: 2 | Q67: 2 | R67: 2 | S67: 2 | T67: 2 | U67: 0 | V67: 0 | W67: 0 | X67: 0 | Y67: 0 | Z67: 0 | AA67: 0
C68: Kiểm tra quản lý báo cáo/ khiếu nại | E68: Yên | G68: =H68+U68 -> 2 | H68: 2 | I68: 2 | J68: 2 | K68: 2 | L68: 2 | M68: 2 | N68: 2 | O68: 2 | P68: 2 | Q68: 2 | R68: 2 | S68: 2 | T68: 2 | U68: 0 | V68: 0 | W68: 0 | X68: 0 | Y68: 0 | Z68: 0 | AA68: 0
C69: Kiểm tra tổng quan cửa hàng | E69: Vy | G69: =H69+U69 -> 2 | H69: 2 | I69: 2 | J69: 2 | K69: 2 | L69: 2 | M69: 2 | N69: 2 | O69: 2 | P69: 2 | Q69: 2 | R69: 2 | S69: 2 | T69: 2 | U69: 0 | V69: 0 | W69: 0 | X69: 0 | Y69: 0 | Z69: 0 | AA69: 0
C70: Kiểm tra quản lý doanh thu cửa hàng | E70: Thi | G70: =H70+U71 -> 1 | H70: 2 | I70: 2 | J70: 2 | K70: 2 | L70: 2 | M70: 2 | N70: 2 | O70: 2 | P70: 2 | Q70: 2 | R70: 2 | S70: 2 | T70: 2 | U70: 0 | V70: 0 | W70: 0 | X70: 0 | Y70: 0 | Z70: 0 | AA70: 0
U71: -1
C72: Kiểm tra quản lý menu cửa hàng | E72: Ly | G72: =H72+V72 -> 2 | H72: 2 | I72: 2 | J72: 2 | K72: 2 | L72: 2 | M72: 2 | N72: 2 | O72: 2 | P72: 2 | Q72: 2 | R72: 2 | S72: 2 | T72: 2 | U72: 2 | V72: 0 | W72: 0 | X72: 0 | Y72: 0 | Z72: 0 | AA72: 0
C73: Kiểm tra quản lý đơn hàng của cửa hàng | E73: Yên | G73: =H73+V73 -> 2 | H73: 2 | I73: 2 | J73: 2 | K73: 2 | L73: 2 | M73: 2 | N73: 2 | O73: 2 | P73: 2 | Q73: 2 | R73: 2 | S73: 2 | T73: 2 | U73: 2 | V73: 0 | W73: 0 | X73: 0 | Y73: 0 | Z73: 0 | AA73: 0
C74: Kiểm tra quản lý khuyến mãi cửa hàng | E74: Vy | G74: =H74+V74 -> 2 | H74: 2 | I74: 2 | J74: 2 | K74: 2 | L74: 2 | M74: 2 | N74: 2 | O74: 2 | P74: 2 | Q74: 2 | R74: 2 | S74: 2 | T74: 2 | U74: 2 | V74: 0 | W74: 0 | X74: 0 | Y74: 0 | Z74: 0 | AA74: 0
C75: Kiểm tra tìm kiếm | E75: Thi | G75: =H75+V75 -> 2 | H75: 2 | I75: 2 | J75: 2 | K75: 2 | L75: 2 | M75: 2 | N75: 2 | O75: 2 | P75: 2 | Q75: 2 | R75: 2 | S75: 2 | T75: 2 | U75: 2 | V75: 0 | W75: 0 | X75: 0 | Y75: 0 | Z75: 0 | AA75: 0
C76: Kiểm tra quản lý hồ sơ cá nhân, tương tác bài viết | E76: Cường | G76: =H76+V76 -> 2 | H76: 2 | I76: 2 | J76: 2 | K76: 2 | L76: 2 | M76: 2 | N76: 2 | O76: 2 | P76: 2 | Q76: 2 | R76: 2 | S76: 2 | T76: 2 | U76: 2 | V76: 0 | W76: 0 | X76: 0 | Y76: 0 | Z76: 0 | AA76: 0
B77: Fix bug | C77: Sửa lỗi quản lý yêu cầu hỗ trợ | E77: Yên | G77: =H77+W77 -> 2 | H77: 2 | I77: 2 | J77: 2 | K77: 2 | L77: 2 | M77: 2 | N77: 2 | O77: 2 | P77: 2 | Q77: 2 | R77: 2 | S77: 2 | T77: 2 | U77: 2 | V77: 2 | W77: 0 | X77: 0 | Y77: 0 | Z77: 0 | AA77: 0
C78: Sửa lỗi quản lý báo cáo/ khiếu nại | E78: Vy | G78: =H78+W78 -> 2 | H78: 2 | I78: 2 | J78: 2 | K78: 2 | L78: 2 | M78: 2 | N78: 2 | O78: 2 | P78: 2 | Q78: 2 | R78: 2 | S78: 2 | T78: 2 | U78: 2 | V78: 2 | W78: 0 | X78: 0 | Y78: 0 | Z78: 0 | AA78: 0
C79: Sửa lỗi tổng quan cửa hàng | E79: Thi | G79: =H79+W79 -> 2 | H79: 2 | I79: 2 | J79: 2 | K79: 2 | L79: 2 | M79: 2 | N79: 2 | O79: 2 | P79: 2 | Q79: 2 | R79: 2 | S79: 2 | T79: 2 | U79: 2 | V79: 2 | W79: 0 | X79: 0 | Y79: 0 | Z79: 0 | AA79: 0
C80: Sửa lỗi quản lý doanh thu cửa hàng | E80: Cường | G80: =H80+W80 -> 2 | H80: 2 | I80: 2 | J80: 2 | K80: 2 | L80: 2 | M80: 2 | N80: 2 | O80: 2 | P80: 2 | Q80: 2 | R80: 2 | S80: 2 | T80: 2 | U80: 2 | V80: 2 | W80: 0 | X80: 0 | Y80: 0 | Z80: 0 | AA80: 0
C81: Sửa lỗi quản lý menu cửa hàng | E81: Ly | G81: =H81+W81 -> 2 | H81: 2 | I81: 2 | J81: 2 | K81: 2 | L81: 2 | M81: 2 | N81: 2 | O81: 2 | P81: 2 | Q81: 2 | R81: 2 | S81: 2 | T81: 2 | U81: 2 | V81: 2 | W81: 0 | X81: 0 | Y81: 0 | Z81: 0 | AA81: 0
C82: Sửa lỗi quản lý đơn hàng của cửa hàng | E82: Yên | G82: =H82+X82 -> 2 | H82: 2 | I82: 2 | J82: 2 | K82: 2 | L82: 2 | M82: 2 | N82: 2 | O82: 2 | P82: 2 | Q82: 2 | R82: 2 | S82: 2 | T82: 2 | U82: 2 | V82: 2 | W82: 2 | X82: 0 | Y82: 0 | Z82: 0 | AA82: 0
C83: Sửa lỗi quản lý khuyến mãi cửa hàng | E83: Vy | G83: =H83+X83 -> 2 | H83: 2 | I83: 2 | J83: 2 | K83: 2 | L83: 2 | M83: 2 | N83: 2 | O83: 2 | P83: 2 | Q83: 2 | R83: 2 | S83: 2 | T83: 2 | U83: 2 | V83: 2 | W83: 2 | X83: 0 | Y83: 0 | Z83: 0 | AA83: 0
C84: Sửa lỗi tìm kiếm | E84: Thi | G84: =H84+X84 -> 2 | H84: 2 | I84: 2 | J84: 2 | K84: 2 | L84: 2 | M84: 2 | N84: 2 | O84: 2 | P84: 2 | Q84: 2 | R84: 2 | S84: 2 | T84: 2 | U84: 2 | V84: 2 | W84: 2 | X84: 0 | Y84: 0 | Z84: 0 | AA84: 0
C85: Sửa lỗi quản lý hồ sơ cá nhân | E85: Cường | G85: =H85+X85 -> 2 | H85: 2 | I85: 2 | J85: 2 | K85: 2 | L85: 2 | M85: 2 | N85: 2 | O85: 2 | P85: 2 | Q85: 2 | R85: 2 | S85: 2 | T85: 2 | U85: 2 | V85: 2 | W85: 2 | X85: 0 | Y85: 0 | Z85: 0 | AA85: 0
C86: Sửa lỗi tương tác bài viết | E86: Ly | G86: =H86+X86 -> 2 | H86: 2 | I86: 2 | J86: 2 | K86: 2 | L86: 2 | M86: 2 | N86: 2 | O86: 2 | P86: 2 | Q86: 2 | R86: 2 | S86: 2 | T86: 2 | U86: 2 | V86: 2 | W86: 2 | X86: 0 | Y86: 0 | Z86: 0 | AA86: 0
B87: Re-testing | C87: Kiểm tra lại quản lý yêu cầu hỗ trợ | E87: Ly | G87: =H87+Y87 -> 2 | H87: 2 | I87: 2 | J87: 2 | K87: 2 | L87: 2 | M87: 2 | N87: 2 | O87: 2 | P87: 2 | Q87: 2 | R87: 2 | S87: 2 | T87: 2 | U87: 2 | V87: 2 | W87: 2 | X87: 2 | Y87: 0 | Z87: 0 | AA87: 0
C88: Kiểm tra lại quản lý báo cáo/ khiếu nại | E88: Yên | G88: =H88+Y88 -> 2 | H88: 2 | I88: 2 | J88: 2 | K88: 2 | L88: 2 | M88: 2 | N88: 2 | O88: 2 | P88: 2 | Q88: 2 | R88: 2 | S88: 2 | T88: 2 | U88: 2 | V88: 2 | W88: 2 | X88: 2 | Y88: 0 | Z88: 0 | AA88: 0
C89: Kiểm tra lại tổng quan cửa hàng | E89: Vy | G89: =H89+Y89 -> 2 | H89: 2 | I89: 2 | J89: 2 | K89: 2 | L89: 2 | M89: 2 | N89: 2 | O89: 2 | P89: 2 | Q89: 2 | R89: 2 | S89: 2 | T89: 2 | U89: 2 | V89: 2 | W89: 2 | X89: 2 | Y89: 0 | Z89: 0 | AA89: 0
C90: Kiểm tra lại quản lý doanh thu cửa hàng | E90: Thi | G90: =H90+Y90 -> 2 | H90: 2 | I90: 2 | J90: 2 | K90: 2 | L90: 2 | M90: 2 | N90: 2 | O90: 2 | P90: 2 | Q90: 2 | R90: 2 | S90: 2 | T90: 2 | U90: 2 | V90: 2 | W90: 2 | X90: 2 | Y90: 0 | Z90: 0 | AA90: 0
C91: Kiểm tra lại quản lý menu cửa hàng | E91: Cường | G91: =H91+Y91 -> 2 | H91: 2 | I91: 2 | J91: 2 | K91: 2 | L91: 2 | M91: 2 | N91: 2 | O91: 2 | P91: 2 | Q91: 2 | R91: 2 | S91: 2 | T91: 2 | U91: 2 | V91: 2 | W91: 2 | X91: 2 | Y91: 0 | Z91: 0 | AA91: 0
C92: Kiểm tra lại quản lý đơn hàng của cửa hàng | E92: Ly | G92: =H92+Z92 -> 2 | H92: 2 | I92: 2 | J92: 2 | K92: 2 | L92: 2 | M92: 2 | N92: 2 | O92: 2 | P92: 2 | Q92: 2 | R92: 2 | S92: 2 | T92: 2 | U92: 2 | V92: 2 | W92: 2 | X92: 2 | Y92: 2 | Z92: 0 | AA92: 0
C93: Kiểm tra lại quản lý khuyến mãi cửa hàng | E93: Yên | G93: =H93+AA93 -> 2 | H93: 2 | I93: 2 | J93: 2 | K93: 2 | L93: 2 | M93: 2 | N93: 2 | O93: 2 | P93: 2 | Q93: 2 | R93: 2 | S93: 2 | T93: 2 | U93: 2 | V93: 2 | W93: 2 | X93: 2 | Y93: 2 | Z93: 0 | AA93: 0
C94: Kiểm tra lại tìm kiếm | E94: Vy | G94: =H94+AA94 -> 2 | H94: 2 | I94: 2 | J94: 2 | K94: 2 | L94: 2 | M94: 2 | N94: 2 | O94: 2 | P94: 2 | Q94: 2 | R94: 2 | S94: 2 | T94: 2 | U94: 2 | V94: 2 | W94: 2 | X94: 2 | Y94: 2 | Z94: 0 | AA94: 0
C95: Kiểm tra lại quản lý hồ sơ cá nhân | E95: Thi | G95: =H95+AA95 -> 2 | H95: 2 | I95: 2 | J95: 2 | K95: 2 | L95: 2 | M95: 2 | N95: 2 | O95: 2 | P95: 2 | Q95: 2 | R95: 2 | S95: 2 | T95: 2 | U95: 2 | V95: 2 | W95: 2 | X95: 2 | Y95: 2 | Z95: 0 | AA95: 0
C96: Kiểm tra lại tương tác bài viết | E96: Cường | G96: =H96+AA96 -> 2 | H96: 2 | I96: 2 | J96: 2 | K96: 2 | L96: 2 | M96: 2 | N96: 2 | O96: 2 | P96: 2 | Q96: 2 | R96: 2 | S96: 2 | T96: 2 | U96: 2 | V96: 2 | W96: 2 | X96: 2 | Y96: 2 | Z96: 0 | AA96: 0
B97: Release Sprint 2 | C97: Sprint 2 review meeting | E97: All team | G97: =H97+AA97 -> 10 | H97: 10 | I97: 10 | J97: 10 | K97: 10 | L97: 10 | M97: 10 | N97: 10 | O97: 10 | P97: 10 | Q97: 10 | R97: 10 | S97: 10 | T97: 10 | U97: 10 | V97: 10 | W97: 10 | X97: 10 | Y97: 10 | Z97: 10 | AA97: 0
C98: Sprint 2 retrospective | E98: All team | G98: =H98+AA98 -> 10 | H98: 10 | I98: 10 | J98: 10 | K98: 10 | L98: 10 | M98: 10 | N98: 10 | O98: 10 | P98: 10 | Q98: 10 | R98: 10 | S98: 10 | T98: 10 | U98: 10 | V98: 10 | W98: 10 | X98: 10 | Y98: 10 | Z98: 10 | AA98: 0
B99: Tổng | E99: Thực tế | G99: =SUM(G16:G98) -> 203 | I99: =SUM(I16:I98) -> 190 | J99: =SUM(J16:J98) -> 180 | K99: =SUM(K16:K98) -> 170 | L99: =SUM(L16:L98) -> 160 | M99: =SUM(M16:M98) -> 150 | N99: =SUM(N16:N98) -> 140 | O99: =SUM(O16:O98)+O36 -> 132 | P99: =SUM(P16:P98)+P42 -> 118 | Q99: =SUM(Q16:Q98) -> 110 | R99: =SUM(R16:R98)+R49 -> 104 | S99: =SUM(S16:S98)+S59 -> 92 | T99: =SUM(T16:T98) -> 80 | U99: =SUM(U16:U98)+U66+U71 -> 70 | V99: =SUM(V16:V98)+V71 -> 60 | W99: =SUM(W16:W98) -> 50 | X99: =SUM(X16:X98) -> 40 | Y99: =SUM(Y16:Y98) -> 30 | Z99: =SUM(Z16:Z98) -> 20 | AA99: =SUM(AA16:AA98) -> 0
E100: Ước tính | G100: =SUM(H16:H98) -> 200 | I100: =SUM(I16:I98) -> 190 | J100: =SUM(J16:J98) -> 180 | K100: =SUM(K16:K98) -> 170 | L100: =SUM(L16:L98) -> 160 | M100: =SUM(M16:M98) -> 150 | N100: =SUM(N16:N98) -> 140 | O100: =SUM(O16:O98) -> 131 | P100: =SUM(P16:P98) -> 119 | ... AA100: =SUM(AA16:AA98) -> 0
Z127: . | AA127: `

Sheet Sprint3
A1: Project name: | C1: Xây dựng hệ thống DishNet - Nền tảng mạng xã hội kinh doanh ẩm thực
A2: Module name: | C2: Sprint 3
A3: Start date: | C3: 46131 | K3: Kết thúc đúng hạn
A4: End date: | C4: 46150 | K4: Muộn
K5: Trước thời hạn
B6: SPRINT 3 REPORT
B7: No | C7: Thành viên | D7: Thực tế | E7: Ước tính
B8: 1 | C8: Lê Văn Cường | D8: =SUMIF(E15:F96,"Cường",G15:G96)+SUMIF(E15:F96,"Vy, Thi, Cường",G15:G96)/3+SUMIF(E15:F96,"All team",G15:G96)/5 -> 42.8 | E8: =SUMIF(E15:F96,"Cường",H15:H96)+SUMIF(E15:F96,"Vy, Thi, Cường",H15:H96)/3+SUMIF(E15:F96,"All team",H15:H96)/5+SUMIF(E15:F96,"Cường, Ly",H15:H96)/2 -> 40
B9: 2 | C9: Phạm Đình Vân Ly | D9: =SUMIF(E15:F96,"Ly",G15:G96)+SUMIF(E15:F96,"Yên, Ly",G15:G96)/2+SUMIF(E15:F96,"All team",G15:G96)/5 -> 41.8 | E9: =SUMIF(E15:F96,"Ly",H15:H96)+SUMIF(E15:F96,"Yên, Ly",H15:H96)/2+SUMIF(E15:F96,"All team",H15:H96)/5+SUMIF(E15:F96,"Cường, Ly",H15:H96)/2 -> 40
B10: 3 | C10: Phan Thị Lệ Thi | D10: =SUMIF(E15:F96,"Thi",G15:G96)+SUMIF(E15:F96,"Vy, Thi, Cường",G15:G96)/3+SUMIF(E15:F96,"All team",G15:G96)/5 -> 42.8 | E10: =SUMIF(E15:F96,"Thi",H15:H96)+SUMIF(E15:F96,"Vy, Thi, Cường",H15:H96)/3+SUMIF(E15:F96,"All team",H15:H96)/5 -> 40
B11: 4 | C11: Huỳnh Thị Vy | D11: =SUMIF(E15:F96,"Vy",G15:G96)+SUMIF(E15:F96,"Vy, Thi, Cường",G15:G96)/3+SUMIF(E15:F96,"All team",G15:G96)/5 -> 42.8 | E11: =SUMIF(E15:F96,"Vy",H15:H96)+SUMIF(E15:F96,"Vy, Thi, Cường",H15:H96)/3+SUMIF(E15:F96,"All team",H15:H96)/5 -> 40
B12: 5 | C12: Trần Thị Mai Yên | D12: =SUMIF(E15:F96,"Yên",G15:G96)+SUMIF(E15:F96,"Yên, Ly",G15:G96)/2+SUMIF(E15:F96,"All team",G15:G96)/5 -> 41.8 | E12: =SUMIF(E15:F96,"Yên",H15:H96)+SUMIF(E15:F96,"Yên, Ly",H15:H96)/2+SUMIF(E15:F96,"All team",H15:H96)/5 -> 40
B13: Tổng | D13: =SUM(D8:D12) -> 212 | E13: =SUM(E8:E12) -> 200
A15: Sprint | B15: Compoment | C15: Task name | E15: Responsible Member | G15: Thực tế | H15: Ước tính | I15: 46131 | J15: 46132 | K15: 46133 | L15: 46134 | M15: 46135 | N15: 46136 | O15: 46137 | P15: 46138 | Q15: 46139 | R15: 46140 | S15: 46141 | T15: 46142 | U15: 46143 | V15: 46144 | W15: 46145 | X15: 46146 | Y15: 46147 | Z15: 46148 | AA15: 46149 | AB15: 46150
A16: Sprint 3 | B16: Họp kế hoạch Sprint | E16: All team | G16: =H16+I16 -> 10 | H16: 10 | I16: 0 | J16: 0 | K16: 0 | L16: 0 | M16: 0 | N16: 0 | O16: 0 | P16: 0 | Q16: 0 | R16: 0 | S16: 0 | T16: 0 | U16: 0 | V16: 0 | W16: 0 | X16: 0 | Y16: 0 | Z16: 0 | AA16: 0 | AB16: 0
B17: Tạo Sprint Backlog 3 | E17: Yên, Ly | G17: =H17+J17 -> 4 | H17: 4 | I17: 4 | J17: 0 | K17: 0 | L17: 0 | M17: 0 | N17: 0 | O17: 0 | P17: 0 | Q17: 0 | R17: 0 | S17: 0 | T17: 0 | U17: 0 | V17: 0 | W17: 0 | X17: 0 | Y17: 0 | Z17: 0 | AA17: 0 | AB17: 0
B18: Tạo tài liệu kiểm thử cho Sprint | E18: Vy, Thi, Cường | G18: =H18+J18 -> 6 | H18: 6 | I18: 6 | J18: 0 | K18: 0 | L18: 0 | M18: 0 | N18: 0 | O18: 0 | P18: 0 | Q18: 0 | R18: 0 | S18: 0 | T18: 0 | U18: 0 | V18: 0 | W18: 0 | X18: 0 | Y18: 0 | Z18: 0 | AA18: 0 | AB18: 0
B19: User interface design | C19: Tương tác người dùng | E19: Vy | G19: =H19+K19 -> 2 | H19: 2 | I19: 2 | J19: 2 | K19: 0 | L19: 0 | M19: 0 | N19: 0 | O19: 0 | P19: 0 | Q19: 0 | R19: 0 | S19: 0 | T19: 0 | U19: 0 | V19: 0 | W19: 0 | X19: 0 | Y19: 0 | Z19: 0 | AA19: 0 | AB19: 0
C20: Bảng xếp hạng | E20: Thi | G20: =H20+K20 -> 2 | H20: 2 | I20: 2 | J20: 2 | K20: 0 | L20: 0 | M20: 0 | N20: 0 | O20: 0 | P20: 0 | Q20: 0 | R20: 0 | S20: 0 | T20: 0 | U20: 0 | V20: 0 | W20: 0 | X20: 0 | Y20: 0 | Z20: 0 | AA20: 0 | AB20: 0
C21: Trò chuyện | E21: Cường | G21: =H21+K21 -> 2 | H21: 2 | I21: 2 | J21: 2 | K21: 0 | L21: 0 | M21: 0 | N21: 0 | O21: 0 | P21: 0 | Q21: 0 | R21: 0 | S21: 0 | T21: 0 | U21: 0 | V21: 0 | W21: 0 | X21: 0 | Y21: 0 | Z21: 0 | AA21: 0 | AB21: 0
C22: Gửi yêu cầu hỗ trợ | E22: Ly | G22: =H22+K22 -> 2 | H22: 2 | I22: 2 | J22: 2 | K22: 0 | L22: 0 | M22: 0 | N22: 0 | O22: 0 | P22: 0 | Q22: 0 | R22: 0 | S22: 0 | T22: 0 | U22: 0 | V22: 0 | W22: 0 | X22: 0 | Y22: 0 | Z22: 0 | AA22: 0 | AB22: 0
C23: Kiếm tiền từ nội dung | E23: Yên | G23: =H23+K23 -> 2 | H23: 2 | I23: 2 | J23: 2 | K23: 0 | L23: 0 | M23: 0 | N23: 0 | O23: 0 | P23: 0 | Q23: 0 | R23: 0 | S23: 0 | T23: 0 | U23: 0 | V23: 0 | W23: 0 | X23: 0 | Y23: 0 | Z23: 0 | AA23: 0 | AB23: 0
C24: Đăng ký mở cửa hàng | E24: Vy | G24: =H24+L24 -> 2 | H24: 2 | I24: 2 | J24: 2 | K24: 2 | L24: 0 | M24: 0 | N24: 0 | O24: 0 | P24: 0 | Q24: 0 | R24: 0 | S24: 0 | T24: 0 | U24: 0 | V24: 0 | W24: 0 | X24: 0 | Y24: 0 | Z24: 0 | AA24: 0 | AB24: 0
C25: Giỏ hàng | E25: Thi | G25: =H25+L25 -> 2 | H25: 2 | I25: 2 | J25: 2 | K25: 2 | L25: 0 | M25: 0 | N25: 0 | O25: 0 | P25: 0 | Q25: 0 | R25: 0 | S25: 0 | T25: 0 | U25: 0 | V25: 0 | W25: 0 | X25: 0 | Y25: 0 | Z25: 0 | AA25: 0 | AB25: 0
C26: Thanh toán | E26: Cường | G26: =H26+L26 -> 2 | H26: 2 | I26: 2 | J26: 2 | K26: 2 | L26: 0 | M26: 0 | N26: 0 | O26: 0 | P26: 0 | Q26: 0 | R26: 0 | S26: 0 | T26: 0 | U26: 0 | V26: 0 | W26: 0 | X26: 0 | Y26: 0 | Z26: 0 | AA26: 0 | AB26: 0
C27: Đơn hàng của tôi | E27: Ly | G27: =H27+L27 -> 2 | H27: 2 | I27: 2 | J27: 2 | K27: 2 | L27: 0 | M27: 0 | N27: 0 | O27: 0 | P27: 0 | Q27: 0 | R27: 0 | S27: 0 | T27: 0 | U27: 0 | V27: 0 | W27: 0 | X27: 0 | Y27: 0 | Z27: 0 | AA27: 0 | AB27: 0
C28: Đánh giá đơn hàng | E28: Yên | G28: =H28+L28 -> 2 | H28: 2 | I28: 2 | J28: 2 | K28: 2 | L28: 0 | M28: 0 | N28: 0 | O28: 0 | P28: 0 | Q28: 0 | R28: 0 | S28: 0 | T28: 0 | U28: 0 | V28: 0 | W28: 0 | X28: 0 | Y28: 0 | Z28: 0 | AA28: 0 | AB28: 0
C29: Review all user interfaces of sprint 3 | E29: All team | G29: =H29+M29 -> 10 | H29: 10 | I29: 10 | J29: 10 | K29: 10 | L29: 10 | M29: 0 | N29: 0 | O29: 0 | P29: 0 | Q29: 0 | R29: 0 | S29: 0 | T29: 0 | U29: 0 | V29: 0 | W29: 0 | X29: 0 | Y29: 0 | Z29: 0 | AA29: 0 | AB29: 0
B30: Design test case | C30: Thiết kế trường hợp kiểm thử cho tương tác người dùng | E30: Ly | G30: =H30+N30 -> 2 | H30: 2 | I30: 2 | J30: 2 | K30: 2 | L30: 2 | M30: 2 | N30: 0 | O30: 0 | P30: 0 | Q30: 0 | R30: 0 | S30: 0 | T30: 0 | U30: 0 | V30: 0 | W30: 0 | X30: 0 | Y30: 0 | Z30: 0 | AA30: 0 | AB30: 0
C31: Thiết kế trường hợp kiểm thử cho bảng xếp hạng | E31: Thi | G31: =H31+N32 -> 2 | H31: 2 | I31: 2 | J31: 2 | K31: 2 | L31: 2 | M31: 2 | N31: 0 | O31: 0 | P31: 0 | Q31: 0 | R31: 0 | S31: 0 | T31: 0 | U31: 0 | V31: 0 | W31: 0 | X31: 0 | Y31: 0 | Z31: 0 | AA31: 0 | AB31: 0
C32: Thiết kế trường hợp kiểm thử cho trò chuyện | E32: Vy | G32: =H32+N33 -> 2 | H32: 2 | I32: 2 | J32: 2 | K32: 2 | L32: 2 | M32: 2 | N32: 0 | O32: 0 | P32: 0 | Q32: 0 | R32: 0 | S32: 0 | T32: 0 | U32: 0 | V32: 0 | W32: 0 | X32: 0 | Y32: 0 | Z32: 0 | AA32: 0 | AB32: 0
C33: Thiết kế trường hợp kiểm thử cho gửi yêu cầu hỗ trợ | E33: Yên | G33: =H33+N33 -> 2 | H33: 2 | I33: 2 | J33: 2 | K33: 2 | L33: 2 | M33: 2 | N33: 0 | O33: 0 | P33: 0 | Q33: 0 | R33: 0 | S33: 0 | T33: 0 | U33: 0 | V33: 0 | W33: 0 | X33: 0 | Y33: 0 | Z33: 0 | AA33: 0 | AB33: 0
C34: Thiết kế trường hợp kiểm thử cho kiếm tiền từ nội dung | E34: Cường | G34: =H34+N34 -> 2 | H34: 2 | I34: 2 | J34: 2 | K34: 2 | L34: 2 | M34: 2 | N34: 0 | O34: 0 | P34: 0 | Q34: 0 | R34: 0 | S34: 0 | T34: 0 | U34: 0 | V34: 0 | W34: 0 | X34: 0 | Y34: 0 | Z34: 0 | AA34: 0 | AB34: 0
C35: Thiết kế trường hợp kiểm thử cho đăng ký mở cửa hàng | E35: Ly | G35: =H35+O35 -> 2 | H35: 2 | I35: 2 | J35: 2 | K35: 2 | L35: 2 | M35: 2 | N35: 2 | O35: 0 | P35: 0 | Q35: 0 | R35: 0 | S35: 0 | T35: 0 | U35: 0 | V35: 0 | W35: 0 | X35: 0 | Y35: 0 | Z35: 0 | AA35: 0 | AB35: 0
C36: Thiết kế trường hợp kiểm thử cho giỏ hàng | E36: Thi | G36: =H36+O36 -> 2 | H36: 2 | I36: 2 | J36: 2 | K36: 2 | L36: 2 | M36: 2 | N36: 2 | O36: 0 | P36: 0 | Q36: 0 | R36: 0 | S36: 0 | T36: 0 | U36: 0 | V36: 0 | W36: 0 | X36: 0 | Y36: 0 | Z36: 0 | AA36: 0 | AB36: 0
C37: Thiết kế trường hợp kiểm thử cho thanh toán | E37: Vy | G37: =H37+O37 -> 2 | H37: 2 | I37: 2 | J37: 2 | K37: 2 | L37: 2 | M37: 2 | N37: 2 | O37: 0 | P37: 0 | Q37: 0 | R37: 0 | S37: 0 | T37: 0 | U37: 0 | V37: 0 | W37: 0 | X37: 0 | Y37: 0 | Z37: 0 | AA37: 0 | AB37: 0
C38: Thiết kế trường hợp kiểm thử cho đơn hàng của tôi | E38: Yên | G38: =H38+O38 -> 2 | H38: 2 | I38: 2 | J38: 2 | K38: 2 | L38: 2 | M38: 2 | N38: 2 | O38: 0 | P38: 0 | Q38: 0 | R38: 0 | S38: 0 | T38: 0 | U38: 0 | V38: 0 | W38: 0 | X38: 0 | Y38: 0 | Z38: 0 | AA38: 0 | AB38: 0
C39: Thiết kế trường hợp kiểm thử cho đánh giá đơn hàng | E39: Cường | G39: =H39+O39 -> 2 | H39: 2 | I39: 2 | J39: 2 | K39: 2 | L39: 2 | M39: 2 | N39: 2 | O39: 0 | P39: 0 | Q39: 0 | R39: 0 | S39: 0 | T39: 0 | U39: 0 | V39: 0 | W39: 0 | X39: 0 | Y39: 0 | Z39: 0 | AA39: 0 | AB39: 0
C40: Review all test case of sprint 3 | E40: All team | G40: =H40+P41 -> 9 | H40: 10 | I40: 10 | J40: 10 | K40: 10 | L40: 10 | M40: 10 | N40: 10 | O40: 10 | P40: 0 | Q40: 0 | R40: 0 | S40: 0 | T40: 0 | U40: 0 | V40: 0 | W40: 0 | X40: 0 | Y40: 0 | Z40: 0 | AA40: 0 | AB40: 0
P41: -1
B42: Coding | C42: Thiết kế front-end tương tác người dùng | E42: Yên | G42: =H42+Q42 -> 2 | H42: 2 | I42: 2 | J42: 2 | K42: 2 | L42: 2 | M42: 2 | N42: 2 | O42: 2 | P42: 2 | Q42: 0 | R42: 0 | S42: 0 | T42: 0 | U42: 0 | V42: 0 | W42: 0 | X42: 0 | Y42: 0 | Z42: 0 | AA42: 0 | AB42: 0
C43: Thiết kế front-end bảng xếp hạng | E43: Vy | G43: =H43+Q43 -> 2 | H43: 2 | I43: 2 | J43: 2 | K43: 2 | L43: 2 | M43: 2 | N43: 2 | O43: 2 | P43: 2 | Q43: 0 | R43: 0 | S43: 0 | T43: 0 | U43: 0 | V43: 0 | W43: 0 | X43: 0 | Y43: 0 | Z43: 0 | AA43: 0 | AB43: 0
C44: Thiết kế front-end trò chuyện | E44: Thi | G44: =H44+Q44 -> 2 | H44: 2 | I44: 2 | J44: 2 | K44: 2 | L44: 2 | M44: 2 | N44: 2 | O44: 2 | P44: 2 | Q44: 0 | R44: 0 | S44: 0 | T44: 0 | U44: 0 | V44: 0 | W44: 0 | X44: 0 | Y44: 0 | Z44: 0 | AA44: 0 | AB44: 0
C45: Thiết kế front-end gửi yêu cầu hỗ trợ | E45: Cường | G45: =H45+Q45 -> 2 | H45: 2 | I45: 2 | J45: 2 | K45: 2 | L45: 2 | M45: 2 | N45: 2 | O45: 2 | P45: 2 | Q45: 0 | R45: 0 | S45: 0 | T45: 0 | U45: 0 | V45: 0 | W45: 0 | X45: 0 | Y45: 0 | Z45: 0 | AA45: 0 | AB45: 0
C46: Thiết kế front-end kiếm tiền từ nội dung | E46: Ly | G46: =H46+Q46 -> 2 | H46: 2 | I46: 2 | J46: 2 | K46: 2 | L46: 2 | M46: 2 | N46: 2 | O46: 2 | P46: 2 | Q46: 0 | R46: 0 | S46: 0 | T46: 0 | U46: 0 | V46: 0 | W46: 0 | X46: 0 | Y46: 0 | Z46: 0 | AA46: 0 | AB46: 0
C47: Thiết kế front-end đăng ký mở cửa hàng | E47: Yên | G47: =H47+R47 -> 2 | H47: 2 | I47: 2 | J47: 2 | K47: 2 | L47: 2 | M47: 2 | N47: 2 | O47: 2 | P47: 2 | Q47: 2 | R47: 0 | S47: 0 | T47: 0 | U47: 0 | V47: 0 | W47: 0 | X47: 0 | Y47: 0 | Z47: 0 | AA47: 0 | AB47: 0
C48: Thiết kế front-end giỏ hàng | E48: Vy | G48: =H48+R47 -> 2 | H48: 2 | I48: 2 | J48: 2 | K48: 2 | L48: 2 | M48: 2 | N48: 2 | O48: 2 | P48: 2 | Q48: 2 | R48: 0 | S48: 0 | T48: 0 | U48: 0 | V48: 0 | W48: 0 | X48: 0 | Y48: 0 | Z48: 0 | AA48: 0 | AB48: 0
C49: Thiết kế front-end thanh toán | E49: Thi | G49: =H49+R48 -> 2 | H49: 2 | I49: 2 | J49: 2 | K49: 2 | L49: 2 | M49: 2 | N49: 2 | O49: 2 | P49: 2 | Q49: 2 | R49: 0 | S49: 0 | T49: 0 | U49: 0 | V49: 0 | W49: 0 | X49: 0 | Y49: 0 | Z49: 0 | AA49: 0 | AB49: 0
C50: Thiết kế front-end đơn hàng của tôi | E50: Cường | G50: =H50+R49 -> 2 | H50: 2 | I50: 2 | J50: 2 | K50: 2 | L50: 2 | M50: 2 | N50: 2 | O50: 2 | P50: 2 | Q50: 2 | R50: 0 | S50: 0 | T50: 0 | U50: 0 | V50: 0 | W50: 0 | X50: 0 | Y50: 0 | Z50: 0 | AA50: 0 | AB50: 0
C51: Thiết kế front-end đánh giá đơn hàng | E51: Ly | G51: =H51+R50 -> 2 | H51: 2 | I51: 2 | J51: 2 | K51: 2 | L51: 2 | M51: 2 | N51: 2 | O51: 2 | P51: 2 | Q51: 2 | R51: 0 | S51: 0 | T51: 0 | U51: 0 | V51: 0 | W51: 0 | X51: 0 | Y51: 0 | Z51: 0 | AA51: 0 | AB51: 0
C52: Code back-end tương tác người dùng | E52: Yên | G52: =H52+S52 -> 2 | H52: 2 | I52: 2 | J52: 2 | K52: 2 | L52: 2 | M52: 2 | N52: 2 | O52: 2 | P52: 2 | Q52: 2 | R52: 2 | S52: 0 | T52: 0 | U52: 0 | V52: 0 | W52: 0 | X52: 0 | Y52: 0 | Z52: 0 | AA52: 0 | AB52: 0
C53: Code back-end bảng xếp hạng | E53: Vy | G53: =H53+S53 -> 2 | H53: 2 | I53: 2 | J53: 2 | K53: 2 | L53: 2 | M53: 2 | N53: 2 | O53: 2 | P53: 2 | Q53: 2 | R53: 2 | S53: 0 | T53: 0 | U53: 0 | V53: 0 | W53: 0 | X53: 0 | Y53: 0 | Z53: 0 | AA53: 0 | AB53: 0
C54: Code back-end trò chuyện | E54: Thi | G54: =H54+S54 -> 2 | H54: 2 | I54: 2 | J54: 2 | K54: 2 | L54: 2 | M54: 2 | N54: 2 | O54: 2 | P54: 2 | Q54: 2 | R54: 2 | S54: 0 | T54: 0 | U54: 0 | V54: 0 | W54: 0 | X54: 0 | Y54: 0 | Z54: 0 | AA54: 0 | AB54: 0
C55: Code back-end gửi yêu cầu hỗ trợ | E55: Cường | G55: =H55+S55 -> 2 | H55: 2 | I55: 2 | J55: 2 | K55: 2 | L55: 2 | M55: 2 | N55: 2 | O55: 2 | P55: 2 | Q55: 2 | R55: 2 | S55: 0 | T55: 0 | U55: 0 | V55: 0 | W55: 0 | X55: 0 | Y55: 0 | Z55: 0 | AA55: 0 | AB55: 0
C56: Code back-end kiếm tiền từ nội dung | E56: Ly | G56: =H56+S56 -> 2 | H56: 2 | I56: 2 | J56: 2 | K56: 2 | L56: 2 | M56: 2 | N56: 2 | O56: 2 | P56: 2 | Q56: 2 | R56: 2 | S56: 0 | T56: 0 | U56: 0 | V56: 0 | W56: 0 | X56: 0 | Y56: 0 | Z56: 0 | AA56: 0 | AB56: 0
C57: Code back-end đăng ký mở cửa hàng | E57: Yên | G57: =H57+T57 -> 2 | H57: 2 | I57: 2 | J57: 2 | K57: 2 | L57: 2 | M57: 2 | N57: 2 | O57: 2 | P57: 2 | Q57: 2 | R57: 2 | S57: 2 | T57: 0 | U57: 0 | V57: 0 | W57: 0 | X57: 0 | Y57: 0 | Z57: 0 | AA57: 0 | AB57: 0
C58: Code back-end giỏ hàng | E58: Vy | G58: =H58+T58 -> 2 | H58: 2 | I58: 2 | J58: 2 | K58: 2 | L58: 2 | M58: 2 | N58: 2 | O58: 2 | P58: 2 | Q58: 2 | R58: 2 | S58: 2 | T58: 0 | U58: 0 | V58: 0 | W58: 0 | X58: 0 | Y58: 0 | Z58: 0 | AA58: 0 | AB58: 0
C59: Code back-end thanh toán | E59: Thi | G59: =H59+T60 -> 3 | H59: 2 | I59: 2 | J59: 2 | K59: 2 | L59: 2 | M59: 2 | N59: 2 | O59: 2 | P59: 2 | Q59: 2 | R59: 2 | S59: 2 | T59: 0 | U59: 0 | V59: 0 | W59: 0 | X59: 0 | Y59: 0 | Z59: 0 | AA59: 0 | AB59: 0
T60: 1
C61: Code back-end đơn hàng của tôi | E61: Cường | G61: =H61+T61 -> 2 | H61: 2 | I61: 2 | J61: 2 | K61: 2 | L61: 2 | M61: 2 | N61: 2 | O61: 2 | P61: 2 | Q61: 2 | R61: 2 | S61: 2 | T61: 0 | U61: 0 | V61: 0 | W61: 0 | X61: 0 | Y61: 0 | Z61: 0 | AA61: 0 | AB61: 0
C62: Code back-end đánh giá đơn hàng | E62: Ly | G62: =H62+T62 -> 2 | H62: 2 | I62: 2 | J62: 2 | K62: 2 | L62: 2 | M62: 2 | N62: 2 | O62: 2 | P62: 2 | Q62: 2 | R62: 2 | S62: 2 | T62: 0 | U62: 0 | V62: 0 | W62: 0 | X62: 0 | Y62: 0 | Z62: 0 | AA62: 0 | AB62: 0
C63: Integrate code | E63: Cường | G63: =H63+U64 -> 3 | H63: 2 | I63: 2 | J63: 2 | K63: 2 | L63: 2 | M63: 2 | N63: 2 | O63: 2 | P63: 2 | Q63: 2 | R63: 2 | S63: 2 | T63: 2 | U63: 0 | V63: 0 | W63: 0 | X63: 0 | Y63: 0 | Z63: 0 | AA63: 0 | AB63: 0
U64: 1
B65: Testing | C65: Kiểm tra tương tác người dùng | E65: Ly | G65: =H65+U65 -> 2 | H65: 2 | I65: 2 | J65: 2 | K65: 2 | L65: 2 | M65: 2 | N65: 2 | O65: 2 | P65: 2 | Q65: 2 | R65: 2 | S65: 2 | T65: 2 | U65: 0 | V65: 0 | W65: 0 | X65: 0 | Y65: 0 | Z65: 0 | AA65: 0 | AB65: 0
C66: Kiểm tra bảng xếp hạng, trò chuyện | E66: Thi | G66: =H66+U66 -> 2 | H66: 2 | I66: 2 | J66: 2 | K66: 2 | L66: 2 | M66: 2 | N66: 2 | O66: 2 | P66: 2 | Q66: 2 | R66: 2 | S66: 2 | T66: 2 | U66: 0 | V66: 0 | W66: 0 | X66: 0 | Y66: 0 | Z66: 0 | AA66: 0 | AB66: 0
C67: Kiểm tra gửi yêu cầu hỗ trợ | E67: Vy | G67: =H67+U68 -> 3 | H67: 2 | I67: 2 | J67: 2 | K67: 2 | L67: 2 | M67: 2 | N67: 2 | O67: 2 | P67: 2 | Q67: 2 | R67: 2 | S67: 2 | T67: 2 | U67: 0 | V67: 0 | W67: 0 | X67: 0 | Y67: 0 | Z67: 0 | AA67: 0 | AB67: 0
U68: 1
C69: Kiểm tra kiếm tiền từ nội dung | E69: Yên | G69: =H69+U69 -> 2 | H69: 2 | I69: 2 | J69: 2 | K69: 2 | L69: 2 | M69: 2 | N69: 2 | O69: 2 | P69: 2 | Q69: 2 | R69: 2 | S69: 2 | T69: 2 | U69: 0 | V69: 0 | W69: 0 | X69: 0 | Y69: 0 | Z69: 0 | AA69: 0 | AB69: 0
C70: Kiểm tra đăng ký mở cửa hàng | E70: Ly | G70: =H70+V70 -> 2 | H70: 2 | I70: 2 | J70: 2 | K70: 2 | L70: 2 | M70: 2 | N70: 2 | O70: 2 | P70: 2 | Q70: 2 | R70: 2 | S70: 2 | T70: 2 | U70: 2 | V70: 0 | W70: 0 | X70: 0 | Y70: 0 | Z70: 0 | AA70: 0 | AB70: 0
C71: Kiểm tra giỏ hàng | E71: Thi | G71: =H71+V71 -> 2 | H71: 2 | I71: 2 | J71: 2 | K71: 2 | L71: 2 | M71: 2 | N71: 2 | O71: 2 | P71: 2 | Q71: 2 | R71: 2 | S71: 2 | T71: 2 | U71: 2 | V71: 0 | W71: 0 | X71: 0 | Y71: 0 | Z71: 0 | AA71: 0 | AB71: 0
C72: Kiểm tra thanh toán | E72: Vy | G72: =H72+V72 -> 2 | H72: 2 | I72: 2 | J72: 2 | K72: 2 | L72: 2 | M72: 2 | N72: 2 | O72: 2 | P72: 2 | Q72: 2 | R72: 2 | S72: 2 | T72: 2 | U72: 2 | V72: 0 | W72: 0 | X72: 0 | Y72: 0 | Z72: 0 | AA72: 0 | AB72: 0
C73: Kiểm tra đơn hàng của tôi | E73: Yên | G73: =H73+V73 -> 2 | H73: 2 | I73: 2 | J73: 2 | K73: 2 | L73: 2 | M73: 2 | N73: 2 | O73: 2 | P73: 2 | Q73: 2 | R73: 2 | S73: 2 | T73: 2 | U73: 2 | V73: 0 | W73: 0 | X73: 0 | Y73: 0 | Z73: 0 | AA73: 0 | AB73: 0
C74: Kiểm tra đánh giá đơn hàng | E74: Cường | G74: =H74+V74 -> 2 | H74: 2 | I74: 2 | J74: 2 | K74: 2 | L74: 2 | M74: 2 | N74: 2 | O74: 2 | P74: 2 | Q74: 2 | R74: 2 | S74: 2 | T74: 2 | U74: 2 | V74: 0 | W74: 0 | X74: 0 | Y74: 0 | Z74: 0 | AA74: 0 | AB74: 0
B75: Fix bugs | C75: Sửa lỗi tương tác người dùng | E75: Yên | G75: =H75+W75 -> 2 | H75: 2 | I75: 2 | J75: 2 | K75: 2 | L75: 2 | M75: 2 | N75: 2 | O75: 2 | P75: 2 | Q75: 2 | R75: 2 | S75: 2 | T75: 2 | U75: 2 | V75: 2 | W75: 0 | X75: 0 | Y75: 0 | Z75: 0 | AA75: 0 | AB75: 0
C76: Sửa lỗi bảng xếp hạng | E76: Vy | G76: =H76+W76 -> 2 | H76: 2 | I76: 2 | J76: 2 | K76: 2 | L76: 2 | M76: 2 | N76: 2 | O76: 2 | P76: 2 | Q76: 2 | R76: 2 | S76: 2 | T76: 2 | U76: 2 | V76: 2 | W76: 0 | X76: 0 | Y76: 0 | Z76: 0 | AA76: 0 | AB76: 0
C77: Sửa lỗi trò chuyện | E77: Thi | G77: =H77+W77 -> 2 | H77: 2 | I77: 2 | J77: 2 | K77: 2 | L77: 2 | M77: 2 | N77: 2 | O77: 2 | P77: 2 | Q77: 2 | R77: 2 | S77: 2 | T77: 2 | U77: 2 | V77: 2 | W77: 0 | X77: 0 | Y77: 0 | Z77: 0 | AA77: 0 | AB77: 0
C78: Sửa lỗi gửi yêu cầu hỗ trợ | E78: Cường | G78: =H78+W78 -> 2 | H78: 2 | I78: 2 | J78: 2 | K78: 2 | L78: 2 | M78: 2 | N78: 2 | O78: 2 | P78: 2 | Q78: 2 | R78: 2 | S78: 2 | T78: 2 | U78: 2 | V78: 2 | W78: 0 | X78: 0 | Y78: 0 | Z78: 0 | AA78: 0 | AB78: 0
C79: Sửa lỗi kiếm tiền từ nội dung | E79: Ly | G79: =H79+W79 -> 2 | H79: 2 | I79: 2 | J79: 2 | K79: 2 | L79: 2 | M79: 2 | N79: 2 | O79: 2 | P79: 2 | Q79: 2 | R79: 2 | S79: 2 | T79: 2 | U79: 2 | V79: 2 | W79: 0 | X79: 0 | Y79: 0 | Z79: 0 | AA79: 0 | AB79: 0
C80: Sửa lỗi đăng ký mở cửa hàng | E80: Yên | G80: =H80+X80 -> 2 | H80: 2 | I80: 2 | J80: 2 | K80: 2 | L80: 2 | M80: 2 | N80: 2 | O80: 2 | P80: 2 | Q80: 2 | R80: 2 | S80: 2 | T80: 2 | U80: 2 | V80: 2 | W80: 2 | X80: 0 | Y80: 0 | Z80: 0 | AA80: 0 | AB80: 0
C81: Sửa lỗi giỏ hàng | E81: Vy | G81: =H81+X81 -> 2 | H81: 2 | I81: 2 | J81: 2 | K81: 2 | L81: 2 | M81: 2 | N81: 2 | O81: 2 | P81: 2 | Q81: 2 | R81: 2 | S81: 2 | T81: 2 | U81: 2 | V81: 2 | W81: 2 | X81: 0 | Y81: 0 | Z81: 0 | AA81: 0 | AB81: 0
C82: Sửa lỗi thanh toán | E82: Thi | G82: =H82+X82 -> 2 | H82: 2 | I82: 2 | J82: 2 | K82: 2 | L82: 2 | M82: 2 | N82: 2 | O82: 2 | P82: 2 | Q82: 2 | R82: 2 | S82: 2 | T82: 2 | U82: 2 | V82: 2 | W82: 2 | X82: 0 | Y82: 0 | Z82: 0 | AA82: 0 | AB82: 0
C83: Sửa lỗi đơn hàng của tôi | E83: Cường | G83: =H83+X83 -> 2 | H83: 2 | I83: 2 | J83: 2 | K83: 2 | L83: 2 | M83: 2 | N83: 2 | O83: 2 | P83: 2 | Q83: 2 | R83: 2 | S83: 2 | T83: 2 | U83: 2 | V83: 2 | W83: 2 | X83: 0 | Y83: 0 | Z83: 0 | AA83: 0 | AB83: 0
C84: Sửa lỗi đánh giá đơn hàng | E84: Ly | G84: =H84+X84 -> 2 | H84: 2 | I84: 2 | J84: 2 | K84: 2 | L84: 2 | M84: 2 | N84: 2 | O84: 2 | P84: 2 | Q84: 2 | R84: 2 | S84: 2 | T84: 2 | U84: 2 | V84: 2 | W84: 2 | X84: 0 | Y84: 0 | Z84: 0 | AA84: 0 | AB84: 0
B85: Re-testing | C85: Kiểm tra lại tương tác người dùng | E85: Ly | G85: =H85+Y85 -> 2 | H85: 2 | I85: 2 | J85: 2 | K85: 2 | L85: 2 | M85: 2 | N85: 2 | O85: 2 | P85: 2 | Q85: 2 | R85: 2 | S85: 2 | T85: 2 | U85: 2 | V85: 2 | W85: 2 | X85: 2 | Y85: 0 | Z85: 0 | AA85: 0 | AB85: 0
C86: Kiểm tra lại bảng xếp hạng | E86: Thi | G86: =H86+Y86 -> 2 | H86: 2 | I86: 2 | J86: 2 | K86: 2 | L86: 2 | M86: 2 | N86: 2 | O86: 2 | P86: 2 | Q86: 2 | R86: 2 | S86: 2 | T86: 2 | U86: 2 | V86: 2 | W86: 2 | X86: 2 | Y86: 0 | Z86: 0 | AA86: 0 | AB86: 0
C87: Kiểm tra lại trò chuyện | E87: Vy | G87: =H87+Y87 -> 2 | H87: 2 | I87: 2 | J87: 2 | K87: 2 | L87: 2 | M87: 2 | N87: 2 | O87: 2 | P87: 2 | Q87: 2 | R87: 2 | S87: 2 | T87: 2 | U87: 2 | V87: 2 | W87: 2 | X87: 2 | Y87: 0 | Z87: 0 | AA87: 0 | AB87: 0
C88: Kiểm tra lại gửi yêu cầu hỗ trợ | E88: Yên | G88: =H88+Y88 -> 2 | H88: 2 | I88: 2 | J88: 2 | K88: 2 | L88: 2 | M88: 2 | N88: 2 | O88: 2 | P88: 2 | Q88: 2 | R88: 2 | S88: 2 | T88: 2 | U88: 2 | V88: 2 | W88: 2 | X88: 2 | Y88: 0 | Z88: 0 | AA88: 0 | AB88: 0
C89: Kiểm tra lại kiếm tiền từ nội dung | E89: Cường | G89: =H89+Y89 -> 2 | H89: 2 | I89: 2 | J89: 2 | K89: 2 | L89: 2 | M89: 2 | N89: 2 | O89: 2 | P89: 2 | Q89: 2 | R89: 2 | S89: 2 | T89: 2 | U89: 2 | V89: 2 | W89: 2 | X89: 2 | Y89: 0 | Z89: 0 | AA89: 0 | AB89: 0
C90: Kiểm tra lại đăng ký mở cửa hàng | E90: Ly | G90: =H90+Z90 -> 2 | H90: 2 | I90: 2 | J90: 2 | K90: 2 | L90: 2 | M90: 2 | N90: 2 | O90: 2 | P90: 2 | Q90: 2 | R90: 2 | S90: 2 | T90: 2 | U90: 2 | V90: 2 | W90: 2 | X90: 2 | Y90: 2 | Z90: 0 | AA90: 0 | AB90: 0
C91: Kiểm tra lại giỏ hàng | E91: Thi | G91: =H91+Z91 -> 2 | H91: 2 | I91: 2 | J91: 2 | K91: 2 | L91: 2 | M91: 2 | N91: 2 | O91: 2 | P91: 2 | Q91: 2 | R91: 2 | S91: 2 | T91: 2 | U91: 2 | V91: 2 | W91: 2 | X91: 2 | Y91: 2 | Z91: 0 | AA91: 0 | AB91: 0
C92: Kiểm tra lại thanh toán | E92: Vy | G92: =H92+Z92 -> 2 | H92: 2 | I92: 2 | J92: 2 | K92: 2 | L92: 2 | M92: 2 | N92: 2 | O92: 2 | P92: 2 | Q92: 2 | R92: 2 | S92: 2 | T92: 2 | U92: 2 | V92: 2 | W92: 2 | X92: 2 | Y92: 2 | Z92: 0 | AA92: 0 | AB92: 0
C93: Kiểm tra lại đơn hàng của tôi | E93: Yên | G93: =H93+Z93 -> 2 | H93: 2 | I93: 2 | J93: 2 | K93: 2 | L93: 2 | M93: 2 | N93: 2 | O93: 2 | P93: 2 | Q93: 2 | R93: 2 | S93: 2 | T93: 2 | U93: 2 | V93: 2 | W93: 2 | X93: 2 | Y93: 2 | Z93: 0 | AA93: 0 | AB93: 0
C94: Kiểm tra lại đánh giá đơn hàng | E94: Cường | G94: =H94+Z94 -> 2 | H94: 2 | I94: 2 | J94: 2 | K94: 2 | L94: 2 | M94: 2 | N94: 2 | O94: 2 | P94: 2 | Q94: 2 | R94: 2 | S94: 2 | T94: 2 | U94: 2 | V94: 2 | W94: 2 | X94: 2 | Y94: 2 | Z94: 0 | AA94: 0 | AB94: 0
B95: Release Sprint 3 | C95: Sprint 3 review meeting | E95: All team | G95: =H95+AA95 -> 10 | H95: 10 | I95: 10 | J95: 10 | K95: 10 | L95: 10 | M95: 10 | N95: 10 | O95: 10 | P95: 10 | Q95: 10 | R95: 10 | S95: 10 | T95: 10 | U95: 10 | V95: 10 | W95: 10 | X95: 10 | Y95: 10 | Z95: 10 | AA95: 0 | AB95: 0
C96: Sprint 3 retrospective | E96: All team | G96: =H96+AA96 -> 20 | H96: 10 | I96: 10 | J96: 10 | K96: 10 | L96: 10 | M96: 10 | N96: 10 | O96: 10 | P96: 10 | Q96: 10 | R96: 10 | S96: 10 | T96: 10 | U96: 10 | V96: 10 | W96: 10 | X96: 10 | Y96: 10 | Z96: 10 | AA96: 10 | AB96: 0
B97: Tổng | E97: Thực tế | G97: =SUM(G16:G96) -> 212 | I97: =SUM(I16:I96) -> 190 | J97: =SUM(J16:J96) -> 180 | K97: =SUM(K16:K96) -> 170 | L97: =SUM(L16:L96) -> 160 | M97: =SUM(M16:M96) -> 150 | N97: =SUM(N16:N96) -> 140 | O97: =SUM(O16:O96)+O41 -> 130 | P97: =SUM(P16:P96)+P41 -> 118 | Q97: =SUM(Q16:Q96) -> 110 | R97: =SUM(R16:R96) -> 100 | S97: =SUM(S16:S96) -> 90 | T97: =SUM(T16:T96)+T60 -> 82 | U97: =SUM(U16:U96)+U64+U68 -> 74 | V97: =SUM(V16:V96) -> 60 | W97: =SUM(W16:W96) -> 50 | X97: =SUM(X16:X96) -> 40 | Y97: =SUM(Y16:Y96) -> 30 | Z97: =SUM(Z16:Z96) -> 20 | AA97: =SUM(AA16:AA96) -> 10 | AB97: =SUM(AB16:AB96) -> 0
E98: Ước tính | G98: =SUM(H16:H96) -> 200 | I98: =SUM(I16:I96) -> 190 | J98: =SUM(J16:J96) -> 180 | K98: =SUM(K16:K96) -> 170 | L98: =SUM(L16:L96) -> 160 | M98: =SUM(M16:M96) -> 150 | N98: =SUM(N16:N96) -> 140 | O98: =SUM(O16:O96) -> 130 | P98: =SUM(P16:P96) -> 119 | ... AB98: =SUM(AB16:AB96) -> 0

Sheet Total
A2: SPRINT BACKLOG REPORT
B3: Cường | D3: Ly | F3: Thi | H3: Vy | J3: Yên
B4: Thực tế | C4: Ước tính | D4: Thực tế | E4: Ước tính | F4: Thực tế | G4: Ước tính | H4: Thực tế | I4: Ước tính | J4: Thực tế | K4: Ước tính
A5: Sprint 1 | B5: =Sprint1!D8 -> 25.8 | C5: =Sprint1!E8 -> 26 | D5: =Sprint1!D9 -> 25.8 | E5: =Sprint1!E9 -> 26 | F5: =Sprint1!D10 -> 28.8 | G5: =Sprint1!E10 -> 28 | H5: =Sprint1!D11 -> 29.8 | I5: =Sprint1!E11 -> 28 | J5: =Sprint1!D12 -> 26.8 | K5: =Sprint1!E12 -> 26
A6: Sprint 2 | B6: =Sprint2!D8 -> 39.8 | C6: =Sprint2!E8 -> 40 | D6: =Sprint2!D9 -> 42.8 | E6: =Sprint2!E9 -> 40 | F6: =Sprint2!D10 -> 38.8 | G6: =Sprint2!E10 -> 40 | H6: =Sprint2!D11 -> 39.8 | I6: =Sprint2!E11 -> 40 | J6: =Sprint2!D12 -> 41.8 | K6: =Sprint2!E12 -> 40
A7: Sprint 3 | B7: =Sprint3!D8 -> 42.8 | C7: =Sprint3!E8 -> 40 | D7: =Sprint3!D9 -> 41.8 | E7: =Sprint3!E9 -> 40 | F7: =Sprint3!D10 -> 42.8 | G7: =Sprint3!E10 -> 40 | H7: =Sprint3!D11 -> 42.8 | I7: =Sprint3!E11 -> 40 | J7: =Sprint3!D12 -> 41.8 | K7: =Sprint3!E12 -> 40
A8: Tổng | B8: =SUM(B5:B7) -> 108.4 | C8: =SUM(C5:C7) -> 106 | D8: =SUM(D5:D7) -> 110.4 | E8: =SUM(E5:E7) -> 106 | F8: =SUM(F5:F7) -> 110.4 | G8: =SUM(G5:G7) -> 108 | H8: =SUM(H5:H7) -> 112.4 | I8: =SUM(I5:I7) -> 108 | ... K8: =SUM(K5:K7) -> 106
E11: FINAL TOTAL
E12: Thực tế | F12: =SUMIF(B4:K4,"Thực Tế",B8:K8) -> 552
E13: Ước tính | F13: =SUMIF(B4:K4,"Ước tính",B8:K8) -> 534
